amplitude_pct,observe_s,statistic,class,scenario,threshold,fpr,tpr
0.25,30,error,recoil-macro,spray,inf,0,0
0.25,30,error,recoil-macro,spray,0,0,0
0.25,30,error,recoil-macro,spray,-inf,1,1
0.25,30,error,flick-aimbot,flick,inf,0,0
0.25,30,error,flick-aimbot,flick,7.479627007933089,0,1
0.25,30,error,flick-aimbot,flick,6.970045314659286,0.0002,1
0.25,30,error,flick-aimbot,flick,6.720649827628322,0.0004,1
0.25,30,error,flick-aimbot,flick,6.3797178151877345,0.0006,1
0.25,30,error,flick-aimbot,flick,5.753536240307983,0.0008,1
0.25,30,error,flick-aimbot,flick,5.351963700712307,0.001,1
0.25,30,error,flick-aimbot,flick,5.101386259696313,0.0012,1
0.25,30,error,flick-aimbot,flick,4.8762678988207595,0.0014,1
0.25,30,error,flick-aimbot,flick,4.855565266178674,0.0016,1
0.25,30,error,flick-aimbot,flick,4.799192408508363,0.0018,1
0.25,30,error,flick-aimbot,flick,4.26997114865226,0.002,1
0.25,30,error,flick-aimbot,flick,4.2249953868824965,0.0022,1
0.25,30,error,flick-aimbot,flick,4.061599705496981,0.0024,1
0.25,30,error,flick-aimbot,flick,3.9768240867865523,0.0026,1
0.25,30,error,flick-aimbot,flick,3.8867614542678095,0.0028,1
0.25,30,error,flick-aimbot,flick,3.8386771902314107,0.003,1
0.25,30,error,flick-aimbot,flick,3.810676422329208,0.0032,1
0.25,30,error,flick-aimbot,flick,3.760502296090759,0.0034,1
0.25,30,error,flick-aimbot,flick,3.73323244169983,0.0036,1
0.25,30,error,flick-aimbot,flick,3.692757331849716,0.0038,1
0.25,30,error,flick-aimbot,flick,3.547512869802902,0.004,1
0.25,30,error,flick-aimbot,flick,3.5350557325039924,0.0042,1
0.25,30,error,flick-aimbot,flick,3.439409324739326,0.0044,1
0.25,30,error,flick-aimbot,flick,3.205423722006179,0.0046,1
0.25,30,error,flick-aimbot,flick,3.0967351553788927,0.0048,1
0.25,30,error,flick-aimbot,flick,3.0692481470357245,0.005,1
0.25,30,error,flick-aimbot,flick,3.063108554675882,0.0052,1
0.25,30,error,flick-aimbot,flick,3.0540964188806603,0.0054,1
0.25,30,error,flick-aimbot,flick,2.9766947659073644,0.0056,1
0.25,30,error,flick-aimbot,flick,2.9532897104457363,0.0058,1
0.25,30,error,flick-aimbot,flick,2.922378982207435,0.006,1
0.25,30,error,flick-aimbot,flick,2.901338824479655,0.0062,1
0.25,30,error,flick-aimbot,flick,2.8492788594693312,0.0064,1
0.25,30,error,flick-aimbot,flick,2.8156937775287014,0.0066,1
0.25,30,error,flick-aimbot,flick,2.7742364999199025,0.0068,1
0.25,30,error,flick-aimbot,flick,2.7705656848789357,0.007,1
0.25,30,error,flick-aimbot,flick,2.753024937026046,0.0072,1
0.25,30,error,flick-aimbot,flick,2.7437895332626128,0.0074,1
0.25,30,error,flick-aimbot,flick,2.7078527433032,0.0076,1
0.25,30,error,flick-aimbot,flick,2.7009365485268795,0.0078,1
0.25,30,error,flick-aimbot,flick,2.6819372538403177,0.008,1
0.25,30,error,flick-aimbot,flick,2.669651459743897,0.0082,1
0.25,30,error,flick-aimbot,flick,2.62012610073319,0.0084,1
0.25,30,error,flick-aimbot,flick,2.5963227035830556,0.0086,1
0.25,30,error,flick-aimbot,flick,2.5842408816364015,0.0088,1
0.25,30,error,flick-aimbot,flick,2.5715517050086536,0.009,1
0.25,30,error,flick-aimbot,flick,2.570961826355674,0.0092,1
0.25,30,error,flick-aimbot,flick,2.5634366122473575,0.0094,1
0.25,30,error,flick-aimbot,flick,2.550276621406802,0.0096,1
0.25,30,error,flick-aimbot,flick,2.540310541926261,0.0098,1
0.25,30,error,flick-aimbot,flick,2.520317209777945,0.01,1
0.25,30,error,flick-aimbot,flick,2.507423268939629,0.0102,1
0.25,30,error,flick-aimbot,flick,1.5292679523301356,0.0302,1
0.25,30,error,flick-aimbot,flick,1.139785678813946,0.0502,1
0.25,30,error,flick-aimbot,flick,0.8899691071578615,0.0704,1
0.25,30,error,flick-aimbot,flick,0.7250149302564982,0.0906,1
0.25,30,error,flick-aimbot,flick,0.5876235564749429,0.1106,1
0.25,30,error,flick-aimbot,flick,0.4774878463039515,0.1308,1
0.25,30,error,flick-aimbot,flick,0.3837841600375128,0.151,1
0.25,30,error,flick-aimbot,flick,0.30319224234067765,0.171,1
0.25,30,error,flick-aimbot,flick,0.2416302675209585,0.1912,1
0.25,30,error,flick-aimbot,flick,0.19556053112064956,0.2114,1
0.25,30,error,flick-aimbot,flick,0.14293636228605827,0.2316,1
0.25,30,error,flick-aimbot,flick,0.1070251541570039,0.2518,1
0.25,30,error,flick-aimbot,flick,0.07715092986954278,0.272,1
0.25,30,error,flick-aimbot,flick,0.05418884729201788,0.2922,1
0.25,30,error,flick-aimbot,flick,0.03429062309600365,0.3124,1
0.25,30,error,flick-aimbot,flick,0.018632573885192332,0.3326,1
0.25,30,error,flick-aimbot,flick,0.008470637512183472,0.3526,1
0.25,30,error,flick-aimbot,flick,0.0025764125071837244,0.3728,1
0.25,30,error,flick-aimbot,flick,0.000024261774298555852,0.393,1
0.25,30,error,flick-aimbot,flick,-0.0018846936843890298,0.4132,1
0.25,30,error,flick-aimbot,flick,-0.006653541619628169,0.4334,1
0.25,30,error,flick-aimbot,flick,-0.01531686012239547,0.4534,1
0.25,30,error,flick-aimbot,flick,-0.0268100208056547,0.4736,1
0.25,30,error,flick-aimbot,flick,-0.03968139627292942,0.4938,1
0.25,30,error,flick-aimbot,flick,-0.05621651748434702,0.5138,1
0.25,30,error,flick-aimbot,flick,-0.07335761682492821,0.5338,1
0.25,30,error,flick-aimbot,flick,-0.0969754468655259,0.554,1
0.25,30,error,flick-aimbot,flick,-0.1222082164728168,0.5742,1
0.25,30,error,flick-aimbot,flick,-0.15428042256438407,0.5944,1
0.25,30,error,flick-aimbot,flick,-0.19111795955328087,0.6146,1
0.25,30,error,flick-aimbot,flick,-0.23871426276744317,0.6346,1
0.25,30,error,flick-aimbot,flick,-0.285794273587948,0.6548,1
0.25,30,error,flick-aimbot,flick,-0.331124822405791,0.675,1
0.25,30,error,flick-aimbot,flick,-0.3897819086029761,0.6952,1
0.25,30,error,flick-aimbot,flick,-0.4461047262432485,0.7154,1
0.25,30,error,flick-aimbot,flick,-0.5204291370612191,0.7354,1
0.25,30,error,flick-aimbot,flick,-0.5878334044439965,0.7556,1
0.25,30,error,flick-aimbot,flick,-0.6725784199788206,0.7758,1
0.25,30,error,flick-aimbot,flick,-0.772716754875412,0.796,1
0.25,30,error,flick-aimbot,flick,-0.8686376997064614,0.8162,1
0.25,30,error,flick-aimbot,flick,-0.973537837110633,0.8362,1
0.25,30,error,flick-aimbot,flick,-1.0927076500244268,0.8564,1
0.25,30,error,flick-aimbot,flick,-1.2515130052166503,0.8766,1
0.25,30,error,flick-aimbot,flick,-1.479606030476327,0.8968,1
0.25,30,error,flick-aimbot,flick,-1.7137059220030832,0.917,1
0.25,30,error,flick-aimbot,flick,-2.06851859483533,0.937,1
0.25,30,error,flick-aimbot,flick,-2.4658055977634037,0.9572,1
0.25,30,error,flick-aimbot,flick,-3.3408083704048392,0.9774,1
0.25,30,error,flick-aimbot,flick,-5.744927427816279,0.9976,1
0.25,30,error,flick-aimbot,flick,-inf,1,1
0.25,30,error,humanised-aimbot,flick,inf,0,0
0.25,30,error,humanised-aimbot,flick,7.479627007933089,0,0.004
0.25,30,error,humanised-aimbot,flick,6.970045314659286,0.0002,0.004
0.25,30,error,humanised-aimbot,flick,6.720649827628322,0.0004,0.004
0.25,30,error,humanised-aimbot,flick,6.3797178151877345,0.0006,0.004
0.25,30,error,humanised-aimbot,flick,5.753536240307983,0.0008,0.004
0.25,30,error,humanised-aimbot,flick,5.351963700712307,0.001,0.012
0.25,30,error,humanised-aimbot,flick,5.101386259696313,0.0012,0.016
0.25,30,error,humanised-aimbot,flick,4.8762678988207595,0.0014,0.022
0.25,30,error,humanised-aimbot,flick,4.855565266178674,0.0016,0.024
0.25,30,error,humanised-aimbot,flick,4.799192408508363,0.0018,0.024
0.25,30,error,humanised-aimbot,flick,4.26997114865226,0.002,0.036
0.25,30,error,humanised-aimbot,flick,4.2249953868824965,0.0022,0.036
0.25,30,error,humanised-aimbot,flick,4.061599705496981,0.0024,0.038
0.25,30,error,humanised-aimbot,flick,3.9768240867865523,0.0026,0.042
0.25,30,error,humanised-aimbot,flick,3.8867614542678095,0.0028,0.05
0.25,30,error,humanised-aimbot,flick,3.8386771902314107,0.003,0.05
0.25,30,error,humanised-aimbot,flick,3.810676422329208,0.0032,0.052
0.25,30,error,humanised-aimbot,flick,3.760502296090759,0.0034,0.052
0.25,30,error,humanised-aimbot,flick,3.73323244169983,0.0036,0.052
0.25,30,error,humanised-aimbot,flick,3.692757331849716,0.0038,0.054
0.25,30,error,humanised-aimbot,flick,3.547512869802902,0.004,0.068
0.25,30,error,humanised-aimbot,flick,3.5350557325039924,0.0042,0.068
0.25,30,error,humanised-aimbot,flick,3.439409324739326,0.0044,0.07
0.25,30,error,humanised-aimbot,flick,3.205423722006179,0.0046,0.078
0.25,30,error,humanised-aimbot,flick,3.0967351553788927,0.0048,0.082
0.25,30,error,humanised-aimbot,flick,3.0692481470357245,0.005,0.082
0.25,30,error,humanised-aimbot,flick,3.063108554675882,0.0052,0.082
0.25,30,error,humanised-aimbot,flick,3.0540964188806603,0.0054,0.082
0.25,30,error,humanised-aimbot,flick,2.9766947659073644,0.0056,0.086
0.25,30,error,humanised-aimbot,flick,2.9532897104457363,0.0058,0.086
0.25,30,error,humanised-aimbot,flick,2.922378982207435,0.006,0.086
0.25,30,error,humanised-aimbot,flick,2.901338824479655,0.0062,0.086
0.25,30,error,humanised-aimbot,flick,2.8492788594693312,0.0064,0.09
0.25,30,error,humanised-aimbot,flick,2.8156937775287014,0.0066,0.092
0.25,30,error,humanised-aimbot,flick,2.7742364999199025,0.0068,0.098
0.25,30,error,humanised-aimbot,flick,2.7705656848789357,0.007,0.098
0.25,30,error,humanised-aimbot,flick,2.753024937026046,0.0072,0.1
0.25,30,error,humanised-aimbot,flick,2.7437895332626128,0.0074,0.1
0.25,30,error,humanised-aimbot,flick,2.7078527433032,0.0076,0.102
0.25,30,error,humanised-aimbot,flick,2.7009365485268795,0.0078,0.102
0.25,30,error,humanised-aimbot,flick,2.6819372538403177,0.008,0.104
0.25,30,error,humanised-aimbot,flick,2.669651459743897,0.0082,0.104
0.25,30,error,humanised-aimbot,flick,2.62012610073319,0.0084,0.112
0.25,30,error,humanised-aimbot,flick,2.5963227035830556,0.0086,0.112
0.25,30,error,humanised-aimbot,flick,2.5842408816364015,0.0088,0.116
0.25,30,error,humanised-aimbot,flick,2.5715517050086536,0.009,0.116
0.25,30,error,humanised-aimbot,flick,2.570961826355674,0.0092,0.116
0.25,30,error,humanised-aimbot,flick,2.5634366122473575,0.0094,0.116
0.25,30,error,humanised-aimbot,flick,2.550276621406802,0.0096,0.116
0.25,30,error,humanised-aimbot,flick,2.540310541926261,0.0098,0.118
0.25,30,error,humanised-aimbot,flick,2.520317209777945,0.01,0.12
0.25,30,error,humanised-aimbot,flick,2.507423268939629,0.0102,0.124
0.25,30,error,humanised-aimbot,flick,1.5292679523301356,0.0302,0.256
0.25,30,error,humanised-aimbot,flick,1.139785678813946,0.0502,0.326
0.25,30,error,humanised-aimbot,flick,0.8899691071578615,0.0704,0.39
0.25,30,error,humanised-aimbot,flick,0.7250149302564982,0.0906,0.434
0.25,30,error,humanised-aimbot,flick,0.5876235564749429,0.1106,0.498
0.25,30,error,humanised-aimbot,flick,0.4774878463039515,0.1308,0.532
0.25,30,error,humanised-aimbot,flick,0.3837841600375128,0.151,0.576
0.25,30,error,humanised-aimbot,flick,0.30319224234067765,0.171,0.604
0.25,30,error,humanised-aimbot,flick,0.2416302675209585,0.1912,0.638
0.25,30,error,humanised-aimbot,flick,0.19556053112064956,0.2114,0.658
0.25,30,error,humanised-aimbot,flick,0.14293636228605827,0.2316,0.698
0.25,30,error,humanised-aimbot,flick,0.1070251541570039,0.2518,0.726
0.25,30,error,humanised-aimbot,flick,0.07715092986954278,0.272,0.744
0.25,30,error,humanised-aimbot,flick,0.05418884729201788,0.2922,0.776
0.25,30,error,humanised-aimbot,flick,0.03429062309600365,0.3124,0.802
0.25,30,error,humanised-aimbot,flick,0.018632573885192332,0.3326,0.814
0.25,30,error,humanised-aimbot,flick,0.008470637512183472,0.3526,0.834
0.25,30,error,humanised-aimbot,flick,0.0025764125071837244,0.3728,0.848
0.25,30,error,humanised-aimbot,flick,0.000024261774298555852,0.393,0.87
0.25,30,error,humanised-aimbot,flick,-0.0018846936843890298,0.4132,0.876
0.25,30,error,humanised-aimbot,flick,-0.006653541619628169,0.4334,0.88
0.25,30,error,humanised-aimbot,flick,-0.01531686012239547,0.4534,0.89
0.25,30,error,humanised-aimbot,flick,-0.0268100208056547,0.4736,0.904
0.25,30,error,humanised-aimbot,flick,-0.03968139627292942,0.4938,0.91
0.25,30,error,humanised-aimbot,flick,-0.05621651748434702,0.5138,0.916
0.25,30,error,humanised-aimbot,flick,-0.07335761682492821,0.5338,0.928
0.25,30,error,humanised-aimbot,flick,-0.0969754468655259,0.554,0.932
0.25,30,error,humanised-aimbot,flick,-0.1222082164728168,0.5742,0.936
0.25,30,error,humanised-aimbot,flick,-0.15428042256438407,0.5944,0.944
0.25,30,error,humanised-aimbot,flick,-0.19111795955328087,0.6146,0.95
0.25,30,error,humanised-aimbot,flick,-0.23871426276744317,0.6346,0.956
0.25,30,error,humanised-aimbot,flick,-0.285794273587948,0.6548,0.958
0.25,30,error,humanised-aimbot,flick,-0.331124822405791,0.675,0.96
0.25,30,error,humanised-aimbot,flick,-0.3897819086029761,0.6952,0.964
0.25,30,error,humanised-aimbot,flick,-0.4461047262432485,0.7154,0.966
0.25,30,error,humanised-aimbot,flick,-0.5204291370612191,0.7354,0.972
0.25,30,error,humanised-aimbot,flick,-0.5878334044439965,0.7556,0.974
0.25,30,error,humanised-aimbot,flick,-0.6725784199788206,0.7758,0.984
0.25,30,error,humanised-aimbot,flick,-0.772716754875412,0.796,0.986
0.25,30,error,humanised-aimbot,flick,-0.8686376997064614,0.8162,0.986
0.25,30,error,humanised-aimbot,flick,-0.973537837110633,0.8362,0.99
0.25,30,error,humanised-aimbot,flick,-1.0927076500244268,0.8564,0.99
0.25,30,error,humanised-aimbot,flick,-1.2515130052166503,0.8766,0.992
0.25,30,error,humanised-aimbot,flick,-1.479606030476327,0.8968,0.994
0.25,30,error,humanised-aimbot,flick,-1.7137059220030832,0.917,0.996
0.25,30,error,humanised-aimbot,flick,-2.06851859483533,0.937,0.996
0.25,30,error,humanised-aimbot,flick,-2.4658055977634037,0.9572,0.998
0.25,30,error,humanised-aimbot,flick,-3.3408083704048392,0.9774,1
0.25,30,error,humanised-aimbot,flick,-5.744927427816279,0.9976,1
0.25,30,error,humanised-aimbot,flick,-inf,1,1
0.25,30,error,adaptive-aimbot,flick,inf,0,0
0.25,30,error,adaptive-aimbot,flick,7.479627007933089,0,0.978
0.25,30,error,adaptive-aimbot,flick,6.970045314659286,0.0002,0.988
0.25,30,error,adaptive-aimbot,flick,6.720649827628322,0.0004,0.99
0.25,30,error,adaptive-aimbot,flick,6.3797178151877345,0.0006,0.99
0.25,30,error,adaptive-aimbot,flick,5.753536240307983,0.0008,0.992
0.25,30,error,adaptive-aimbot,flick,5.351963700712307,0.001,0.992
0.25,30,error,adaptive-aimbot,flick,5.101386259696313,0.0012,0.992
0.25,30,error,adaptive-aimbot,flick,4.8762678988207595,0.0014,0.994
0.25,30,error,adaptive-aimbot,flick,4.855565266178674,0.0016,0.994
0.25,30,error,adaptive-aimbot,flick,4.799192408508363,0.0018,0.994
0.25,30,error,adaptive-aimbot,flick,4.26997114865226,0.002,0.996
0.25,30,error,adaptive-aimbot,flick,4.2249953868824965,0.0022,0.996
0.25,30,error,adaptive-aimbot,flick,4.061599705496981,0.0024,0.996
0.25,30,error,adaptive-aimbot,flick,3.9768240867865523,0.0026,0.996
0.25,30,error,adaptive-aimbot,flick,3.8867614542678095,0.0028,0.996
0.25,30,error,adaptive-aimbot,flick,3.8386771902314107,0.003,0.996
0.25,30,error,adaptive-aimbot,flick,3.810676422329208,0.0032,0.996
0.25,30,error,adaptive-aimbot,flick,3.760502296090759,0.0034,0.996
0.25,30,error,adaptive-aimbot,flick,3.73323244169983,0.0036,0.996
0.25,30,error,adaptive-aimbot,flick,3.692757331849716,0.0038,0.996
0.25,30,error,adaptive-aimbot,flick,3.547512869802902,0.004,0.998
0.25,30,error,adaptive-aimbot,flick,3.5350557325039924,0.0042,0.998
0.25,30,error,adaptive-aimbot,flick,3.439409324739326,0.0044,0.998
0.25,30,error,adaptive-aimbot,flick,3.205423722006179,0.0046,0.998
0.25,30,error,adaptive-aimbot,flick,3.0967351553788927,0.0048,0.998
0.25,30,error,adaptive-aimbot,flick,3.0692481470357245,0.005,0.998
0.25,30,error,adaptive-aimbot,flick,3.063108554675882,0.0052,0.998
0.25,30,error,adaptive-aimbot,flick,3.0540964188806603,0.0054,0.998
0.25,30,error,adaptive-aimbot,flick,2.9766947659073644,0.0056,0.998
0.25,30,error,adaptive-aimbot,flick,2.9532897104457363,0.0058,0.998
0.25,30,error,adaptive-aimbot,flick,2.922378982207435,0.006,0.998
0.25,30,error,adaptive-aimbot,flick,2.901338824479655,0.0062,0.998
0.25,30,error,adaptive-aimbot,flick,2.8492788594693312,0.0064,0.998
0.25,30,error,adaptive-aimbot,flick,2.8156937775287014,0.0066,0.998
0.25,30,error,adaptive-aimbot,flick,2.7742364999199025,0.0068,0.998
0.25,30,error,adaptive-aimbot,flick,2.7705656848789357,0.007,0.998
0.25,30,error,adaptive-aimbot,flick,2.753024937026046,0.0072,0.998
0.25,30,error,adaptive-aimbot,flick,2.7437895332626128,0.0074,0.998
0.25,30,error,adaptive-aimbot,flick,2.7078527433032,0.0076,0.998
0.25,30,error,adaptive-aimbot,flick,2.7009365485268795,0.0078,0.998
0.25,30,error,adaptive-aimbot,flick,2.6819372538403177,0.008,0.998
0.25,30,error,adaptive-aimbot,flick,2.669651459743897,0.0082,0.998
0.25,30,error,adaptive-aimbot,flick,2.62012610073319,0.0084,0.998
0.25,30,error,adaptive-aimbot,flick,2.5963227035830556,0.0086,0.998
0.25,30,error,adaptive-aimbot,flick,2.5842408816364015,0.0088,0.998
0.25,30,error,adaptive-aimbot,flick,2.5715517050086536,0.009,0.998
0.25,30,error,adaptive-aimbot,flick,2.570961826355674,0.0092,0.998
0.25,30,error,adaptive-aimbot,flick,2.5634366122473575,0.0094,0.998
0.25,30,error,adaptive-aimbot,flick,2.550276621406802,0.0096,0.998
0.25,30,error,adaptive-aimbot,flick,2.540310541926261,0.0098,0.998
0.25,30,error,adaptive-aimbot,flick,2.520317209777945,0.01,0.998
0.25,30,error,adaptive-aimbot,flick,2.507423268939629,0.0102,0.998
0.25,30,error,adaptive-aimbot,flick,1.5292679523301356,0.0302,0.998
0.25,30,error,adaptive-aimbot,flick,1.139785678813946,0.0502,1
0.25,30,error,adaptive-aimbot,flick,0.8899691071578615,0.0704,1
0.25,30,error,adaptive-aimbot,flick,0.7250149302564982,0.0906,1
0.25,30,error,adaptive-aimbot,flick,0.5876235564749429,0.1106,1
0.25,30,error,adaptive-aimbot,flick,0.4774878463039515,0.1308,1
0.25,30,error,adaptive-aimbot,flick,0.3837841600375128,0.151,1
0.25,30,error,adaptive-aimbot,flick,0.30319224234067765,0.171,1
0.25,30,error,adaptive-aimbot,flick,0.2416302675209585,0.1912,1
0.25,30,error,adaptive-aimbot,flick,0.19556053112064956,0.2114,1
0.25,30,error,adaptive-aimbot,flick,0.14293636228605827,0.2316,1
0.25,30,error,adaptive-aimbot,flick,0.1070251541570039,0.2518,1
0.25,30,error,adaptive-aimbot,flick,0.07715092986954278,0.272,1
0.25,30,error,adaptive-aimbot,flick,0.05418884729201788,0.2922,1
0.25,30,error,adaptive-aimbot,flick,0.03429062309600365,0.3124,1
0.25,30,error,adaptive-aimbot,flick,0.018632573885192332,0.3326,1
0.25,30,error,adaptive-aimbot,flick,0.008470637512183472,0.3526,1
0.25,30,error,adaptive-aimbot,flick,0.0025764125071837244,0.3728,1
0.25,30,error,adaptive-aimbot,flick,0.000024261774298555852,0.393,1
0.25,30,error,adaptive-aimbot,flick,-0.0018846936843890298,0.4132,1
0.25,30,error,adaptive-aimbot,flick,-0.006653541619628169,0.4334,1
0.25,30,error,adaptive-aimbot,flick,-0.01531686012239547,0.4534,1
0.25,30,error,adaptive-aimbot,flick,-0.0268100208056547,0.4736,1
0.25,30,error,adaptive-aimbot,flick,-0.03968139627292942,0.4938,1
0.25,30,error,adaptive-aimbot,flick,-0.05621651748434702,0.5138,1
0.25,30,error,adaptive-aimbot,flick,-0.07335761682492821,0.5338,1
0.25,30,error,adaptive-aimbot,flick,-0.0969754468655259,0.554,1
0.25,30,error,adaptive-aimbot,flick,-0.1222082164728168,0.5742,1
0.25,30,error,adaptive-aimbot,flick,-0.15428042256438407,0.5944,1
0.25,30,error,adaptive-aimbot,flick,-0.19111795955328087,0.6146,1
0.25,30,error,adaptive-aimbot,flick,-0.23871426276744317,0.6346,1
0.25,30,error,adaptive-aimbot,flick,-0.285794273587948,0.6548,1
0.25,30,error,adaptive-aimbot,flick,-0.331124822405791,0.675,1
0.25,30,error,adaptive-aimbot,flick,-0.3897819086029761,0.6952,1
0.25,30,error,adaptive-aimbot,flick,-0.4461047262432485,0.7154,1
0.25,30,error,adaptive-aimbot,flick,-0.5204291370612191,0.7354,1
0.25,30,error,adaptive-aimbot,flick,-0.5878334044439965,0.7556,1
0.25,30,error,adaptive-aimbot,flick,-0.6725784199788206,0.7758,1
0.25,30,error,adaptive-aimbot,flick,-0.772716754875412,0.796,1
0.25,30,error,adaptive-aimbot,flick,-0.8686376997064614,0.8162,1
0.25,30,error,adaptive-aimbot,flick,-0.973537837110633,0.8362,1
0.25,30,error,adaptive-aimbot,flick,-1.0927076500244268,0.8564,1
0.25,30,error,adaptive-aimbot,flick,-1.2515130052166503,0.8766,1
0.25,30,error,adaptive-aimbot,flick,-1.479606030476327,0.8968,1
0.25,30,error,adaptive-aimbot,flick,-1.7137059220030832,0.917,1
0.25,30,error,adaptive-aimbot,flick,-2.06851859483533,0.937,1
0.25,30,error,adaptive-aimbot,flick,-2.4658055977634037,0.9572,1
0.25,30,error,adaptive-aimbot,flick,-3.3408083704048392,0.9774,1
0.25,30,error,adaptive-aimbot,flick,-5.744927427816279,0.9976,1
0.25,30,error,adaptive-aimbot,flick,-inf,1,1
0.25,30,error,smoothing-aimbot,flick,inf,0,0
0.25,30,error,smoothing-aimbot,flick,7.479627007933089,0,0.04
0.25,30,error,smoothing-aimbot,flick,6.970045314659286,0.0002,0.048
0.25,30,error,smoothing-aimbot,flick,6.720649827628322,0.0004,0.048
0.25,30,error,smoothing-aimbot,flick,6.3797178151877345,0.0006,0.048
0.25,30,error,smoothing-aimbot,flick,5.753536240307983,0.0008,0.056
0.25,30,error,smoothing-aimbot,flick,5.351963700712307,0.001,0.07
0.25,30,error,smoothing-aimbot,flick,5.101386259696313,0.0012,0.078
0.25,30,error,smoothing-aimbot,flick,4.8762678988207595,0.0014,0.082
0.25,30,error,smoothing-aimbot,flick,4.855565266178674,0.0016,0.084
0.25,30,error,smoothing-aimbot,flick,4.799192408508363,0.0018,0.086
0.25,30,error,smoothing-aimbot,flick,4.26997114865226,0.002,0.1
0.25,30,error,smoothing-aimbot,flick,4.2249953868824965,0.0022,0.1
0.25,30,error,smoothing-aimbot,flick,4.061599705496981,0.0024,0.106
0.25,30,error,smoothing-aimbot,flick,3.9768240867865523,0.0026,0.106
0.25,30,error,smoothing-aimbot,flick,3.8867614542678095,0.0028,0.11
0.25,30,error,smoothing-aimbot,flick,3.8386771902314107,0.003,0.112
0.25,30,error,smoothing-aimbot,flick,3.810676422329208,0.0032,0.112
0.25,30,error,smoothing-aimbot,flick,3.760502296090759,0.0034,0.114
0.25,30,error,smoothing-aimbot,flick,3.73323244169983,0.0036,0.116
0.25,30,error,smoothing-aimbot,flick,3.692757331849716,0.0038,0.116
0.25,30,error,smoothing-aimbot,flick,3.547512869802902,0.004,0.116
0.25,30,error,smoothing-aimbot,flick,3.5350557325039924,0.0042,0.118
0.25,30,error,smoothing-aimbot,flick,3.439409324739326,0.0044,0.118
0.25,30,error,smoothing-aimbot,flick,3.205423722006179,0.0046,0.126
0.25,30,error,smoothing-aimbot,flick,3.0967351553788927,0.0048,0.13
0.25,30,error,smoothing-aimbot,flick,3.0692481470357245,0.005,0.13
0.25,30,error,smoothing-aimbot,flick,3.063108554675882,0.0052,0.13
0.25,30,error,smoothing-aimbot,flick,3.0540964188806603,0.0054,0.132
0.25,30,error,smoothing-aimbot,flick,2.9766947659073644,0.0056,0.134
0.25,30,error,smoothing-aimbot,flick,2.9532897104457363,0.0058,0.136
0.25,30,error,smoothing-aimbot,flick,2.922378982207435,0.006,0.14
0.25,30,error,smoothing-aimbot,flick,2.901338824479655,0.0062,0.142
0.25,30,error,smoothing-aimbot,flick,2.8492788594693312,0.0064,0.142
0.25,30,error,smoothing-aimbot,flick,2.8156937775287014,0.0066,0.144
0.25,30,error,smoothing-aimbot,flick,2.7742364999199025,0.0068,0.146
0.25,30,error,smoothing-aimbot,flick,2.7705656848789357,0.007,0.146
0.25,30,error,smoothing-aimbot,flick,2.753024937026046,0.0072,0.146
0.25,30,error,smoothing-aimbot,flick,2.7437895332626128,0.0074,0.146
0.25,30,error,smoothing-aimbot,flick,2.7078527433032,0.0076,0.152
0.25,30,error,smoothing-aimbot,flick,2.7009365485268795,0.0078,0.152
0.25,30,error,smoothing-aimbot,flick,2.6819372538403177,0.008,0.154
0.25,30,error,smoothing-aimbot,flick,2.669651459743897,0.0082,0.154
0.25,30,error,smoothing-aimbot,flick,2.62012610073319,0.0084,0.158
0.25,30,error,smoothing-aimbot,flick,2.5963227035830556,0.0086,0.158
0.25,30,error,smoothing-aimbot,flick,2.5842408816364015,0.0088,0.158
0.25,30,error,smoothing-aimbot,flick,2.5715517050086536,0.009,0.158
0.25,30,error,smoothing-aimbot,flick,2.570961826355674,0.0092,0.158
0.25,30,error,smoothing-aimbot,flick,2.5634366122473575,0.0094,0.158
0.25,30,error,smoothing-aimbot,flick,2.550276621406802,0.0096,0.158
0.25,30,error,smoothing-aimbot,flick,2.540310541926261,0.0098,0.158
0.25,30,error,smoothing-aimbot,flick,2.520317209777945,0.01,0.16
0.25,30,error,smoothing-aimbot,flick,2.507423268939629,0.0102,0.162
0.25,30,error,smoothing-aimbot,flick,1.5292679523301356,0.0302,0.212
0.25,30,error,smoothing-aimbot,flick,1.139785678813946,0.0502,0.232
0.25,30,error,smoothing-aimbot,flick,0.8899691071578615,0.0704,0.25
0.25,30,error,smoothing-aimbot,flick,0.7250149302564982,0.0906,0.264
0.25,30,error,smoothing-aimbot,flick,0.5876235564749429,0.1106,0.29
0.25,30,error,smoothing-aimbot,flick,0.4774878463039515,0.1308,0.306
0.25,30,error,smoothing-aimbot,flick,0.3837841600375128,0.151,0.314
0.25,30,error,smoothing-aimbot,flick,0.30319224234067765,0.171,0.324
0.25,30,error,smoothing-aimbot,flick,0.2416302675209585,0.1912,0.33
0.25,30,error,smoothing-aimbot,flick,0.19556053112064956,0.2114,0.342
0.25,30,error,smoothing-aimbot,flick,0.14293636228605827,0.2316,0.352
0.25,30,error,smoothing-aimbot,flick,0.1070251541570039,0.2518,0.362
0.25,30,error,smoothing-aimbot,flick,0.07715092986954278,0.272,0.366
0.25,30,error,smoothing-aimbot,flick,0.05418884729201788,0.2922,0.366
0.25,30,error,smoothing-aimbot,flick,0.03429062309600365,0.3124,0.378
0.25,30,error,smoothing-aimbot,flick,0.018632573885192332,0.3326,0.386
0.25,30,error,smoothing-aimbot,flick,0.008470637512183472,0.3526,0.402
0.25,30,error,smoothing-aimbot,flick,0.0025764125071837244,0.3728,0.408
0.25,30,error,smoothing-aimbot,flick,0.000024261774298555852,0.393,0.414
0.25,30,error,smoothing-aimbot,flick,-0.0018846936843890298,0.4132,0.424
0.25,30,error,smoothing-aimbot,flick,-0.006653541619628169,0.4334,0.43
0.25,30,error,smoothing-aimbot,flick,-0.01531686012239547,0.4534,0.44
0.25,30,error,smoothing-aimbot,flick,-0.0268100208056547,0.4736,0.446
0.25,30,error,smoothing-aimbot,flick,-0.03968139627292942,0.4938,0.45
0.25,30,error,smoothing-aimbot,flick,-0.05621651748434702,0.5138,0.456
0.25,30,error,smoothing-aimbot,flick,-0.07335761682492821,0.5338,0.462
0.25,30,error,smoothing-aimbot,flick,-0.0969754468655259,0.554,0.478
0.25,30,error,smoothing-aimbot,flick,-0.1222082164728168,0.5742,0.484
0.25,30,error,smoothing-aimbot,flick,-0.15428042256438407,0.5944,0.496
0.25,30,error,smoothing-aimbot,flick,-0.19111795955328087,0.6146,0.502
0.25,30,error,smoothing-aimbot,flick,-0.23871426276744317,0.6346,0.51
0.25,30,error,smoothing-aimbot,flick,-0.285794273587948,0.6548,0.518
0.25,30,error,smoothing-aimbot,flick,-0.331124822405791,0.675,0.52
0.25,30,error,smoothing-aimbot,flick,-0.3897819086029761,0.6952,0.53
0.25,30,error,smoothing-aimbot,flick,-0.4461047262432485,0.7154,0.542
0.25,30,error,smoothing-aimbot,flick,-0.5204291370612191,0.7354,0.554
0.25,30,error,smoothing-aimbot,flick,-0.5878334044439965,0.7556,0.558
0.25,30,error,smoothing-aimbot,flick,-0.6725784199788206,0.7758,0.566
0.25,30,error,smoothing-aimbot,flick,-0.772716754875412,0.796,0.584
0.25,30,error,smoothing-aimbot,flick,-0.8686376997064614,0.8162,0.596
0.25,30,error,smoothing-aimbot,flick,-0.973537837110633,0.8362,0.606
0.25,30,error,smoothing-aimbot,flick,-1.0927076500244268,0.8564,0.612
0.25,30,error,smoothing-aimbot,flick,-1.2515130052166503,0.8766,0.616
0.25,30,error,smoothing-aimbot,flick,-1.479606030476327,0.8968,0.628
0.25,30,error,smoothing-aimbot,flick,-1.7137059220030832,0.917,0.642
0.25,30,error,smoothing-aimbot,flick,-2.06851859483533,0.937,0.68
0.25,30,error,smoothing-aimbot,flick,-2.4658055977634037,0.9572,0.698
0.25,30,error,smoothing-aimbot,flick,-3.3408083704048392,0.9774,0.752
0.25,30,error,smoothing-aimbot,flick,-5.744927427816279,0.9976,0.806
0.25,30,error,smoothing-aimbot,flick,-inf,1,1
0.25,30,steps,smoothing-aimbot,flick,inf,0,0
0.25,30,steps,smoothing-aimbot,flick,1.106664235345547,0,0.43
0.25,30,steps,smoothing-aimbot,flick,0.911145391124406,0.0002,0.51
0.25,30,steps,smoothing-aimbot,flick,0.7603903978534721,0.0004,0.566
0.25,30,steps,smoothing-aimbot,flick,0.5654285465268467,0.0006,0.656
0.25,30,steps,smoothing-aimbot,flick,0.5306281240912065,0.0008,0.678
0.25,30,steps,smoothing-aimbot,flick,0.5300425868708961,0.001,0.678
0.25,30,steps,smoothing-aimbot,flick,0.5105771260479,0.0012,0.682
0.25,30,steps,smoothing-aimbot,flick,0.4958232742529098,0.0014,0.684
0.25,30,steps,smoothing-aimbot,flick,0.4892340342599337,0.0016,0.692
0.25,30,steps,smoothing-aimbot,flick,0.4798051209526149,0.0018,0.694
0.25,30,steps,smoothing-aimbot,flick,0.4731840659618206,0.002,0.698
0.25,30,steps,smoothing-aimbot,flick,0.4536652923041324,0.0022,0.702
0.25,30,steps,smoothing-aimbot,flick,0.4466820160935646,0.0024,0.708
0.25,30,steps,smoothing-aimbot,flick,0.413603653092913,0.0026,0.728
0.25,30,steps,smoothing-aimbot,flick,0.4060222871817833,0.0028,0.734
0.25,30,steps,smoothing-aimbot,flick,0.40302501399956264,0.003,0.734
0.25,30,steps,smoothing-aimbot,flick,0.4008123299582654,0.0032,0.734
0.25,30,steps,smoothing-aimbot,flick,0.3860221950618631,0.0034,0.748
0.25,30,steps,smoothing-aimbot,flick,0.3747974111723459,0.0036,0.752
0.25,30,steps,smoothing-aimbot,flick,0.3609193027739928,0.0038,0.758
0.25,30,steps,smoothing-aimbot,flick,0.35304320352521223,0.004,0.76
0.25,30,steps,smoothing-aimbot,flick,0.3498791973733557,0.0042,0.768
0.25,30,steps,smoothing-aimbot,flick,0.3288525133024455,0.0044,0.784
0.25,30,steps,smoothing-aimbot,flick,0.3262988816610089,0.0046,0.784
0.25,30,steps,smoothing-aimbot,flick,0.3226060596602718,0.0048,0.786
0.25,30,steps,smoothing-aimbot,flick,0.3210780877547653,0.005,0.786
0.25,30,steps,smoothing-aimbot,flick,0.3175802793551515,0.0052,0.79
0.25,30,steps,smoothing-aimbot,flick,0.31417783581129205,0.0054,0.792
0.25,30,steps,smoothing-aimbot,flick,0.3131156167697488,0.0056,0.792
0.25,30,steps,smoothing-aimbot,flick,0.30536835915590377,0.0058,0.8
0.25,30,steps,smoothing-aimbot,flick,0.30087552508562937,0.006,0.802
0.25,30,steps,smoothing-aimbot,flick,0.28441244073257665,0.0062,0.81
0.25,30,steps,smoothing-aimbot,flick,0.2833299189188075,0.0064,0.81
0.25,30,steps,smoothing-aimbot,flick,0.2797702282275609,0.0066,0.814
0.25,30,steps,smoothing-aimbot,flick,0.2786720692170537,0.0068,0.816
0.25,30,steps,smoothing-aimbot,flick,0.27795917886663657,0.007,0.816
0.25,30,steps,smoothing-aimbot,flick,0.25887186090723935,0.0072,0.82
0.25,30,steps,smoothing-aimbot,flick,0.25636439466233235,0.0074,0.82
0.25,30,steps,smoothing-aimbot,flick,0.25499000818597367,0.0076,0.822
0.25,30,steps,smoothing-aimbot,flick,0.25127492616495617,0.0078,0.824
0.25,30,steps,smoothing-aimbot,flick,0.25108186750022715,0.008,0.824
0.25,30,steps,smoothing-aimbot,flick,0.2461287704997729,0.0082,0.828
0.25,30,steps,smoothing-aimbot,flick,0.24394571808308577,0.0084,0.83
0.25,30,steps,smoothing-aimbot,flick,0.24065255927674048,0.0086,0.83
0.25,30,steps,smoothing-aimbot,flick,0.2379232097540222,0.0088,0.83
0.25,30,steps,smoothing-aimbot,flick,0.23631422581027506,0.009,0.83
0.25,30,steps,smoothing-aimbot,flick,0.23507056738251503,0.0092,0.83
0.25,30,steps,smoothing-aimbot,flick,0.23288523438426542,0.0094,0.83
0.25,30,steps,smoothing-aimbot,flick,0.2307439846055127,0.0096,0.832
0.25,30,steps,smoothing-aimbot,flick,0.22978335779306938,0.0098,0.832
0.25,30,steps,smoothing-aimbot,flick,0.227868188283796,0.01,0.832
0.25,30,steps,smoothing-aimbot,flick,0.227120398993051,0.0102,0.832
0.25,30,steps,smoothing-aimbot,flick,0.11154287517069833,0.0302,0.904
0.25,30,steps,smoothing-aimbot,flick,0.06780038675085327,0.0502,0.932
0.25,30,steps,smoothing-aimbot,flick,0.04614842733867472,0.0704,0.95
0.25,30,steps,smoothing-aimbot,flick,0.03034707507725113,0.0906,0.95
0.25,30,steps,smoothing-aimbot,flick,0.019019985353673836,0.1106,0.958
0.25,30,steps,smoothing-aimbot,flick,0.012142936722576743,0.1308,0.966
0.25,30,steps,smoothing-aimbot,flick,0.007007334312858979,0.151,0.968
0.25,30,steps,smoothing-aimbot,flick,0.00366354271972864,0.171,0.97
0.25,30,steps,smoothing-aimbot,flick,0.0014351686273426252,0.1912,0.97
0.25,30,steps,smoothing-aimbot,flick,0.00006843294245268208,0.2114,0.974
0.25,30,steps,smoothing-aimbot,flick,-0.0000000194876088598578,0.7938,0.98
0.25,30,steps,smoothing-aimbot,flick,-0.0005625853694050643,0.8138,0.986
0.25,30,steps,smoothing-aimbot,flick,-0.002434350747433993,0.8338,0.986
0.25,30,steps,smoothing-aimbot,flick,-0.0061870792973182055,0.8538,0.99
0.25,30,steps,smoothing-aimbot,flick,-0.0111323334627013,0.8738,0.992
0.25,30,steps,smoothing-aimbot,flick,-0.019182875964493938,0.8938,0.992
0.25,30,steps,smoothing-aimbot,flick,-0.027774239292697227,0.914,0.992
0.25,30,steps,smoothing-aimbot,flick,-0.040351494449375754,0.934,0.992
0.25,30,steps,smoothing-aimbot,flick,-0.06290363854314189,0.9542,0.992
0.25,30,steps,smoothing-aimbot,flick,-0.10668769098196901,0.9744,0.994
0.25,30,steps,smoothing-aimbot,flick,-0.2921262042230653,0.9946,0.998
0.25,30,steps,smoothing-aimbot,flick,-inf,1,1
0.25,30,error,fast-adaptive-aimbot,flick,inf,0,0
0.25,30,error,fast-adaptive-aimbot,flick,7.479627007933089,0,0.208
0.25,30,error,fast-adaptive-aimbot,flick,6.970045314659286,0.0002,0.232
0.25,30,error,fast-adaptive-aimbot,flick,6.720649827628322,0.0004,0.246
0.25,30,error,fast-adaptive-aimbot,flick,6.3797178151877345,0.0006,0.27
0.25,30,error,fast-adaptive-aimbot,flick,5.753536240307983,0.0008,0.322
0.25,30,error,fast-adaptive-aimbot,flick,5.351963700712307,0.001,0.354
0.25,30,error,fast-adaptive-aimbot,flick,5.101386259696313,0.0012,0.386
0.25,30,error,fast-adaptive-aimbot,flick,4.8762678988207595,0.0014,0.406
0.25,30,error,fast-adaptive-aimbot,flick,4.855565266178674,0.0016,0.41
0.25,30,error,fast-adaptive-aimbot,flick,4.799192408508363,0.0018,0.416
0.25,30,error,fast-adaptive-aimbot,flick,4.26997114865226,0.002,0.476
0.25,30,error,fast-adaptive-aimbot,flick,4.2249953868824965,0.0022,0.482
0.25,30,error,fast-adaptive-aimbot,flick,4.061599705496981,0.0024,0.494
0.25,30,error,fast-adaptive-aimbot,flick,3.9768240867865523,0.0026,0.506
0.25,30,error,fast-adaptive-aimbot,flick,3.8867614542678095,0.0028,0.51
0.25,30,error,fast-adaptive-aimbot,flick,3.8386771902314107,0.003,0.512
0.25,30,error,fast-adaptive-aimbot,flick,3.810676422329208,0.0032,0.512
0.25,30,error,fast-adaptive-aimbot,flick,3.760502296090759,0.0034,0.514
0.25,30,error,fast-adaptive-aimbot,flick,3.73323244169983,0.0036,0.52
0.25,30,error,fast-adaptive-aimbot,flick,3.692757331849716,0.0038,0.522
0.25,30,error,fast-adaptive-aimbot,flick,3.547512869802902,0.004,0.532
0.25,30,error,fast-adaptive-aimbot,flick,3.5350557325039924,0.0042,0.532
0.25,30,error,fast-adaptive-aimbot,flick,3.439409324739326,0.0044,0.548
0.25,30,error,fast-adaptive-aimbot,flick,3.205423722006179,0.0046,0.582
0.25,30,error,fast-adaptive-aimbot,flick,3.0967351553788927,0.0048,0.592
0.25,30,error,fast-adaptive-aimbot,flick,3.0692481470357245,0.005,0.598
0.25,30,error,fast-adaptive-aimbot,flick,3.063108554675882,0.0052,0.598
0.25,30,error,fast-adaptive-aimbot,flick,3.0540964188806603,0.0054,0.602
0.25,30,error,fast-adaptive-aimbot,flick,2.9766947659073644,0.0056,0.608
0.25,30,error,fast-adaptive-aimbot,flick,2.9532897104457363,0.0058,0.612
0.25,30,error,fast-adaptive-aimbot,flick,2.922378982207435,0.006,0.612
0.25,30,error,fast-adaptive-aimbot,flick,2.901338824479655,0.0062,0.614
0.25,30,error,fast-adaptive-aimbot,flick,2.8492788594693312,0.0064,0.62
0.25,30,error,fast-adaptive-aimbot,flick,2.8156937775287014,0.0066,0.624
0.25,30,error,fast-adaptive-aimbot,flick,2.7742364999199025,0.0068,0.63
0.25,30,error,fast-adaptive-aimbot,flick,2.7705656848789357,0.007,0.63
0.25,30,error,fast-adaptive-aimbot,flick,2.753024937026046,0.0072,0.632
0.25,30,error,fast-adaptive-aimbot,flick,2.7437895332626128,0.0074,0.634
0.25,30,error,fast-adaptive-aimbot,flick,2.7078527433032,0.0076,0.638
0.25,30,error,fast-adaptive-aimbot,flick,2.7009365485268795,0.0078,0.638
0.25,30,error,fast-adaptive-aimbot,flick,2.6819372538403177,0.008,0.638
0.25,30,error,fast-adaptive-aimbot,flick,2.669651459743897,0.0082,0.642
0.25,30,error,fast-adaptive-aimbot,flick,2.62012610073319,0.0084,0.644
0.25,30,error,fast-adaptive-aimbot,flick,2.5963227035830556,0.0086,0.644
0.25,30,error,fast-adaptive-aimbot,flick,2.5842408816364015,0.0088,0.646
0.25,30,error,fast-adaptive-aimbot,flick,2.5715517050086536,0.009,0.648
0.25,30,error,fast-adaptive-aimbot,flick,2.570961826355674,0.0092,0.648
0.25,30,error,fast-adaptive-aimbot,flick,2.5634366122473575,0.0094,0.648
0.25,30,error,fast-adaptive-aimbot,flick,2.550276621406802,0.0096,0.65
0.25,30,error,fast-adaptive-aimbot,flick,2.540310541926261,0.0098,0.65
0.25,30,error,fast-adaptive-aimbot,flick,2.520317209777945,0.01,0.65
0.25,30,error,fast-adaptive-aimbot,flick,2.507423268939629,0.0102,0.652
0.25,30,error,fast-adaptive-aimbot,flick,1.5292679523301356,0.0302,0.78
0.25,30,error,fast-adaptive-aimbot,flick,1.139785678813946,0.0502,0.836
0.25,30,error,fast-adaptive-aimbot,flick,0.8899691071578615,0.0704,0.852
0.25,30,error,fast-adaptive-aimbot,flick,0.7250149302564982,0.0906,0.876
0.25,30,error,fast-adaptive-aimbot,flick,0.5876235564749429,0.1106,0.898
0.25,30,error,fast-adaptive-aimbot,flick,0.4774878463039515,0.1308,0.914
0.25,30,error,fast-adaptive-aimbot,flick,0.3837841600375128,0.151,0.92
0.25,30,error,fast-adaptive-aimbot,flick,0.30319224234067765,0.171,0.936
0.25,30,error,fast-adaptive-aimbot,flick,0.2416302675209585,0.1912,0.944
0.25,30,error,fast-adaptive-aimbot,flick,0.19556053112064956,0.2114,0.944
0.25,30,error,fast-adaptive-aimbot,flick,0.14293636228605827,0.2316,0.952
0.25,30,error,fast-adaptive-aimbot,flick,0.1070251541570039,0.2518,0.956
0.25,30,error,fast-adaptive-aimbot,flick,0.07715092986954278,0.272,0.958
0.25,30,error,fast-adaptive-aimbot,flick,0.05418884729201788,0.2922,0.96
0.25,30,error,fast-adaptive-aimbot,flick,0.03429062309600365,0.3124,0.962
0.25,30,error,fast-adaptive-aimbot,flick,0.018632573885192332,0.3326,0.964
0.25,30,error,fast-adaptive-aimbot,flick,0.008470637512183472,0.3526,0.966
0.25,30,error,fast-adaptive-aimbot,flick,0.0025764125071837244,0.3728,0.972
0.25,30,error,fast-adaptive-aimbot,flick,0.000024261774298555852,0.393,0.976
0.25,30,error,fast-adaptive-aimbot,flick,-0.0018846936843890298,0.4132,0.976
0.25,30,error,fast-adaptive-aimbot,flick,-0.006653541619628169,0.4334,0.982
0.25,30,error,fast-adaptive-aimbot,flick,-0.01531686012239547,0.4534,0.982
0.25,30,error,fast-adaptive-aimbot,flick,-0.0268100208056547,0.4736,0.984
0.25,30,error,fast-adaptive-aimbot,flick,-0.03968139627292942,0.4938,0.984
0.25,30,error,fast-adaptive-aimbot,flick,-0.05621651748434702,0.5138,0.986
0.25,30,error,fast-adaptive-aimbot,flick,-0.07335761682492821,0.5338,0.986
0.25,30,error,fast-adaptive-aimbot,flick,-0.0969754468655259,0.554,0.988
0.25,30,error,fast-adaptive-aimbot,flick,-0.1222082164728168,0.5742,0.988
0.25,30,error,fast-adaptive-aimbot,flick,-0.15428042256438407,0.5944,0.99
0.25,30,error,fast-adaptive-aimbot,flick,-0.19111795955328087,0.6146,0.99
0.25,30,error,fast-adaptive-aimbot,flick,-0.23871426276744317,0.6346,0.992
0.25,30,error,fast-adaptive-aimbot,flick,-0.285794273587948,0.6548,0.994
0.25,30,error,fast-adaptive-aimbot,flick,-0.331124822405791,0.675,0.996
0.25,30,error,fast-adaptive-aimbot,flick,-0.3897819086029761,0.6952,0.996
0.25,30,error,fast-adaptive-aimbot,flick,-0.4461047262432485,0.7154,0.996
0.25,30,error,fast-adaptive-aimbot,flick,-0.5204291370612191,0.7354,0.996
0.25,30,error,fast-adaptive-aimbot,flick,-0.5878334044439965,0.7556,0.996
0.25,30,error,fast-adaptive-aimbot,flick,-0.6725784199788206,0.7758,0.996
0.25,30,error,fast-adaptive-aimbot,flick,-0.772716754875412,0.796,0.998
0.25,30,error,fast-adaptive-aimbot,flick,-0.8686376997064614,0.8162,1
0.25,30,error,fast-adaptive-aimbot,flick,-0.973537837110633,0.8362,1
0.25,30,error,fast-adaptive-aimbot,flick,-1.0927076500244268,0.8564,1
0.25,30,error,fast-adaptive-aimbot,flick,-1.2515130052166503,0.8766,1
0.25,30,error,fast-adaptive-aimbot,flick,-1.479606030476327,0.8968,1
0.25,30,error,fast-adaptive-aimbot,flick,-1.7137059220030832,0.917,1
0.25,30,error,fast-adaptive-aimbot,flick,-2.06851859483533,0.937,1
0.25,30,error,fast-adaptive-aimbot,flick,-2.4658055977634037,0.9572,1
0.25,30,error,fast-adaptive-aimbot,flick,-3.3408083704048392,0.9774,1
0.25,30,error,fast-adaptive-aimbot,flick,-5.744927427816279,0.9976,1
0.25,30,error,fast-adaptive-aimbot,flick,-inf,1,1
0.25,120,error,recoil-macro,spray,inf,0,0
0.25,120,error,recoil-macro,spray,4.911998854369613,0,0.004
0.25,120,error,recoil-macro,spray,4.390313840514163,0.0002,0.006
0.25,120,error,recoil-macro,spray,3.9929958793931237,0.0004,0.008
0.25,120,error,recoil-macro,spray,3.7844358816950154,0.0006,0.008
0.25,120,error,recoil-macro,spray,3.601325247593211,0.0008,0.012
0.25,120,error,recoil-macro,spray,3.480976466044615,0.001,0.012
0.25,120,error,recoil-macro,spray,3.4336322029329374,0.0012,0.012
0.25,120,error,recoil-macro,spray,3.2625293065256287,0.0014,0.012
0.25,120,error,recoil-macro,spray,3.2616857327291426,0.0016,0.012
0.25,120,error,recoil-macro,spray,3.2051860738079148,0.0018,0.014
0.25,120,error,recoil-macro,spray,3.2043867799155485,0.002,0.014
0.25,120,error,recoil-macro,spray,3.135124906838243,0.0022,0.016
0.25,120,error,recoil-macro,spray,3.1204682750525414,0.0024,0.016
0.25,120,error,recoil-macro,spray,3.055963123157648,0.0026,0.02
0.25,120,error,recoil-macro,spray,3.029294204506911,0.0028,0.02
0.25,120,error,recoil-macro,spray,3.0133968570287495,0.003,0.02
0.25,120,error,recoil-macro,spray,2.913968409506468,0.0032,0.02
0.25,120,error,recoil-macro,spray,2.8865360583584505,0.0034,0.02
0.25,120,error,recoil-macro,spray,2.834223828923568,0.0036,0.024
0.25,120,error,recoil-macro,spray,2.7631195803726105,0.0038,0.024
0.25,120,error,recoil-macro,spray,2.729026535263206,0.004,0.026
0.25,120,error,recoil-macro,spray,2.7092759511140048,0.0042,0.026
0.25,120,error,recoil-macro,spray,2.698257759925522,0.0044,0.026
0.25,120,error,recoil-macro,spray,2.6797754459943213,0.0046,0.026
0.25,120,error,recoil-macro,spray,2.674964320198333,0.0048,0.026
0.25,120,error,recoil-macro,spray,2.608421840542369,0.005,0.03
0.25,120,error,recoil-macro,spray,2.5937640189281406,0.0052,0.032
0.25,120,error,recoil-macro,spray,2.5876210378191407,0.0054,0.032
0.25,120,error,recoil-macro,spray,2.576183772787078,0.0056,0.032
0.25,120,error,recoil-macro,spray,2.570082488387481,0.0058,0.032
0.25,120,error,recoil-macro,spray,2.56390062754606,0.006,0.032
0.25,120,error,recoil-macro,spray,2.508698165044348,0.0062,0.032
0.25,120,error,recoil-macro,spray,2.5075984935832154,0.0064,0.032
0.25,120,error,recoil-macro,spray,2.501447648019726,0.0066,0.032
0.25,120,error,recoil-macro,spray,2.445800481102065,0.0068,0.032
0.25,120,error,recoil-macro,spray,2.43377175217107,0.007,0.032
0.25,120,error,recoil-macro,spray,2.399699390229243,0.0072,0.032
0.25,120,error,recoil-macro,spray,2.3698381572825435,0.0074,0.034
0.25,120,error,recoil-macro,spray,2.320101090550885,0.0076,0.038
0.25,120,error,recoil-macro,spray,2.315689732139402,0.0078,0.038
0.25,120,error,recoil-macro,spray,2.2578887701530848,0.008,0.04
0.25,120,error,recoil-macro,spray,2.229004832423501,0.0082,0.042
0.25,120,error,recoil-macro,spray,2.2234476666041365,0.0084,0.042
0.25,120,error,recoil-macro,spray,2.2027246853712708,0.0086,0.042
0.25,120,error,recoil-macro,spray,2.2022970108932323,0.0088,0.042
0.25,120,error,recoil-macro,spray,2.1924563704764624,0.009,0.042
0.25,120,error,recoil-macro,spray,2.168981231971543,0.0092,0.046
0.25,120,error,recoil-macro,spray,2.145988590972858,0.0094,0.05
0.25,120,error,recoil-macro,spray,2.131271794746339,0.0096,0.05
0.25,120,error,recoil-macro,spray,2.114564397373969,0.0098,0.05
0.25,120,error,recoil-macro,spray,2.10275503871274,0.01,0.052
0.25,120,error,recoil-macro,spray,2.102214006004623,0.0102,0.052
0.25,120,error,recoil-macro,spray,1.4476036829616907,0.0302,0.118
0.25,120,error,recoil-macro,spray,1.0896953764910033,0.0502,0.168
0.25,120,error,recoil-macro,spray,0.876246505125908,0.0704,0.224
0.25,120,error,recoil-macro,spray,0.7091143095857236,0.0906,0.264
0.25,120,error,recoil-macro,spray,0.5668994447152174,0.1106,0.3
0.25,120,error,recoil-macro,spray,0.4558614024524477,0.1308,0.342
0.25,120,error,recoil-macro,spray,0.3720496082835444,0.151,0.388
0.25,120,error,recoil-macro,spray,0.30678111144927245,0.171,0.416
0.25,120,error,recoil-macro,spray,0.24912322479827004,0.1912,0.438
0.25,120,error,recoil-macro,spray,0.20462470629027654,0.2114,0.474
0.25,120,error,recoil-macro,spray,0.1695531229402407,0.2316,0.508
0.25,120,error,recoil-macro,spray,0.13412053004243293,0.2518,0.534
0.25,120,error,recoil-macro,spray,0.10181525992903598,0.272,0.564
0.25,120,error,recoil-macro,spray,0.08131587973456018,0.2922,0.584
0.25,120,error,recoil-macro,spray,0.05951121166608327,0.3124,0.604
0.25,120,error,recoil-macro,spray,0.04144771008712352,0.3326,0.636
0.25,120,error,recoil-macro,spray,0.028632336199001678,0.3526,0.664
0.25,120,error,recoil-macro,spray,0.017009700190787656,0.3728,0.678
0.25,120,error,recoil-macro,spray,0.007808295626552564,0.393,0.702
0.25,120,error,recoil-macro,spray,0.003174758519289353,0.4132,0.712
0.25,120,error,recoil-macro,spray,0.0003285760751720842,0.4334,0.73
0.25,120,error,recoil-macro,spray,-0.00012600459740119498,0.4534,0.742
0.25,120,error,recoil-macro,spray,-0.0021592049328682007,0.4736,0.748
0.25,120,error,recoil-macro,spray,-0.006381582532062506,0.4938,0.764
0.25,120,error,recoil-macro,spray,-0.012967384819769254,0.5138,0.774
0.25,120,error,recoil-macro,spray,-0.023956818411511267,0.5338,0.786
0.25,120,error,recoil-macro,spray,-0.03579097795051345,0.554,0.798
0.25,120,error,recoil-macro,spray,-0.05372170581080225,0.5742,0.822
0.25,120,error,recoil-macro,spray,-0.07133518716958326,0.5944,0.832
0.25,120,error,recoil-macro,spray,-0.08976730193680016,0.6146,0.838
0.25,120,error,recoil-macro,spray,-0.11449477259776018,0.6346,0.854
0.25,120,error,recoil-macro,spray,-0.13947318100046352,0.6548,0.862
0.25,120,error,recoil-macro,spray,-0.16913015043459806,0.675,0.872
0.25,120,error,recoil-macro,spray,-0.20245424052525718,0.6952,0.878
0.25,120,error,recoil-macro,spray,-0.23817816078582188,0.7154,0.886
0.25,120,error,recoil-macro,spray,-0.27749388811791664,0.7354,0.894
0.25,120,error,recoil-macro,spray,-0.32086229299467683,0.7556,0.902
0.25,120,error,recoil-macro,spray,-0.3798628873762066,0.7758,0.912
0.25,120,error,recoil-macro,spray,-0.44843860513530687,0.796,0.92
0.25,120,error,recoil-macro,spray,-0.5138513655285388,0.8162,0.926
0.25,120,error,recoil-macro,spray,-0.5959272058281706,0.8362,0.934
0.25,120,error,recoil-macro,spray,-0.6921887665813629,0.8564,0.944
0.25,120,error,recoil-macro,spray,-0.8183287473874492,0.8766,0.952
0.25,120,error,recoil-macro,spray,-0.9359843172519998,0.8968,0.962
0.25,120,error,recoil-macro,spray,-1.1138698161873717,0.917,0.968
0.25,120,error,recoil-macro,spray,-1.3306171492711931,0.937,0.974
0.25,120,error,recoil-macro,spray,-1.6675160317590634,0.9572,0.982
0.25,120,error,recoil-macro,spray,-2.215966596119789,0.9774,0.996
0.25,120,error,recoil-macro,spray,-4.0636806845193,0.9976,1
0.25,120,error,recoil-macro,spray,-inf,1,1
0.25,120,error,flick-aimbot,flick,inf,0,0
0.25,120,error,flick-aimbot,flick,6.474570829788621,0,1
0.25,120,error,flick-aimbot,flick,4.850409892629122,0.0002,1
0.25,120,error,flick-aimbot,flick,4.424040642475008,0.0004,1
0.25,120,error,flick-aimbot,flick,4.388648398508402,0.0006,1
0.25,120,error,flick-aimbot,flick,4.120886858960119,0.0008,1
0.25,120,error,flick-aimbot,flick,4.0879735958955585,0.001,1
0.25,120,error,flick-aimbot,flick,3.808474369901509,0.0012,1
0.25,120,error,flick-aimbot,flick,3.7628813517182222,0.0014,1
0.25,120,error,flick-aimbot,flick,3.7273552454228964,0.0016,1
0.25,120,error,flick-aimbot,flick,3.5790763592463213,0.0018,1
0.25,120,error,flick-aimbot,flick,3.564942041625826,0.002,1
0.25,120,error,flick-aimbot,flick,3.3178998541883504,0.0022,1
0.25,120,error,flick-aimbot,flick,3.130786981427482,0.0024,1
0.25,120,error,flick-aimbot,flick,3.1304667395239725,0.0026,1
0.25,120,error,flick-aimbot,flick,3.0814738349671464,0.0028,1
0.25,120,error,flick-aimbot,flick,3.0792084884094,0.003,1
0.25,120,error,flick-aimbot,flick,3.0766972866664033,0.0032,1
0.25,120,error,flick-aimbot,flick,3.0416631566174996,0.0034,1
0.25,120,error,flick-aimbot,flick,2.983111831777735,0.0036,1
0.25,120,error,flick-aimbot,flick,2.92808701208398,0.0038,1
0.25,120,error,flick-aimbot,flick,2.8662290193375877,0.004,1
0.25,120,error,flick-aimbot,flick,2.841206982576033,0.0042,1
0.25,120,error,flick-aimbot,flick,2.8284088287087163,0.0044,1
0.25,120,error,flick-aimbot,flick,2.7661577841898843,0.0046,1
0.25,120,error,flick-aimbot,flick,2.7270886143232334,0.0048,1
0.25,120,error,flick-aimbot,flick,2.72599120377559,0.005,1
0.25,120,error,flick-aimbot,flick,2.698688735824937,0.0052,1
0.25,120,error,flick-aimbot,flick,2.634527437825614,0.0054,1
0.25,120,error,flick-aimbot,flick,2.617265103287866,0.0056,1
0.25,120,error,flick-aimbot,flick,2.6168006177423835,0.0058,1
0.25,120,error,flick-aimbot,flick,2.6010341062047133,0.006,1
0.25,120,error,flick-aimbot,flick,2.5894455708699793,0.0062,1
0.25,120,error,flick-aimbot,flick,2.5853428318144815,0.0064,1
0.25,120,error,flick-aimbot,flick,2.5370300359134883,0.0066,1
0.25,120,error,flick-aimbot,flick,2.50200450320644,0.0068,1
0.25,120,error,flick-aimbot,flick,2.489590727779417,0.007,1
0.25,120,error,flick-aimbot,flick,2.478414877982962,0.0072,1
0.25,120,error,flick-aimbot,flick,2.435361281280744,0.0074,1
0.25,120,error,flick-aimbot,flick,2.4346507771726857,0.0076,1
0.25,120,error,flick-aimbot,flick,2.401949974733039,0.0078,1
0.25,120,error,flick-aimbot,flick,2.3829368696916036,0.008,1
0.25,120,error,flick-aimbot,flick,2.3136780672298665,0.0082,1
0.25,120,error,flick-aimbot,flick,2.307143733954803,0.0084,1
0.25,120,error,flick-aimbot,flick,2.2372999032877683,0.0086,1
0.25,120,error,flick-aimbot,flick,2.1390567913343275,0.0088,1
0.25,120,error,flick-aimbot,flick,2.1039414764513586,0.009,1
0.25,120,error,flick-aimbot,flick,2.0449730807525137,0.0092,1
0.25,120,error,flick-aimbot,flick,2.0229827887693355,0.0094,1
0.25,120,error,flick-aimbot,flick,2.0183942419616603,0.0096,1
0.25,120,error,flick-aimbot,flick,1.9938119938820855,0.0098,1
0.25,120,error,flick-aimbot,flick,1.9642361168477023,0.01,1
0.25,120,error,flick-aimbot,flick,1.9611247869066986,0.0102,1
0.25,120,error,flick-aimbot,flick,1.1573652257156655,0.0302,1
0.25,120,error,flick-aimbot,flick,0.7836919471141497,0.0502,1
0.25,120,error,flick-aimbot,flick,0.5488189493961533,0.0704,1
0.25,120,error,flick-aimbot,flick,0.40497505901868713,0.0906,1
0.25,120,error,flick-aimbot,flick,0.31593655074902655,0.1106,1
0.25,120,error,flick-aimbot,flick,0.23088917931624256,0.1308,1
0.25,120,error,flick-aimbot,flick,0.17081645905350767,0.151,1
0.25,120,error,flick-aimbot,flick,0.12137763244734326,0.171,1
0.25,120,error,flick-aimbot,flick,0.08418901531914984,0.1912,1
0.25,120,error,flick-aimbot,flick,0.05360171154297697,0.2114,1
0.25,120,error,flick-aimbot,flick,0.03052488432785153,0.2316,1
0.25,120,error,flick-aimbot,flick,0.01470846432920035,0.2518,1
0.25,120,error,flick-aimbot,flick,0.005433066394251231,0.272,1
0.25,120,error,flick-aimbot,flick,0.0005184475562392478,0.2922,1
0.25,120,error,flick-aimbot,flick,-0.000542771349520542,0.3124,1
0.25,120,error,flick-aimbot,flick,-0.005050079220968524,0.3326,1
0.25,120,error,flick-aimbot,flick,-0.012472473643834942,0.3526,1
0.25,120,error,flick-aimbot,flick,-0.021737809526389495,0.3728,1
0.25,120,error,flick-aimbot,flick,-0.03882215332541814,0.393,1
0.25,120,error,flick-aimbot,flick,-0.053246005195837144,0.4132,1
0.25,120,error,flick-aimbot,flick,-0.07155503846459293,0.4334,1
0.25,120,error,flick-aimbot,flick,-0.09272175629531981,0.4534,1
0.25,120,error,flick-aimbot,flick,-0.1174542143798372,0.4736,1
0.25,120,error,flick-aimbot,flick,-0.15039350191336653,0.4938,1
0.25,120,error,flick-aimbot,flick,-0.18275922709541306,0.5138,1
0.25,120,error,flick-aimbot,flick,-0.220033650382206,0.5338,1
0.25,120,error,flick-aimbot,flick,-0.2628791420914351,0.554,1
0.25,120,error,flick-aimbot,flick,-0.3071069213489049,0.5742,1
0.25,120,error,flick-aimbot,flick,-0.34468731951951864,0.5944,1
0.25,120,error,flick-aimbot,flick,-0.396805215938613,0.6146,1
0.25,120,error,flick-aimbot,flick,-0.4494163294309807,0.6346,1
0.25,120,error,flick-aimbot,flick,-0.5071242333548077,0.6548,1
0.25,120,error,flick-aimbot,flick,-0.573847599956236,0.675,1
0.25,120,error,flick-aimbot,flick,-0.6564197869040718,0.6952,1
0.25,120,error,flick-aimbot,flick,-0.7303432295077894,0.7154,1
0.25,120,error,flick-aimbot,flick,-0.8054952639160223,0.7354,1
0.25,120,error,flick-aimbot,flick,-0.9169264046911942,0.7556,1
0.25,120,error,flick-aimbot,flick,-1.0125725615446524,0.7758,1
0.25,120,error,flick-aimbot,flick,-1.131303899644321,0.796,1
0.25,120,error,flick-aimbot,flick,-1.2721921769546018,0.8162,1
0.25,120,error,flick-aimbot,flick,-1.4008157997446202,0.8362,1
0.25,120,error,flick-aimbot,flick,-1.5733910459686897,0.8564,1
0.25,120,error,flick-aimbot,flick,-1.7527976965301928,0.8766,1
0.25,120,error,flick-aimbot,flick,-1.9584009381095766,0.8968,1
0.25,120,error,flick-aimbot,flick,-2.1924517148016416,0.917,1
0.25,120,error,flick-aimbot,flick,-2.5373605687490883,0.937,1
0.25,120,error,flick-aimbot,flick,-2.9989738936771104,0.9572,1
0.25,120,error,flick-aimbot,flick,-3.805592278550452,0.9774,1
0.25,120,error,flick-aimbot,flick,-6.977578664521714,0.9976,1
0.25,120,error,flick-aimbot,flick,-inf,1,1
0.25,120,error,humanised-aimbot,flick,inf,0,0
0.25,120,error,humanised-aimbot,flick,6.474570829788621,0,0.106
0.25,120,error,humanised-aimbot,flick,4.850409892629122,0.0002,0.192
0.25,120,error,humanised-aimbot,flick,4.424040642475008,0.0004,0.248
0.25,120,error,humanised-aimbot,flick,4.388648398508402,0.0006,0.25
0.25,120,error,humanised-aimbot,flick,4.120886858960119,0.0008,0.28
0.25,120,error,humanised-aimbot,flick,4.0879735958955585,0.001,0.282
0.25,120,error,humanised-aimbot,flick,3.808474369901509,0.0012,0.316
0.25,120,error,humanised-aimbot,flick,3.7628813517182222,0.0014,0.32
0.25,120,error,humanised-aimbot,flick,3.7273552454228964,0.0016,0.326
0.25,120,error,humanised-aimbot,flick,3.5790763592463213,0.0018,0.344
0.25,120,error,humanised-aimbot,flick,3.564942041625826,0.002,0.35
0.25,120,error,humanised-aimbot,flick,3.3178998541883504,0.0022,0.368
0.25,120,error,humanised-aimbot,flick,3.130786981427482,0.0024,0.384
0.25,120,error,humanised-aimbot,flick,3.1304667395239725,0.0026,0.384
0.25,120,error,humanised-aimbot,flick,3.0814738349671464,0.0028,0.39
0.25,120,error,humanised-aimbot,flick,3.0792084884094,0.003,0.39
0.25,120,error,humanised-aimbot,flick,3.0766972866664033,0.0032,0.392
0.25,120,error,humanised-aimbot,flick,3.0416631566174996,0.0034,0.396
0.25,120,error,humanised-aimbot,flick,2.983111831777735,0.0036,0.412
0.25,120,error,humanised-aimbot,flick,2.92808701208398,0.0038,0.42
0.25,120,error,humanised-aimbot,flick,2.8662290193375877,0.004,0.43
0.25,120,error,humanised-aimbot,flick,2.841206982576033,0.0042,0.436
0.25,120,error,humanised-aimbot,flick,2.8284088287087163,0.0044,0.438
0.25,120,error,humanised-aimbot,flick,2.7661577841898843,0.0046,0.448
0.25,120,error,humanised-aimbot,flick,2.7270886143232334,0.0048,0.45
0.25,120,error,humanised-aimbot,flick,2.72599120377559,0.005,0.45
0.25,120,error,humanised-aimbot,flick,2.698688735824937,0.0052,0.452
0.25,120,error,humanised-aimbot,flick,2.634527437825614,0.0054,0.458
0.25,120,error,humanised-aimbot,flick,2.617265103287866,0.0056,0.466
0.25,120,error,humanised-aimbot,flick,2.6168006177423835,0.0058,0.466
0.25,120,error,humanised-aimbot,flick,2.6010341062047133,0.006,0.47
0.25,120,error,humanised-aimbot,flick,2.5894455708699793,0.0062,0.47
0.25,120,error,humanised-aimbot,flick,2.5853428318144815,0.0064,0.472
0.25,120,error,humanised-aimbot,flick,2.5370300359134883,0.0066,0.486
0.25,120,error,humanised-aimbot,flick,2.50200450320644,0.0068,0.49
0.25,120,error,humanised-aimbot,flick,2.489590727779417,0.007,0.49
0.25,120,error,humanised-aimbot,flick,2.478414877982962,0.0072,0.492
0.25,120,error,humanised-aimbot,flick,2.435361281280744,0.0074,0.496
0.25,120,error,humanised-aimbot,flick,2.4346507771726857,0.0076,0.496
0.25,120,error,humanised-aimbot,flick,2.401949974733039,0.0078,0.502
0.25,120,error,humanised-aimbot,flick,2.3829368696916036,0.008,0.502
0.25,120,error,humanised-aimbot,flick,2.3136780672298665,0.0082,0.508
0.25,120,error,humanised-aimbot,flick,2.307143733954803,0.0084,0.508
0.25,120,error,humanised-aimbot,flick,2.2372999032877683,0.0086,0.516
0.25,120,error,humanised-aimbot,flick,2.1390567913343275,0.0088,0.53
0.25,120,error,humanised-aimbot,flick,2.1039414764513586,0.009,0.538
0.25,120,error,humanised-aimbot,flick,2.0449730807525137,0.0092,0.546
0.25,120,error,humanised-aimbot,flick,2.0229827887693355,0.0094,0.552
0.25,120,error,humanised-aimbot,flick,2.0183942419616603,0.0096,0.554
0.25,120,error,humanised-aimbot,flick,1.9938119938820855,0.0098,0.562
0.25,120,error,humanised-aimbot,flick,1.9642361168477023,0.01,0.564
0.25,120,error,humanised-aimbot,flick,1.9611247869066986,0.0102,0.566
0.25,120,error,humanised-aimbot,flick,1.1573652257156655,0.0302,0.732
0.25,120,error,humanised-aimbot,flick,0.7836919471141497,0.0502,0.798
0.25,120,error,humanised-aimbot,flick,0.5488189493961533,0.0704,0.842
0.25,120,error,humanised-aimbot,flick,0.40497505901868713,0.0906,0.868
0.25,120,error,humanised-aimbot,flick,0.31593655074902655,0.1106,0.888
0.25,120,error,humanised-aimbot,flick,0.23088917931624256,0.1308,0.902
0.25,120,error,humanised-aimbot,flick,0.17081645905350767,0.151,0.908
0.25,120,error,humanised-aimbot,flick,0.12137763244734326,0.171,0.922
0.25,120,error,humanised-aimbot,flick,0.08418901531914984,0.1912,0.928
0.25,120,error,humanised-aimbot,flick,0.05360171154297697,0.2114,0.94
0.25,120,error,humanised-aimbot,flick,0.03052488432785153,0.2316,0.948
0.25,120,error,humanised-aimbot,flick,0.01470846432920035,0.2518,0.956
0.25,120,error,humanised-aimbot,flick,0.005433066394251231,0.272,0.96
0.25,120,error,humanised-aimbot,flick,0.0005184475562392478,0.2922,0.964
0.25,120,error,humanised-aimbot,flick,-0.000542771349520542,0.3124,0.968
0.25,120,error,humanised-aimbot,flick,-0.005050079220968524,0.3326,0.974
0.25,120,error,humanised-aimbot,flick,-0.012472473643834942,0.3526,0.978
0.25,120,error,humanised-aimbot,flick,-0.021737809526389495,0.3728,0.978
0.25,120,error,humanised-aimbot,flick,-0.03882215332541814,0.393,0.98
0.25,120,error,humanised-aimbot,flick,-0.053246005195837144,0.4132,0.98
0.25,120,error,humanised-aimbot,flick,-0.07155503846459293,0.4334,0.982
0.25,120,error,humanised-aimbot,flick,-0.09272175629531981,0.4534,0.984
0.25,120,error,humanised-aimbot,flick,-0.1174542143798372,0.4736,0.986
0.25,120,error,humanised-aimbot,flick,-0.15039350191336653,0.4938,0.992
0.25,120,error,humanised-aimbot,flick,-0.18275922709541306,0.5138,0.992
0.25,120,error,humanised-aimbot,flick,-0.220033650382206,0.5338,0.992
0.25,120,error,humanised-aimbot,flick,-0.2628791420914351,0.554,0.992
0.25,120,error,humanised-aimbot,flick,-0.3071069213489049,0.5742,0.992
0.25,120,error,humanised-aimbot,flick,-0.34468731951951864,0.5944,0.992
0.25,120,error,humanised-aimbot,flick,-0.396805215938613,0.6146,0.992
0.25,120,error,humanised-aimbot,flick,-0.4494163294309807,0.6346,0.992
0.25,120,error,humanised-aimbot,flick,-0.5071242333548077,0.6548,0.992
0.25,120,error,humanised-aimbot,flick,-0.573847599956236,0.675,0.994
0.25,120,error,humanised-aimbot,flick,-0.6564197869040718,0.6952,0.994
0.25,120,error,humanised-aimbot,flick,-0.7303432295077894,0.7154,0.998
0.25,120,error,humanised-aimbot,flick,-0.8054952639160223,0.7354,0.998
0.25,120,error,humanised-aimbot,flick,-0.9169264046911942,0.7556,0.998
0.25,120,error,humanised-aimbot,flick,-1.0125725615446524,0.7758,0.998
0.25,120,error,humanised-aimbot,flick,-1.131303899644321,0.796,0.998
0.25,120,error,humanised-aimbot,flick,-1.2721921769546018,0.8162,1
0.25,120,error,humanised-aimbot,flick,-1.4008157997446202,0.8362,1
0.25,120,error,humanised-aimbot,flick,-1.5733910459686897,0.8564,1
0.25,120,error,humanised-aimbot,flick,-1.7527976965301928,0.8766,1
0.25,120,error,humanised-aimbot,flick,-1.9584009381095766,0.8968,1
0.25,120,error,humanised-aimbot,flick,-2.1924517148016416,0.917,1
0.25,120,error,humanised-aimbot,flick,-2.5373605687490883,0.937,1
0.25,120,error,humanised-aimbot,flick,-2.9989738936771104,0.9572,1
0.25,120,error,humanised-aimbot,flick,-3.805592278550452,0.9774,1
0.25,120,error,humanised-aimbot,flick,-6.977578664521714,0.9976,1
0.25,120,error,humanised-aimbot,flick,-inf,1,1
0.25,120,error,adaptive-aimbot,flick,inf,0,0
0.25,120,error,adaptive-aimbot,flick,6.474570829788621,0,1
0.25,120,error,adaptive-aimbot,flick,4.850409892629122,0.0002,1
0.25,120,error,adaptive-aimbot,flick,4.424040642475008,0.0004,1
0.25,120,error,adaptive-aimbot,flick,4.388648398508402,0.0006,1
0.25,120,error,adaptive-aimbot,flick,4.120886858960119,0.0008,1
0.25,120,error,adaptive-aimbot,flick,4.0879735958955585,0.001,1
0.25,120,error,adaptive-aimbot,flick,3.808474369901509,0.0012,1
0.25,120,error,adaptive-aimbot,flick,3.7628813517182222,0.0014,1
0.25,120,error,adaptive-aimbot,flick,3.7273552454228964,0.0016,1
0.25,120,error,adaptive-aimbot,flick,3.5790763592463213,0.0018,1
0.25,120,error,adaptive-aimbot,flick,3.564942041625826,0.002,1
0.25,120,error,adaptive-aimbot,flick,3.3178998541883504,0.0022,1
0.25,120,error,adaptive-aimbot,flick,3.130786981427482,0.0024,1
0.25,120,error,adaptive-aimbot,flick,3.1304667395239725,0.0026,1
0.25,120,error,adaptive-aimbot,flick,3.0814738349671464,0.0028,1
0.25,120,error,adaptive-aimbot,flick,3.0792084884094,0.003,1
0.25,120,error,adaptive-aimbot,flick,3.0766972866664033,0.0032,1
0.25,120,error,adaptive-aimbot,flick,3.0416631566174996,0.0034,1
0.25,120,error,adaptive-aimbot,flick,2.983111831777735,0.0036,1
0.25,120,error,adaptive-aimbot,flick,2.92808701208398,0.0038,1
0.25,120,error,adaptive-aimbot,flick,2.8662290193375877,0.004,1
0.25,120,error,adaptive-aimbot,flick,2.841206982576033,0.0042,1
0.25,120,error,adaptive-aimbot,flick,2.8284088287087163,0.0044,1
0.25,120,error,adaptive-aimbot,flick,2.7661577841898843,0.0046,1
0.25,120,error,adaptive-aimbot,flick,2.7270886143232334,0.0048,1
0.25,120,error,adaptive-aimbot,flick,2.72599120377559,0.005,1
0.25,120,error,adaptive-aimbot,flick,2.698688735824937,0.0052,1
0.25,120,error,adaptive-aimbot,flick,2.634527437825614,0.0054,1
0.25,120,error,adaptive-aimbot,flick,2.617265103287866,0.0056,1
0.25,120,error,adaptive-aimbot,flick,2.6168006177423835,0.0058,1
0.25,120,error,adaptive-aimbot,flick,2.6010341062047133,0.006,1
0.25,120,error,adaptive-aimbot,flick,2.5894455708699793,0.0062,1
0.25,120,error,adaptive-aimbot,flick,2.5853428318144815,0.0064,1
0.25,120,error,adaptive-aimbot,flick,2.5370300359134883,0.0066,1
0.25,120,error,adaptive-aimbot,flick,2.50200450320644,0.0068,1
0.25,120,error,adaptive-aimbot,flick,2.489590727779417,0.007,1
0.25,120,error,adaptive-aimbot,flick,2.478414877982962,0.0072,1
0.25,120,error,adaptive-aimbot,flick,2.435361281280744,0.0074,1
0.25,120,error,adaptive-aimbot,flick,2.4346507771726857,0.0076,1
0.25,120,error,adaptive-aimbot,flick,2.401949974733039,0.0078,1
0.25,120,error,adaptive-aimbot,flick,2.3829368696916036,0.008,1
0.25,120,error,adaptive-aimbot,flick,2.3136780672298665,0.0082,1
0.25,120,error,adaptive-aimbot,flick,2.307143733954803,0.0084,1
0.25,120,error,adaptive-aimbot,flick,2.2372999032877683,0.0086,1
0.25,120,error,adaptive-aimbot,flick,2.1390567913343275,0.0088,1
0.25,120,error,adaptive-aimbot,flick,2.1039414764513586,0.009,1
0.25,120,error,adaptive-aimbot,flick,2.0449730807525137,0.0092,1
0.25,120,error,adaptive-aimbot,flick,2.0229827887693355,0.0094,1
0.25,120,error,adaptive-aimbot,flick,2.0183942419616603,0.0096,1
0.25,120,error,adaptive-aimbot,flick,1.9938119938820855,0.0098,1
0.25,120,error,adaptive-aimbot,flick,1.9642361168477023,0.01,1
0.25,120,error,adaptive-aimbot,flick,1.9611247869066986,0.0102,1
0.25,120,error,adaptive-aimbot,flick,1.1573652257156655,0.0302,1
0.25,120,error,adaptive-aimbot,flick,0.7836919471141497,0.0502,1
0.25,120,error,adaptive-aimbot,flick,0.5488189493961533,0.0704,1
0.25,120,error,adaptive-aimbot,flick,0.40497505901868713,0.0906,1
0.25,120,error,adaptive-aimbot,flick,0.31593655074902655,0.1106,1
0.25,120,error,adaptive-aimbot,flick,0.23088917931624256,0.1308,1
0.25,120,error,adaptive-aimbot,flick,0.17081645905350767,0.151,1
0.25,120,error,adaptive-aimbot,flick,0.12137763244734326,0.171,1
0.25,120,error,adaptive-aimbot,flick,0.08418901531914984,0.1912,1
0.25,120,error,adaptive-aimbot,flick,0.05360171154297697,0.2114,1
0.25,120,error,adaptive-aimbot,flick,0.03052488432785153,0.2316,1
0.25,120,error,adaptive-aimbot,flick,0.01470846432920035,0.2518,1
0.25,120,error,adaptive-aimbot,flick,0.005433066394251231,0.272,1
0.25,120,error,adaptive-aimbot,flick,0.0005184475562392478,0.2922,1
0.25,120,error,adaptive-aimbot,flick,-0.000542771349520542,0.3124,1
0.25,120,error,adaptive-aimbot,flick,-0.005050079220968524,0.3326,1
0.25,120,error,adaptive-aimbot,flick,-0.012472473643834942,0.3526,1
0.25,120,error,adaptive-aimbot,flick,-0.021737809526389495,0.3728,1
0.25,120,error,adaptive-aimbot,flick,-0.03882215332541814,0.393,1
0.25,120,error,adaptive-aimbot,flick,-0.053246005195837144,0.4132,1
0.25,120,error,adaptive-aimbot,flick,-0.07155503846459293,0.4334,1
0.25,120,error,adaptive-aimbot,flick,-0.09272175629531981,0.4534,1
0.25,120,error,adaptive-aimbot,flick,-0.1174542143798372,0.4736,1
0.25,120,error,adaptive-aimbot,flick,-0.15039350191336653,0.4938,1
0.25,120,error,adaptive-aimbot,flick,-0.18275922709541306,0.5138,1
0.25,120,error,adaptive-aimbot,flick,-0.220033650382206,0.5338,1
0.25,120,error,adaptive-aimbot,flick,-0.2628791420914351,0.554,1
0.25,120,error,adaptive-aimbot,flick,-0.3071069213489049,0.5742,1
0.25,120,error,adaptive-aimbot,flick,-0.34468731951951864,0.5944,1
0.25,120,error,adaptive-aimbot,flick,-0.396805215938613,0.6146,1
0.25,120,error,adaptive-aimbot,flick,-0.4494163294309807,0.6346,1
0.25,120,error,adaptive-aimbot,flick,-0.5071242333548077,0.6548,1
0.25,120,error,adaptive-aimbot,flick,-0.573847599956236,0.675,1
0.25,120,error,adaptive-aimbot,flick,-0.6564197869040718,0.6952,1
0.25,120,error,adaptive-aimbot,flick,-0.7303432295077894,0.7154,1
0.25,120,error,adaptive-aimbot,flick,-0.8054952639160223,0.7354,1
0.25,120,error,adaptive-aimbot,flick,-0.9169264046911942,0.7556,1
0.25,120,error,adaptive-aimbot,flick,-1.0125725615446524,0.7758,1
0.25,120,error,adaptive-aimbot,flick,-1.131303899644321,0.796,1
0.25,120,error,adaptive-aimbot,flick,-1.2721921769546018,0.8162,1
0.25,120,error,adaptive-aimbot,flick,-1.4008157997446202,0.8362,1
0.25,120,error,adaptive-aimbot,flick,-1.5733910459686897,0.8564,1
0.25,120,error,adaptive-aimbot,flick,-1.7527976965301928,0.8766,1
0.25,120,error,adaptive-aimbot,flick,-1.9584009381095766,0.8968,1
0.25,120,error,adaptive-aimbot,flick,-2.1924517148016416,0.917,1
0.25,120,error,adaptive-aimbot,flick,-2.5373605687490883,0.937,1
0.25,120,error,adaptive-aimbot,flick,-2.9989738936771104,0.9572,1
0.25,120,error,adaptive-aimbot,flick,-3.805592278550452,0.9774,1
0.25,120,error,adaptive-aimbot,flick,-6.977578664521714,0.9976,1
0.25,120,error,adaptive-aimbot,flick,-inf,1,1
0.25,120,error,smoothing-aimbot,flick,inf,0,0
0.25,120,error,smoothing-aimbot,flick,6.474570829788621,0,0.038
0.25,120,error,smoothing-aimbot,flick,4.850409892629122,0.0002,0.048
0.25,120,error,smoothing-aimbot,flick,4.424040642475008,0.0004,0.054
0.25,120,error,smoothing-aimbot,flick,4.388648398508402,0.0006,0.054
0.25,120,error,smoothing-aimbot,flick,4.120886858960119,0.0008,0.054
0.25,120,error,smoothing-aimbot,flick,4.0879735958955585,0.001,0.054
0.25,120,error,smoothing-aimbot,flick,3.808474369901509,0.0012,0.058
0.25,120,error,smoothing-aimbot,flick,3.7628813517182222,0.0014,0.058
0.25,120,error,smoothing-aimbot,flick,3.7273552454228964,0.0016,0.058
0.25,120,error,smoothing-aimbot,flick,3.5790763592463213,0.0018,0.064
0.25,120,error,smoothing-aimbot,flick,3.564942041625826,0.002,0.064
0.25,120,error,smoothing-aimbot,flick,3.3178998541883504,0.0022,0.066
0.25,120,error,smoothing-aimbot,flick,3.130786981427482,0.0024,0.072
0.25,120,error,smoothing-aimbot,flick,3.1304667395239725,0.0026,0.072
0.25,120,error,smoothing-aimbot,flick,3.0814738349671464,0.0028,0.072
0.25,120,error,smoothing-aimbot,flick,3.0792084884094,0.003,0.072
0.25,120,error,smoothing-aimbot,flick,3.0766972866664033,0.0032,0.072
0.25,120,error,smoothing-aimbot,flick,3.0416631566174996,0.0034,0.074
0.25,120,error,smoothing-aimbot,flick,2.983111831777735,0.0036,0.074
0.25,120,error,smoothing-aimbot,flick,2.92808701208398,0.0038,0.074
0.25,120,error,smoothing-aimbot,flick,2.8662290193375877,0.004,0.076
0.25,120,error,smoothing-aimbot,flick,2.841206982576033,0.0042,0.076
0.25,120,error,smoothing-aimbot,flick,2.8284088287087163,0.0044,0.076
0.25,120,error,smoothing-aimbot,flick,2.7661577841898843,0.0046,0.076
0.25,120,error,smoothing-aimbot,flick,2.7270886143232334,0.0048,0.076
0.25,120,error,smoothing-aimbot,flick,2.72599120377559,0.005,0.076
0.25,120,error,smoothing-aimbot,flick,2.698688735824937,0.0052,0.08
0.25,120,error,smoothing-aimbot,flick,2.634527437825614,0.0054,0.084
0.25,120,error,smoothing-aimbot,flick,2.617265103287866,0.0056,0.086
0.25,120,error,smoothing-aimbot,flick,2.6168006177423835,0.0058,0.086
0.25,120,error,smoothing-aimbot,flick,2.6010341062047133,0.006,0.086
0.25,120,error,smoothing-aimbot,flick,2.5894455708699793,0.0062,0.086
0.25,120,error,smoothing-aimbot,flick,2.5853428318144815,0.0064,0.086
0.25,120,error,smoothing-aimbot,flick,2.5370300359134883,0.0066,0.086
0.25,120,error,smoothing-aimbot,flick,2.50200450320644,0.0068,0.086
0.25,120,error,smoothing-aimbot,flick,2.489590727779417,0.007,0.086
0.25,120,error,smoothing-aimbot,flick,2.478414877982962,0.0072,0.086
0.25,120,error,smoothing-aimbot,flick,2.435361281280744,0.0074,0.088
0.25,120,error,smoothing-aimbot,flick,2.4346507771726857,0.0076,0.088
0.25,120,error,smoothing-aimbot,flick,2.401949974733039,0.0078,0.088
0.25,120,error,smoothing-aimbot,flick,2.3829368696916036,0.008,0.092
0.25,120,error,smoothing-aimbot,flick,2.3136780672298665,0.0082,0.096
0.25,120,error,smoothing-aimbot,flick,2.307143733954803,0.0084,0.096
0.25,120,error,smoothing-aimbot,flick,2.2372999032877683,0.0086,0.098
0.25,120,error,smoothing-aimbot,flick,2.1390567913343275,0.0088,0.104
0.25,120,error,smoothing-aimbot,flick,2.1039414764513586,0.009,0.104
0.25,120,error,smoothing-aimbot,flick,2.0449730807525137,0.0092,0.104
0.25,120,error,smoothing-aimbot,flick,2.0229827887693355,0.0094,0.104
0.25,120,error,smoothing-aimbot,flick,2.0183942419616603,0.0096,0.104
0.25,120,error,smoothing-aimbot,flick,1.9938119938820855,0.0098,0.104
0.25,120,error,smoothing-aimbot,flick,1.9642361168477023,0.01,0.104
0.25,120,error,smoothing-aimbot,flick,1.9611247869066986,0.0102,0.104
0.25,120,error,smoothing-aimbot,flick,1.1573652257156655,0.0302,0.136
0.25,120,error,smoothing-aimbot,flick,0.7836919471141497,0.0502,0.168
0.25,120,error,smoothing-aimbot,flick,0.5488189493961533,0.0704,0.194
0.25,120,error,smoothing-aimbot,flick,0.40497505901868713,0.0906,0.214
0.25,120,error,smoothing-aimbot,flick,0.31593655074902655,0.1106,0.228
0.25,120,error,smoothing-aimbot,flick,0.23088917931624256,0.1308,0.24
0.25,120,error,smoothing-aimbot,flick,0.17081645905350767,0.151,0.252
0.25,120,error,smoothing-aimbot,flick,0.12137763244734326,0.171,0.264
0.25,120,error,smoothing-aimbot,flick,0.08418901531914984,0.1912,0.272
0.25,120,error,smoothing-aimbot,flick,0.05360171154297697,0.2114,0.272
0.25,120,error,smoothing-aimbot,flick,0.03052488432785153,0.2316,0.28
0.25,120,error,smoothing-aimbot,flick,0.01470846432920035,0.2518,0.284
0.25,120,error,smoothing-aimbot,flick,0.005433066394251231,0.272,0.296
0.25,120,error,smoothing-aimbot,flick,0.0005184475562392478,0.2922,0.312
0.25,120,error,smoothing-aimbot,flick,-0.000542771349520542,0.3124,0.33
0.25,120,error,smoothing-aimbot,flick,-0.005050079220968524,0.3326,0.334
0.25,120,error,smoothing-aimbot,flick,-0.012472473643834942,0.3526,0.348
0.25,120,error,smoothing-aimbot,flick,-0.021737809526389495,0.3728,0.352
0.25,120,error,smoothing-aimbot,flick,-0.03882215332541814,0.393,0.358
0.25,120,error,smoothing-aimbot,flick,-0.053246005195837144,0.4132,0.368
0.25,120,error,smoothing-aimbot,flick,-0.07155503846459293,0.4334,0.378
0.25,120,error,smoothing-aimbot,flick,-0.09272175629531981,0.4534,0.388
0.25,120,error,smoothing-aimbot,flick,-0.1174542143798372,0.4736,0.392
0.25,120,error,smoothing-aimbot,flick,-0.15039350191336653,0.4938,0.396
0.25,120,error,smoothing-aimbot,flick,-0.18275922709541306,0.5138,0.406
0.25,120,error,smoothing-aimbot,flick,-0.220033650382206,0.5338,0.422
0.25,120,error,smoothing-aimbot,flick,-0.2628791420914351,0.554,0.426
0.25,120,error,smoothing-aimbot,flick,-0.3071069213489049,0.5742,0.438
0.25,120,error,smoothing-aimbot,flick,-0.34468731951951864,0.5944,0.44
0.25,120,error,smoothing-aimbot,flick,-0.396805215938613,0.6146,0.448
0.25,120,error,smoothing-aimbot,flick,-0.4494163294309807,0.6346,0.456
0.25,120,error,smoothing-aimbot,flick,-0.5071242333548077,0.6548,0.458
0.25,120,error,smoothing-aimbot,flick,-0.573847599956236,0.675,0.462
0.25,120,error,smoothing-aimbot,flick,-0.6564197869040718,0.6952,0.48
0.25,120,error,smoothing-aimbot,flick,-0.7303432295077894,0.7154,0.488
0.25,120,error,smoothing-aimbot,flick,-0.8054952639160223,0.7354,0.492
0.25,120,error,smoothing-aimbot,flick,-0.9169264046911942,0.7556,0.506
0.25,120,error,smoothing-aimbot,flick,-1.0125725615446524,0.7758,0.514
0.25,120,error,smoothing-aimbot,flick,-1.131303899644321,0.796,0.52
0.25,120,error,smoothing-aimbot,flick,-1.2721921769546018,0.8162,0.532
0.25,120,error,smoothing-aimbot,flick,-1.4008157997446202,0.8362,0.536
0.25,120,error,smoothing-aimbot,flick,-1.5733910459686897,0.8564,0.56
0.25,120,error,smoothing-aimbot,flick,-1.7527976965301928,0.8766,0.568
0.25,120,error,smoothing-aimbot,flick,-1.9584009381095766,0.8968,0.578
0.25,120,error,smoothing-aimbot,flick,-2.1924517148016416,0.917,0.594
0.25,120,error,smoothing-aimbot,flick,-2.5373605687490883,0.937,0.61
0.25,120,error,smoothing-aimbot,flick,-2.9989738936771104,0.9572,0.636
0.25,120,error,smoothing-aimbot,flick,-3.805592278550452,0.9774,0.668
0.25,120,error,smoothing-aimbot,flick,-6.977578664521714,0.9976,0.788
0.25,120,error,smoothing-aimbot,flick,-inf,1,1
0.25,120,steps,smoothing-aimbot,flick,inf,0,0
0.25,120,steps,smoothing-aimbot,flick,1.0483868955502216,0,0.89
0.25,120,steps,smoothing-aimbot,flick,0.7137458570036364,0.0002,0.928
0.25,120,steps,smoothing-aimbot,flick,0.679749767741397,0.0004,0.938
0.25,120,steps,smoothing-aimbot,flick,0.6292252345991717,0.0006,0.944
0.25,120,steps,smoothing-aimbot,flick,0.5953261385572152,0.0008,0.946
0.25,120,steps,smoothing-aimbot,flick,0.5791721445636309,0.001,0.946
0.25,120,steps,smoothing-aimbot,flick,0.5377804678884163,0.0012,0.954
0.25,120,steps,smoothing-aimbot,flick,0.5338538086308281,0.0014,0.954
0.25,120,steps,smoothing-aimbot,flick,0.4887018867741818,0.0016,0.962
0.25,120,steps,smoothing-aimbot,flick,0.46567334886536765,0.0018,0.962
0.25,120,steps,smoothing-aimbot,flick,0.45804852749618813,0.002,0.962
0.25,120,steps,smoothing-aimbot,flick,0.4500448005759712,0.0022,0.964
0.25,120,steps,smoothing-aimbot,flick,0.40408913223377046,0.0024,0.968
0.25,120,steps,smoothing-aimbot,flick,0.3666879312201269,0.0026,0.968
0.25,120,steps,smoothing-aimbot,flick,0.3638376332550718,0.0028,0.97
0.25,120,steps,smoothing-aimbot,flick,0.354235375192437,0.003,0.972
0.25,120,steps,smoothing-aimbot,flick,0.3366958335696488,0.0032,0.972
0.25,120,steps,smoothing-aimbot,flick,0.3200187236146886,0.0034,0.972
0.25,120,steps,smoothing-aimbot,flick,0.309782563236262,0.0036,0.976
0.25,120,steps,smoothing-aimbot,flick,0.30455139826934796,0.0038,0.976
0.25,120,steps,smoothing-aimbot,flick,0.2988745892391441,0.004,0.978
0.25,120,steps,smoothing-aimbot,flick,0.29188230467355525,0.0042,0.978
0.25,120,steps,smoothing-aimbot,flick,0.26244622755963953,0.0044,0.984
0.25,120,steps,smoothing-aimbot,flick,0.2608233108963889,0.0046,0.984
0.25,120,steps,smoothing-aimbot,flick,0.25888120528971975,0.0048,0.984
0.25,120,steps,smoothing-aimbot,flick,0.25544561392503207,0.005,0.984
0.25,120,steps,smoothing-aimbot,flick,0.2543942543582204,0.0052,0.984
0.25,120,steps,smoothing-aimbot,flick,0.25197253981039547,0.0054,0.984
0.25,120,steps,smoothing-aimbot,flick,0.25025524478095873,0.0056,0.984
0.25,120,steps,smoothing-aimbot,flick,0.25015389764425555,0.0058,0.984
0.25,120,steps,smoothing-aimbot,flick,0.24805423788807227,0.006,0.984
0.25,120,steps,smoothing-aimbot,flick,0.2441042184252561,0.0062,0.984
0.25,120,steps,smoothing-aimbot,flick,0.24166711148807166,0.0064,0.984
0.25,120,steps,smoothing-aimbot,flick,0.2411858692476035,0.0066,0.984
0.25,120,steps,smoothing-aimbot,flick,0.23959846060029383,0.0068,0.984
0.25,120,steps,smoothing-aimbot,flick,0.23821131202773074,0.007,0.984
0.25,120,steps,smoothing-aimbot,flick,0.2373477254756673,0.0072,0.984
0.25,120,steps,smoothing-aimbot,flick,0.2352070935953848,0.0074,0.984
0.25,120,steps,smoothing-aimbot,flick,0.23515010211968385,0.0076,0.984
0.25,120,steps,smoothing-aimbot,flick,0.23513050484502343,0.0078,0.984
0.25,120,steps,smoothing-aimbot,flick,0.23354686359226545,0.008,0.984
0.25,120,steps,smoothing-aimbot,flick,0.2311413035465821,0.0082,0.984
0.25,120,steps,smoothing-aimbot,flick,0.23069218196069222,0.0084,0.984
0.25,120,steps,smoothing-aimbot,flick,0.22655836091864823,0.0086,0.984
0.25,120,steps,smoothing-aimbot,flick,0.2233562377145856,0.0088,0.984
0.25,120,steps,smoothing-aimbot,flick,0.22310397731854473,0.009,0.984
0.25,120,steps,smoothing-aimbot,flick,0.2215005870238161,0.0092,0.984
0.25,120,steps,smoothing-aimbot,flick,0.2190496386640187,0.0094,0.984
0.25,120,steps,smoothing-aimbot,flick,0.21892591401546513,0.0096,0.984
0.25,120,steps,smoothing-aimbot,flick,0.21637794571906238,0.0098,0.984
0.25,120,steps,smoothing-aimbot,flick,0.21358432020426307,0.01,0.984
0.25,120,steps,smoothing-aimbot,flick,0.21196802708546097,0.0102,0.984
0.25,120,steps,smoothing-aimbot,flick,0.11478113263442377,0.0302,0.99
0.25,120,steps,smoothing-aimbot,flick,0.07893211509897007,0.0502,0.994
0.25,120,steps,smoothing-aimbot,flick,0.055168166352007476,0.0704,0.994
0.25,120,steps,smoothing-aimbot,flick,0.04096690224116974,0.0906,0.994
0.25,120,steps,smoothing-aimbot,flick,0.0301253596768897,0.1106,0.996
0.25,120,steps,smoothing-aimbot,flick,0.02139987261308938,0.1308,0.996
0.25,120,steps,smoothing-aimbot,flick,0.014611396643733576,0.151,0.996
0.25,120,steps,smoothing-aimbot,flick,0.009360644147353957,0.171,0.998
0.25,120,steps,smoothing-aimbot,flick,0.005523845372107362,0.1912,0.998
0.25,120,steps,smoothing-aimbot,flick,0.0030162981476145093,0.2114,0.998
0.25,120,steps,smoothing-aimbot,flick,0.00118700596841218,0.2316,0.998
0.25,120,steps,smoothing-aimbot,flick,0.0002493937631894588,0.2518,1
0.25,120,steps,smoothing-aimbot,flick,-0.00000000014251580911736617,0.7368,1
0.25,120,steps,smoothing-aimbot,flick,-0.00034653668335196967,0.7568,1
0.25,120,steps,smoothing-aimbot,flick,-0.0017323231618130582,0.7768,1
0.25,120,steps,smoothing-aimbot,flick,-0.0038887107616922723,0.797,1
0.25,120,steps,smoothing-aimbot,flick,-0.007341021641500296,0.8172,1
0.25,120,steps,smoothing-aimbot,flick,-0.011577128106774429,0.8372,1
0.25,120,steps,smoothing-aimbot,flick,-0.016469724278295874,0.8574,1
0.25,120,steps,smoothing-aimbot,flick,-0.023554762823877116,0.8776,1
0.25,120,steps,smoothing-aimbot,flick,-0.03485143424449071,0.8978,1
0.25,120,steps,smoothing-aimbot,flick,-0.04634065151563421,0.918,1
0.25,120,steps,smoothing-aimbot,flick,-0.0627500904974203,0.9382,1
0.25,120,steps,smoothing-aimbot,flick,-0.08521905470344418,0.9582,1
0.25,120,steps,smoothing-aimbot,flick,-0.13763922467994605,0.9784,1
0.25,120,steps,smoothing-aimbot,flick,-0.3914764693548696,0.9986,1
0.25,120,steps,smoothing-aimbot,flick,-inf,1,1
0.25,120,error,fast-adaptive-aimbot,flick,inf,0,0
0.25,120,error,fast-adaptive-aimbot,flick,6.474570829788621,0,0.858
0.25,120,error,fast-adaptive-aimbot,flick,4.850409892629122,0.0002,0.924
0.25,120,error,fast-adaptive-aimbot,flick,4.424040642475008,0.0004,0.934
0.25,120,error,fast-adaptive-aimbot,flick,4.388648398508402,0.0006,0.94
0.25,120,error,fast-adaptive-aimbot,flick,4.120886858960119,0.0008,0.948
0.25,120,error,fast-adaptive-aimbot,flick,4.0879735958955585,0.001,0.95
0.25,120,error,fast-adaptive-aimbot,flick,3.808474369901509,0.0012,0.954
0.25,120,error,fast-adaptive-aimbot,flick,3.7628813517182222,0.0014,0.954
0.25,120,error,fast-adaptive-aimbot,flick,3.7273552454228964,0.0016,0.956
0.25,120,error,fast-adaptive-aimbot,flick,3.5790763592463213,0.0018,0.96
0.25,120,error,fast-adaptive-aimbot,flick,3.564942041625826,0.002,0.96
0.25,120,error,fast-adaptive-aimbot,flick,3.3178998541883504,0.0022,0.964
0.25,120,error,fast-adaptive-aimbot,flick,3.130786981427482,0.0024,0.968
0.25,120,error,fast-adaptive-aimbot,flick,3.1304667395239725,0.0026,0.968
0.25,120,error,fast-adaptive-aimbot,flick,3.0814738349671464,0.0028,0.968
0.25,120,error,fast-adaptive-aimbot,flick,3.0792084884094,0.003,0.968
0.25,120,error,fast-adaptive-aimbot,flick,3.0766972866664033,0.0032,0.968
0.25,120,error,fast-adaptive-aimbot,flick,3.0416631566174996,0.0034,0.968
0.25,120,error,fast-adaptive-aimbot,flick,2.983111831777735,0.0036,0.97
0.25,120,error,fast-adaptive-aimbot,flick,2.92808701208398,0.0038,0.97
0.25,120,error,fast-adaptive-aimbot,flick,2.8662290193375877,0.004,0.974
0.25,120,error,fast-adaptive-aimbot,flick,2.841206982576033,0.0042,0.974
0.25,120,error,fast-adaptive-aimbot,flick,2.8284088287087163,0.0044,0.976
0.25,120,error,fast-adaptive-aimbot,flick,2.7661577841898843,0.0046,0.976
0.25,120,error,fast-adaptive-aimbot,flick,2.7270886143232334,0.0048,0.976
0.25,120,error,fast-adaptive-aimbot,flick,2.72599120377559,0.005,0.976
0.25,120,error,fast-adaptive-aimbot,flick,2.698688735824937,0.0052,0.978
0.25,120,error,fast-adaptive-aimbot,flick,2.634527437825614,0.0054,0.98
0.25,120,error,fast-adaptive-aimbot,flick,2.617265103287866,0.0056,0.98
0.25,120,error,fast-adaptive-aimbot,flick,2.6168006177423835,0.0058,0.98
0.25,120,error,fast-adaptive-aimbot,flick,2.6010341062047133,0.006,0.982
0.25,120,error,fast-adaptive-aimbot,flick,2.5894455708699793,0.0062,0.982
0.25,120,error,fast-adaptive-aimbot,flick,2.5853428318144815,0.0064,0.982
0.25,120,error,fast-adaptive-aimbot,flick,2.5370300359134883,0.0066,0.984
0.25,120,error,fast-adaptive-aimbot,flick,2.50200450320644,0.0068,0.984
0.25,120,error,fast-adaptive-aimbot,flick,2.489590727779417,0.007,0.984
0.25,120,error,fast-adaptive-aimbot,flick,2.478414877982962,0.0072,0.984
0.25,120,error,fast-adaptive-aimbot,flick,2.435361281280744,0.0074,0.984
0.25,120,error,fast-adaptive-aimbot,flick,2.4346507771726857,0.0076,0.984
0.25,120,error,fast-adaptive-aimbot,flick,2.401949974733039,0.0078,0.986
0.25,120,error,fast-adaptive-aimbot,flick,2.3829368696916036,0.008,0.986
0.25,120,error,fast-adaptive-aimbot,flick,2.3136780672298665,0.0082,0.986
0.25,120,error,fast-adaptive-aimbot,flick,2.307143733954803,0.0084,0.986
0.25,120,error,fast-adaptive-aimbot,flick,2.2372999032877683,0.0086,0.986
0.25,120,error,fast-adaptive-aimbot,flick,2.1390567913343275,0.0088,0.986
0.25,120,error,fast-adaptive-aimbot,flick,2.1039414764513586,0.009,0.986
0.25,120,error,fast-adaptive-aimbot,flick,2.0449730807525137,0.0092,0.992
0.25,120,error,fast-adaptive-aimbot,flick,2.0229827887693355,0.0094,0.992
0.25,120,error,fast-adaptive-aimbot,flick,2.0183942419616603,0.0096,0.992
0.25,120,error,fast-adaptive-aimbot,flick,1.9938119938820855,0.0098,0.992
0.25,120,error,fast-adaptive-aimbot,flick,1.9642361168477023,0.01,0.992
0.25,120,error,fast-adaptive-aimbot,flick,1.9611247869066986,0.0102,0.992
0.25,120,error,fast-adaptive-aimbot,flick,1.1573652257156655,0.0302,0.994
0.25,120,error,fast-adaptive-aimbot,flick,0.7836919471141497,0.0502,0.998
0.25,120,error,fast-adaptive-aimbot,flick,0.5488189493961533,0.0704,1
0.25,120,error,fast-adaptive-aimbot,flick,0.40497505901868713,0.0906,1
0.25,120,error,fast-adaptive-aimbot,flick,0.31593655074902655,0.1106,1
0.25,120,error,fast-adaptive-aimbot,flick,0.23088917931624256,0.1308,1
0.25,120,error,fast-adaptive-aimbot,flick,0.17081645905350767,0.151,1
0.25,120,error,fast-adaptive-aimbot,flick,0.12137763244734326,0.171,1
0.25,120,error,fast-adaptive-aimbot,flick,0.08418901531914984,0.1912,1
0.25,120,error,fast-adaptive-aimbot,flick,0.05360171154297697,0.2114,1
0.25,120,error,fast-adaptive-aimbot,flick,0.03052488432785153,0.2316,1
0.25,120,error,fast-adaptive-aimbot,flick,0.01470846432920035,0.2518,1
0.25,120,error,fast-adaptive-aimbot,flick,0.005433066394251231,0.272,1
0.25,120,error,fast-adaptive-aimbot,flick,0.0005184475562392478,0.2922,1
0.25,120,error,fast-adaptive-aimbot,flick,-0.000542771349520542,0.3124,1
0.25,120,error,fast-adaptive-aimbot,flick,-0.005050079220968524,0.3326,1
0.25,120,error,fast-adaptive-aimbot,flick,-0.012472473643834942,0.3526,1
0.25,120,error,fast-adaptive-aimbot,flick,-0.021737809526389495,0.3728,1
0.25,120,error,fast-adaptive-aimbot,flick,-0.03882215332541814,0.393,1
0.25,120,error,fast-adaptive-aimbot,flick,-0.053246005195837144,0.4132,1
0.25,120,error,fast-adaptive-aimbot,flick,-0.07155503846459293,0.4334,1
0.25,120,error,fast-adaptive-aimbot,flick,-0.09272175629531981,0.4534,1
0.25,120,error,fast-adaptive-aimbot,flick,-0.1174542143798372,0.4736,1
0.25,120,error,fast-adaptive-aimbot,flick,-0.15039350191336653,0.4938,1
0.25,120,error,fast-adaptive-aimbot,flick,-0.18275922709541306,0.5138,1
0.25,120,error,fast-adaptive-aimbot,flick,-0.220033650382206,0.5338,1
0.25,120,error,fast-adaptive-aimbot,flick,-0.2628791420914351,0.554,1
0.25,120,error,fast-adaptive-aimbot,flick,-0.3071069213489049,0.5742,1
0.25,120,error,fast-adaptive-aimbot,flick,-0.34468731951951864,0.5944,1
0.25,120,error,fast-adaptive-aimbot,flick,-0.396805215938613,0.6146,1
0.25,120,error,fast-adaptive-aimbot,flick,-0.4494163294309807,0.6346,1
0.25,120,error,fast-adaptive-aimbot,flick,-0.5071242333548077,0.6548,1
0.25,120,error,fast-adaptive-aimbot,flick,-0.573847599956236,0.675,1
0.25,120,error,fast-adaptive-aimbot,flick,-0.6564197869040718,0.6952,1
0.25,120,error,fast-adaptive-aimbot,flick,-0.7303432295077894,0.7154,1
0.25,120,error,fast-adaptive-aimbot,flick,-0.8054952639160223,0.7354,1
0.25,120,error,fast-adaptive-aimbot,flick,-0.9169264046911942,0.7556,1
0.25,120,error,fast-adaptive-aimbot,flick,-1.0125725615446524,0.7758,1
0.25,120,error,fast-adaptive-aimbot,flick,-1.131303899644321,0.796,1
0.25,120,error,fast-adaptive-aimbot,flick,-1.2721921769546018,0.8162,1
0.25,120,error,fast-adaptive-aimbot,flick,-1.4008157997446202,0.8362,1
0.25,120,error,fast-adaptive-aimbot,flick,-1.5733910459686897,0.8564,1
0.25,120,error,fast-adaptive-aimbot,flick,-1.7527976965301928,0.8766,1
0.25,120,error,fast-adaptive-aimbot,flick,-1.9584009381095766,0.8968,1
0.25,120,error,fast-adaptive-aimbot,flick,-2.1924517148016416,0.917,1
0.25,120,error,fast-adaptive-aimbot,flick,-2.5373605687490883,0.937,1
0.25,120,error,fast-adaptive-aimbot,flick,-2.9989738936771104,0.9572,1
0.25,120,error,fast-adaptive-aimbot,flick,-3.805592278550452,0.9774,1
0.25,120,error,fast-adaptive-aimbot,flick,-6.977578664521714,0.9976,1
0.25,120,error,fast-adaptive-aimbot,flick,-inf,1,1
0.25,300,error,recoil-macro,spray,inf,0,0
0.25,300,error,recoil-macro,spray,5.423302734213837,0,0.01
0.25,300,error,recoil-macro,spray,4.787498431318487,0.0002,0.016
0.25,300,error,recoil-macro,spray,4.627195662704363,0.0004,0.022
0.25,300,error,recoil-macro,spray,4.346897066770617,0.0006,0.028
0.25,300,error,recoil-macro,spray,4.336389572287798,0.0008,0.028
0.25,300,error,recoil-macro,spray,4.164831267516389,0.001,0.03
0.25,300,error,recoil-macro,spray,4.083152654559501,0.0012,0.03
0.25,300,error,recoil-macro,spray,3.7091074590487274,0.0014,0.034
0.25,300,error,recoil-macro,spray,3.6778308298548557,0.0016,0.036
0.25,300,error,recoil-macro,spray,3.659665312564337,0.0018,0.036
0.25,300,error,recoil-macro,spray,3.385947924782684,0.002,0.042
0.25,300,error,recoil-macro,spray,3.381538499895616,0.0022,0.042
0.25,300,error,recoil-macro,spray,3.351251175863745,0.0024,0.042
0.25,300,error,recoil-macro,spray,3.3246239011289975,0.0026,0.042
0.25,300,error,recoil-macro,spray,3.2759009764291145,0.0028,0.042
0.25,300,error,recoil-macro,spray,3.193416892483729,0.003,0.05
0.25,300,error,recoil-macro,spray,3.0185316779893547,0.0032,0.06
0.25,300,error,recoil-macro,spray,3.0073589695136995,0.0034,0.06
0.25,300,error,recoil-macro,spray,2.968286826453668,0.0036,0.062
0.25,300,error,recoil-macro,spray,2.964182680233856,0.0038,0.062
0.25,300,error,recoil-macro,spray,2.836955843897113,0.004,0.064
0.25,300,error,recoil-macro,spray,2.8050407717485797,0.0042,0.064
0.25,300,error,recoil-macro,spray,2.7673144458287173,0.0044,0.066
0.25,300,error,recoil-macro,spray,2.7358074438802453,0.0046,0.07
0.25,300,error,recoil-macro,spray,2.723925515133281,0.0048,0.07
0.25,300,error,recoil-macro,spray,2.7120848565564954,0.005,0.07
0.25,300,error,recoil-macro,spray,2.609432501289973,0.0052,0.078
0.25,300,error,recoil-macro,spray,2.6075709851779796,0.0054,0.078
0.25,300,error,recoil-macro,spray,2.5957687315256353,0.0056,0.078
0.25,300,error,recoil-macro,spray,2.5776361832181585,0.0058,0.082
0.25,300,error,recoil-macro,spray,2.5484920924370082,0.006,0.086
0.25,300,error,recoil-macro,spray,2.548177218412985,0.0062,0.086
0.25,300,error,recoil-macro,spray,2.5441851060673826,0.0064,0.086
0.25,300,error,recoil-macro,spray,2.5333639952780205,0.0066,0.086
0.25,300,error,recoil-macro,spray,2.5325147548328295,0.0068,0.086
0.25,300,error,recoil-macro,spray,2.503755041512182,0.007,0.088
0.25,300,error,recoil-macro,spray,2.4942477197955513,0.0072,0.09
0.25,300,error,recoil-macro,spray,2.4537038294488767,0.0074,0.098
0.25,300,error,recoil-macro,spray,2.4269302902690018,0.0076,0.1
0.25,300,error,recoil-macro,spray,2.404107895815958,0.0078,0.1
0.25,300,error,recoil-macro,spray,2.392176733162365,0.008,0.1
0.25,300,error,recoil-macro,spray,2.3632043586728293,0.0082,0.1
0.25,300,error,recoil-macro,spray,2.3604911235803936,0.0084,0.1
0.25,300,error,recoil-macro,spray,2.349295925156315,0.0086,0.1
0.25,300,error,recoil-macro,spray,2.334932539554388,0.0088,0.1
0.25,300,error,recoil-macro,spray,2.3325453983403603,0.009,0.1
0.25,300,error,recoil-macro,spray,2.3273890573506115,0.0092,0.1
0.25,300,error,recoil-macro,spray,2.324704799241954,0.0094,0.1
0.25,300,error,recoil-macro,spray,2.314298781913958,0.0096,0.102
0.25,300,error,recoil-macro,spray,2.3094077854605466,0.0098,0.102
0.25,300,error,recoil-macro,spray,2.2832394291994107,0.01,0.108
0.25,300,error,recoil-macro,spray,2.2818231281373533,0.0102,0.108
0.25,300,error,recoil-macro,spray,1.4279888004696317,0.0302,0.226
0.25,300,error,recoil-macro,spray,1.0588464003573872,0.0502,0.296
0.25,300,error,recoil-macro,spray,0.7997709382363387,0.0704,0.378
0.25,300,error,recoil-macro,spray,0.6023022591599814,0.0906,0.44
0.25,300,error,recoil-macro,spray,0.4612824153599835,0.1106,0.482
0.25,300,error,recoil-macro,spray,0.37808673838028034,0.1308,0.52
0.25,300,error,recoil-macro,spray,0.3085486782054878,0.151,0.56
0.25,300,error,recoil-macro,spray,0.2501801140547146,0.171,0.592
0.25,300,error,recoil-macro,spray,0.19904728146353914,0.1912,0.624
0.25,300,error,recoil-macro,spray,0.1586618819024873,0.2114,0.644
0.25,300,error,recoil-macro,spray,0.1229437364782004,0.2316,0.666
0.25,300,error,recoil-macro,spray,0.0968474812240763,0.2518,0.682
0.25,300,error,recoil-macro,spray,0.06866152957641976,0.272,0.692
0.25,300,error,recoil-macro,spray,0.04805013641747068,0.2922,0.712
0.25,300,error,recoil-macro,spray,0.03118225164192211,0.3124,0.738
0.25,300,error,recoil-macro,spray,0.020363167714607357,0.3326,0.754
0.25,300,error,recoil-macro,spray,0.012126150075435627,0.3526,0.768
0.25,300,error,recoil-macro,spray,0.00475271027725204,0.3728,0.784
0.25,300,error,recoil-macro,spray,0.0005240543410896133,0.393,0.794
0.25,300,error,recoil-macro,spray,-0.00004636457563197718,0.4132,0.802
0.25,300,error,recoil-macro,spray,-0.0021166169185372324,0.4334,0.812
0.25,300,error,recoil-macro,spray,-0.007729206243944562,0.4534,0.824
0.25,300,error,recoil-macro,spray,-0.01629280368160547,0.4736,0.832
0.25,300,error,recoil-macro,spray,-0.026595263187927015,0.4938,0.84
0.25,300,error,recoil-macro,spray,-0.040274933643286284,0.5138,0.852
0.25,300,error,recoil-macro,spray,-0.05488380910194694,0.5338,0.86
0.25,300,error,recoil-macro,spray,-0.06992037461893263,0.554,0.868
0.25,300,error,recoil-macro,spray,-0.0911119886176123,0.5742,0.874
0.25,300,error,recoil-macro,spray,-0.11719079257233157,0.5944,0.884
0.25,300,error,recoil-macro,spray,-0.13859899779244372,0.6146,0.898
0.25,300,error,recoil-macro,spray,-0.1704181774702538,0.6346,0.904
0.25,300,error,recoil-macro,spray,-0.20052473818920383,0.6548,0.918
0.25,300,error,recoil-macro,spray,-0.24091319871710534,0.675,0.928
0.25,300,error,recoil-macro,spray,-0.2780194695875991,0.6952,0.934
0.25,300,error,recoil-macro,spray,-0.31555883411010743,0.7154,0.936
0.25,300,error,recoil-macro,spray,-0.35973262146622165,0.7354,0.94
0.25,300,error,recoil-macro,spray,-0.40996473883781503,0.7556,0.95
0.25,300,error,recoil-macro,spray,-0.4750054936280628,0.7758,0.954
0.25,300,error,recoil-macro,spray,-0.5441950236969286,0.796,0.966
0.25,300,error,recoil-macro,spray,-0.6137238533381135,0.8162,0.97
0.25,300,error,recoil-macro,spray,-0.7036673335043417,0.8362,0.978
0.25,300,error,recoil-macro,spray,-0.7929506270913872,0.8564,0.98
0.25,300,error,recoil-macro,spray,-0.888972540390856,0.8766,0.984
0.25,300,error,recoil-macro,spray,-1.022596436934666,0.8968,0.99
0.25,300,error,recoil-macro,spray,-1.1733815775901006,0.917,0.992
0.25,300,error,recoil-macro,spray,-1.4441709482201572,0.937,0.992
0.25,300,error,recoil-macro,spray,-1.7803197890766025,0.9572,0.998
0.25,300,error,recoil-macro,spray,-2.3826822150994906,0.9774,0.998
0.25,300,error,recoil-macro,spray,-4.633356650236552,0.9976,1
0.25,300,error,recoil-macro,spray,-inf,1,1
0.25,300,error,flick-aimbot,flick,inf,0,0
0.25,300,error,flick-aimbot,flick,4.40475192616428,0,1
0.25,300,error,flick-aimbot,flick,4.369636579039114,0.0002,1
0.25,300,error,flick-aimbot,flick,4.289022899043064,0.0004,1
0.25,300,error,flick-aimbot,flick,3.6357128857526826,0.0006,1
0.25,300,error,flick-aimbot,flick,3.2616200423942057,0.0008,1
0.25,300,error,flick-aimbot,flick,3.0510500451289992,0.001,1
0.25,300,error,flick-aimbot,flick,3.04794111348014,0.0012,1
0.25,300,error,flick-aimbot,flick,3.0129469917808067,0.0014,1
0.25,300,error,flick-aimbot,flick,2.7146113325453753,0.0016,1
0.25,300,error,flick-aimbot,flick,2.689589401974642,0.0018,1
0.25,300,error,flick-aimbot,flick,2.629826137323719,0.002,1
0.25,300,error,flick-aimbot,flick,2.624399064335017,0.0022,1
0.25,300,error,flick-aimbot,flick,2.5653382030378222,0.0024,1
0.25,300,error,flick-aimbot,flick,2.5396948683902956,0.0026,1
0.25,300,error,flick-aimbot,flick,2.489954819021005,0.0028,1
0.25,300,error,flick-aimbot,flick,2.4759228309728054,0.003,1
0.25,300,error,flick-aimbot,flick,2.469041807406624,0.0032,1
0.25,300,error,flick-aimbot,flick,2.4615264606681735,0.0034,1
0.25,300,error,flick-aimbot,flick,2.4399157487534393,0.0036,1
0.25,300,error,flick-aimbot,flick,2.379839595394215,0.0038,1
0.25,300,error,flick-aimbot,flick,2.2969424692362845,0.004,1
0.25,300,error,flick-aimbot,flick,2.245754301502896,0.0042,1
0.25,300,error,flick-aimbot,flick,2.0900267874750957,0.0044,1
0.25,300,error,flick-aimbot,flick,2.0569980371202274,0.0046,1
0.25,300,error,flick-aimbot,flick,2.0505525119952304,0.0048,1
0.25,300,error,flick-aimbot,flick,2.0339097317924897,0.005,1
0.25,300,error,flick-aimbot,flick,2.0004395055843394,0.0052,1
0.25,300,error,flick-aimbot,flick,1.9861420002291739,0.0054,1
0.25,300,error,flick-aimbot,flick,1.9454004478645142,0.0056,1
0.25,300,error,flick-aimbot,flick,1.9276540707774994,0.0058,1
0.25,300,error,flick-aimbot,flick,1.9223428571685781,0.006,1
0.25,300,error,flick-aimbot,flick,1.9179966643400488,0.0062,1
0.25,300,error,flick-aimbot,flick,1.9102484885184492,0.0064,1
0.25,300,error,flick-aimbot,flick,1.8915763261333305,0.0066,1
0.25,300,error,flick-aimbot,flick,1.872312337404826,0.0068,1
0.25,300,error,flick-aimbot,flick,1.7824020804900484,0.007,1
0.25,300,error,flick-aimbot,flick,1.7566811809460003,0.0072,1
0.25,300,error,flick-aimbot,flick,1.7278245338708267,0.0074,1
0.25,300,error,flick-aimbot,flick,1.7258133038789056,0.0076,1
0.25,300,error,flick-aimbot,flick,1.6980994284837239,0.0078,1
0.25,300,error,flick-aimbot,flick,1.6879343095104693,0.008,1
0.25,300,error,flick-aimbot,flick,1.672771537448188,0.0082,1
0.25,300,error,flick-aimbot,flick,1.6704418418350475,0.0084,1
0.25,300,error,flick-aimbot,flick,1.6649601193883847,0.0086,1
0.25,300,error,flick-aimbot,flick,1.651814577652323,0.0088,1
0.25,300,error,flick-aimbot,flick,1.6490510953086925,0.009,1
0.25,300,error,flick-aimbot,flick,1.616731607510291,0.0092,1
0.25,300,error,flick-aimbot,flick,1.6049983206211804,0.0094,1
0.25,300,error,flick-aimbot,flick,1.589725785524943,0.0096,1
0.25,300,error,flick-aimbot,flick,1.58706159668834,0.0098,1
0.25,300,error,flick-aimbot,flick,1.5718284903953106,0.01,1
0.25,300,error,flick-aimbot,flick,1.5620661646956893,0.0102,1
0.25,300,error,flick-aimbot,flick,0.7885622121263587,0.0302,1
0.25,300,error,flick-aimbot,flick,0.4871758539534002,0.0502,1
0.25,300,error,flick-aimbot,flick,0.29311244008394305,0.0704,1
0.25,300,error,flick-aimbot,flick,0.19728377103725733,0.0906,1
0.25,300,error,flick-aimbot,flick,0.12950179294626024,0.1106,1
0.25,300,error,flick-aimbot,flick,0.06939667771001772,0.1308,1
0.25,300,error,flick-aimbot,flick,0.03553009236817318,0.151,1
0.25,300,error,flick-aimbot,flick,0.01681860722343784,0.171,1
0.25,300,error,flick-aimbot,flick,0.004062217300619525,0.1912,1
0.25,300,error,flick-aimbot,flick,0.00018936790491048876,0.2114,1
0.25,300,error,flick-aimbot,flick,-0.0020470908657159084,0.2316,1
0.25,300,error,flick-aimbot,flick,-0.009641751569659105,0.2518,1
0.25,300,error,flick-aimbot,flick,-0.02456262787821109,0.272,1
0.25,300,error,flick-aimbot,flick,-0.04342488154841737,0.2922,1
0.25,300,error,flick-aimbot,flick,-0.06672207692917151,0.3124,1
0.25,300,error,flick-aimbot,flick,-0.09106786722465882,0.3326,1
0.25,300,error,flick-aimbot,flick,-0.11566024117344785,0.3526,1
0.25,300,error,flick-aimbot,flick,-0.1505308313124299,0.3728,1
0.25,300,error,flick-aimbot,flick,-0.18517719653109901,0.393,1
0.25,300,error,flick-aimbot,flick,-0.22305789898088255,0.4132,1
0.25,300,error,flick-aimbot,flick,-0.27168786957552604,0.4334,1
0.25,300,error,flick-aimbot,flick,-0.3103367794096344,0.4534,1
0.25,300,error,flick-aimbot,flick,-0.35644056183511563,0.4736,1
0.25,300,error,flick-aimbot,flick,-0.4050724597463699,0.4938,1
0.25,300,error,flick-aimbot,flick,-0.4606730220973657,0.5138,1
0.25,300,error,flick-aimbot,flick,-0.5180133451103343,0.5338,1
0.25,300,error,flick-aimbot,flick,-0.5803797349577716,0.554,1
0.25,300,error,flick-aimbot,flick,-0.6391450888329436,0.5742,1
0.25,300,error,flick-aimbot,flick,-0.7067919850345968,0.5944,1
0.25,300,error,flick-aimbot,flick,-0.7779183328800512,0.6146,1
0.25,300,error,flick-aimbot,flick,-0.8487253352920089,0.6346,1
0.25,300,error,flick-aimbot,flick,-0.9491588528502318,0.6548,1
0.25,300,error,flick-aimbot,flick,-1.0468224650287095,0.675,1
0.25,300,error,flick-aimbot,flick,-1.1395281361780034,0.6952,1
0.25,300,error,flick-aimbot,flick,-1.2415787422013347,0.7154,1
0.25,300,error,flick-aimbot,flick,-1.354205068876648,0.7354,1
0.25,300,error,flick-aimbot,flick,-1.4834831522753555,0.7556,1
0.25,300,error,flick-aimbot,flick,-1.5995567994963638,0.7758,1
0.25,300,error,flick-aimbot,flick,-1.7532717434336271,0.796,1
0.25,300,error,flick-aimbot,flick,-1.901702237601421,0.8162,1
0.25,300,error,flick-aimbot,flick,-2.102142602296008,0.8362,1
0.25,300,error,flick-aimbot,flick,-2.2905234406606363,0.8564,1
0.25,300,error,flick-aimbot,flick,-2.4777352194702402,0.8766,1
0.25,300,error,flick-aimbot,flick,-2.7615471048521076,0.8968,1
0.25,300,error,flick-aimbot,flick,-3.1177294753958593,0.917,1
0.25,300,error,flick-aimbot,flick,-3.519656981916774,0.937,1
0.25,300,error,flick-aimbot,flick,-4.141140856079864,0.9572,1
0.25,300,error,flick-aimbot,flick,-5.051219745990486,0.9774,1
0.25,300,error,flick-aimbot,flick,-8.495888453423122,0.9976,1
0.25,300,error,flick-aimbot,flick,-inf,1,1
0.25,300,error,humanised-aimbot,flick,inf,0,0
0.25,300,error,humanised-aimbot,flick,4.40475192616428,0,0.584
0.25,300,error,humanised-aimbot,flick,4.369636579039114,0.0002,0.588
0.25,300,error,humanised-aimbot,flick,4.289022899043064,0.0004,0.592
0.25,300,error,humanised-aimbot,flick,3.6357128857526826,0.0006,0.654
0.25,300,error,humanised-aimbot,flick,3.2616200423942057,0.0008,0.686
0.25,300,error,humanised-aimbot,flick,3.0510500451289992,0.001,0.702
0.25,300,error,humanised-aimbot,flick,3.04794111348014,0.0012,0.702
0.25,300,error,humanised-aimbot,flick,3.0129469917808067,0.0014,0.704
0.25,300,error,humanised-aimbot,flick,2.7146113325453753,0.0016,0.728
0.25,300,error,humanised-aimbot,flick,2.689589401974642,0.0018,0.73
0.25,300,error,humanised-aimbot,flick,2.629826137323719,0.002,0.736
0.25,300,error,humanised-aimbot,flick,2.624399064335017,0.0022,0.736
0.25,300,error,humanised-aimbot,flick,2.5653382030378222,0.0024,0.742
0.25,300,error,humanised-aimbot,flick,2.5396948683902956,0.0026,0.744
0.25,300,error,humanised-aimbot,flick,2.489954819021005,0.0028,0.754
0.25,300,error,humanised-aimbot,flick,2.4759228309728054,0.003,0.758
0.25,300,error,humanised-aimbot,flick,2.469041807406624,0.0032,0.758
0.25,300,error,humanised-aimbot,flick,2.4615264606681735,0.0034,0.758
0.25,300,error,humanised-aimbot,flick,2.4399157487534393,0.0036,0.758
0.25,300,error,humanised-aimbot,flick,2.379839595394215,0.0038,0.764
0.25,300,error,humanised-aimbot,flick,2.2969424692362845,0.004,0.774
0.25,300,error,humanised-aimbot,flick,2.245754301502896,0.0042,0.78
0.25,300,error,humanised-aimbot,flick,2.0900267874750957,0.0044,0.806
0.25,300,error,humanised-aimbot,flick,2.0569980371202274,0.0046,0.81
0.25,300,error,humanised-aimbot,flick,2.0505525119952304,0.0048,0.812
0.25,300,error,humanised-aimbot,flick,2.0339097317924897,0.005,0.812
0.25,300,error,humanised-aimbot,flick,2.0004395055843394,0.0052,0.814
0.25,300,error,humanised-aimbot,flick,1.9861420002291739,0.0054,0.816
0.25,300,error,humanised-aimbot,flick,1.9454004478645142,0.0056,0.824
0.25,300,error,humanised-aimbot,flick,1.9276540707774994,0.0058,0.824
0.25,300,error,humanised-aimbot,flick,1.9223428571685781,0.006,0.826
0.25,300,error,humanised-aimbot,flick,1.9179966643400488,0.0062,0.826
0.25,300,error,humanised-aimbot,flick,1.9102484885184492,0.0064,0.826
0.25,300,error,humanised-aimbot,flick,1.8915763261333305,0.0066,0.83
0.25,300,error,humanised-aimbot,flick,1.872312337404826,0.0068,0.836
0.25,300,error,humanised-aimbot,flick,1.7824020804900484,0.007,0.842
0.25,300,error,humanised-aimbot,flick,1.7566811809460003,0.0072,0.846
0.25,300,error,humanised-aimbot,flick,1.7278245338708267,0.0074,0.846
0.25,300,error,humanised-aimbot,flick,1.7258133038789056,0.0076,0.848
0.25,300,error,humanised-aimbot,flick,1.6980994284837239,0.0078,0.854
0.25,300,error,humanised-aimbot,flick,1.6879343095104693,0.008,0.856
0.25,300,error,humanised-aimbot,flick,1.672771537448188,0.0082,0.858
0.25,300,error,humanised-aimbot,flick,1.6704418418350475,0.0084,0.86
0.25,300,error,humanised-aimbot,flick,1.6649601193883847,0.0086,0.86
0.25,300,error,humanised-aimbot,flick,1.651814577652323,0.0088,0.86
0.25,300,error,humanised-aimbot,flick,1.6490510953086925,0.009,0.86
0.25,300,error,humanised-aimbot,flick,1.616731607510291,0.0092,0.862
0.25,300,error,humanised-aimbot,flick,1.6049983206211804,0.0094,0.866
0.25,300,error,humanised-aimbot,flick,1.589725785524943,0.0096,0.868
0.25,300,error,humanised-aimbot,flick,1.58706159668834,0.0098,0.868
0.25,300,error,humanised-aimbot,flick,1.5718284903953106,0.01,0.868
0.25,300,error,humanised-aimbot,flick,1.5620661646956893,0.0102,0.868
0.25,300,error,humanised-aimbot,flick,0.7885622121263587,0.0302,0.94
0.25,300,error,humanised-aimbot,flick,0.4871758539534002,0.0502,0.96
0.25,300,error,humanised-aimbot,flick,0.29311244008394305,0.0704,0.974
0.25,300,error,humanised-aimbot,flick,0.19728377103725733,0.0906,0.982
0.25,300,error,humanised-aimbot,flick,0.12950179294626024,0.1106,0.99
0.25,300,error,humanised-aimbot,flick,0.06939667771001772,0.1308,0.994
0.25,300,error,humanised-aimbot,flick,0.03553009236817318,0.151,0.994
0.25,300,error,humanised-aimbot,flick,0.01681860722343784,0.171,0.994
0.25,300,error,humanised-aimbot,flick,0.004062217300619525,0.1912,0.994
0.25,300,error,humanised-aimbot,flick,0.00018936790491048876,0.2114,0.994
0.25,300,error,humanised-aimbot,flick,-0.0020470908657159084,0.2316,0.998
0.25,300,error,humanised-aimbot,flick,-0.009641751569659105,0.2518,0.998
0.25,300,error,humanised-aimbot,flick,-0.02456262787821109,0.272,0.998
0.25,300,error,humanised-aimbot,flick,-0.04342488154841737,0.2922,0.998
0.25,300,error,humanised-aimbot,flick,-0.06672207692917151,0.3124,0.998
0.25,300,error,humanised-aimbot,flick,-0.09106786722465882,0.3326,0.998
0.25,300,error,humanised-aimbot,flick,-0.11566024117344785,0.3526,0.998
0.25,300,error,humanised-aimbot,flick,-0.1505308313124299,0.3728,0.998
0.25,300,error,humanised-aimbot,flick,-0.18517719653109901,0.393,0.998
0.25,300,error,humanised-aimbot,flick,-0.22305789898088255,0.4132,1
0.25,300,error,humanised-aimbot,flick,-0.27168786957552604,0.4334,1
0.25,300,error,humanised-aimbot,flick,-0.3103367794096344,0.4534,1
0.25,300,error,humanised-aimbot,flick,-0.35644056183511563,0.4736,1
0.25,300,error,humanised-aimbot,flick,-0.4050724597463699,0.4938,1
0.25,300,error,humanised-aimbot,flick,-0.4606730220973657,0.5138,1
0.25,300,error,humanised-aimbot,flick,-0.5180133451103343,0.5338,1
0.25,300,error,humanised-aimbot,flick,-0.5803797349577716,0.554,1
0.25,300,error,humanised-aimbot,flick,-0.6391450888329436,0.5742,1
0.25,300,error,humanised-aimbot,flick,-0.7067919850345968,0.5944,1
0.25,300,error,humanised-aimbot,flick,-0.7779183328800512,0.6146,1
0.25,300,error,humanised-aimbot,flick,-0.8487253352920089,0.6346,1
0.25,300,error,humanised-aimbot,flick,-0.9491588528502318,0.6548,1
0.25,300,error,humanised-aimbot,flick,-1.0468224650287095,0.675,1
0.25,300,error,humanised-aimbot,flick,-1.1395281361780034,0.6952,1
0.25,300,error,humanised-aimbot,flick,-1.2415787422013347,0.7154,1
0.25,300,error,humanised-aimbot,flick,-1.354205068876648,0.7354,1
0.25,300,error,humanised-aimbot,flick,-1.4834831522753555,0.7556,1
0.25,300,error,humanised-aimbot,flick,-1.5995567994963638,0.7758,1
0.25,300,error,humanised-aimbot,flick,-1.7532717434336271,0.796,1
0.25,300,error,humanised-aimbot,flick,-1.901702237601421,0.8162,1
0.25,300,error,humanised-aimbot,flick,-2.102142602296008,0.8362,1
0.25,300,error,humanised-aimbot,flick,-2.2905234406606363,0.8564,1
0.25,300,error,humanised-aimbot,flick,-2.4777352194702402,0.8766,1
0.25,300,error,humanised-aimbot,flick,-2.7615471048521076,0.8968,1
0.25,300,error,humanised-aimbot,flick,-3.1177294753958593,0.917,1
0.25,300,error,humanised-aimbot,flick,-3.519656981916774,0.937,1
0.25,300,error,humanised-aimbot,flick,-4.141140856079864,0.9572,1
0.25,300,error,humanised-aimbot,flick,-5.051219745990486,0.9774,1
0.25,300,error,humanised-aimbot,flick,-8.495888453423122,0.9976,1
0.25,300,error,humanised-aimbot,flick,-inf,1,1
0.25,300,error,adaptive-aimbot,flick,inf,0,0
0.25,300,error,adaptive-aimbot,flick,4.40475192616428,0,1
0.25,300,error,adaptive-aimbot,flick,4.369636579039114,0.0002,1
0.25,300,error,adaptive-aimbot,flick,4.289022899043064,0.0004,1
0.25,300,error,adaptive-aimbot,flick,3.6357128857526826,0.0006,1
0.25,300,error,adaptive-aimbot,flick,3.2616200423942057,0.0008,1
0.25,300,error,adaptive-aimbot,flick,3.0510500451289992,0.001,1
0.25,300,error,adaptive-aimbot,flick,3.04794111348014,0.0012,1
0.25,300,error,adaptive-aimbot,flick,3.0129469917808067,0.0014,1
0.25,300,error,adaptive-aimbot,flick,2.7146113325453753,0.0016,1
0.25,300,error,adaptive-aimbot,flick,2.689589401974642,0.0018,1
0.25,300,error,adaptive-aimbot,flick,2.629826137323719,0.002,1
0.25,300,error,adaptive-aimbot,flick,2.624399064335017,0.0022,1
0.25,300,error,adaptive-aimbot,flick,2.5653382030378222,0.0024,1
0.25,300,error,adaptive-aimbot,flick,2.5396948683902956,0.0026,1
0.25,300,error,adaptive-aimbot,flick,2.489954819021005,0.0028,1
0.25,300,error,adaptive-aimbot,flick,2.4759228309728054,0.003,1
0.25,300,error,adaptive-aimbot,flick,2.469041807406624,0.0032,1
0.25,300,error,adaptive-aimbot,flick,2.4615264606681735,0.0034,1
0.25,300,error,adaptive-aimbot,flick,2.4399157487534393,0.0036,1
0.25,300,error,adaptive-aimbot,flick,2.379839595394215,0.0038,1
0.25,300,error,adaptive-aimbot,flick,2.2969424692362845,0.004,1
0.25,300,error,adaptive-aimbot,flick,2.245754301502896,0.0042,1
0.25,300,error,adaptive-aimbot,flick,2.0900267874750957,0.0044,1
0.25,300,error,adaptive-aimbot,flick,2.0569980371202274,0.0046,1
0.25,300,error,adaptive-aimbot,flick,2.0505525119952304,0.0048,1
0.25,300,error,adaptive-aimbot,flick,2.0339097317924897,0.005,1
0.25,300,error,adaptive-aimbot,flick,2.0004395055843394,0.0052,1
0.25,300,error,adaptive-aimbot,flick,1.9861420002291739,0.0054,1
0.25,300,error,adaptive-aimbot,flick,1.9454004478645142,0.0056,1
0.25,300,error,adaptive-aimbot,flick,1.9276540707774994,0.0058,1
0.25,300,error,adaptive-aimbot,flick,1.9223428571685781,0.006,1
0.25,300,error,adaptive-aimbot,flick,1.9179966643400488,0.0062,1
0.25,300,error,adaptive-aimbot,flick,1.9102484885184492,0.0064,1
0.25,300,error,adaptive-aimbot,flick,1.8915763261333305,0.0066,1
0.25,300,error,adaptive-aimbot,flick,1.872312337404826,0.0068,1
0.25,300,error,adaptive-aimbot,flick,1.7824020804900484,0.007,1
0.25,300,error,adaptive-aimbot,flick,1.7566811809460003,0.0072,1
0.25,300,error,adaptive-aimbot,flick,1.7278245338708267,0.0074,1
0.25,300,error,adaptive-aimbot,flick,1.7258133038789056,0.0076,1
0.25,300,error,adaptive-aimbot,flick,1.6980994284837239,0.0078,1
0.25,300,error,adaptive-aimbot,flick,1.6879343095104693,0.008,1
0.25,300,error,adaptive-aimbot,flick,1.672771537448188,0.0082,1
0.25,300,error,adaptive-aimbot,flick,1.6704418418350475,0.0084,1
0.25,300,error,adaptive-aimbot,flick,1.6649601193883847,0.0086,1
0.25,300,error,adaptive-aimbot,flick,1.651814577652323,0.0088,1
0.25,300,error,adaptive-aimbot,flick,1.6490510953086925,0.009,1
0.25,300,error,adaptive-aimbot,flick,1.616731607510291,0.0092,1
0.25,300,error,adaptive-aimbot,flick,1.6049983206211804,0.0094,1
0.25,300,error,adaptive-aimbot,flick,1.589725785524943,0.0096,1
0.25,300,error,adaptive-aimbot,flick,1.58706159668834,0.0098,1
0.25,300,error,adaptive-aimbot,flick,1.5718284903953106,0.01,1
0.25,300,error,adaptive-aimbot,flick,1.5620661646956893,0.0102,1
0.25,300,error,adaptive-aimbot,flick,0.7885622121263587,0.0302,1
0.25,300,error,adaptive-aimbot,flick,0.4871758539534002,0.0502,1
0.25,300,error,adaptive-aimbot,flick,0.29311244008394305,0.0704,1
0.25,300,error,adaptive-aimbot,flick,0.19728377103725733,0.0906,1
0.25,300,error,adaptive-aimbot,flick,0.12950179294626024,0.1106,1
0.25,300,error,adaptive-aimbot,flick,0.06939667771001772,0.1308,1
0.25,300,error,adaptive-aimbot,flick,0.03553009236817318,0.151,1
0.25,300,error,adaptive-aimbot,flick,0.01681860722343784,0.171,1
0.25,300,error,adaptive-aimbot,flick,0.004062217300619525,0.1912,1
0.25,300,error,adaptive-aimbot,flick,0.00018936790491048876,0.2114,1
0.25,300,error,adaptive-aimbot,flick,-0.0020470908657159084,0.2316,1
0.25,300,error,adaptive-aimbot,flick,-0.009641751569659105,0.2518,1
0.25,300,error,adaptive-aimbot,flick,-0.02456262787821109,0.272,1
0.25,300,error,adaptive-aimbot,flick,-0.04342488154841737,0.2922,1
0.25,300,error,adaptive-aimbot,flick,-0.06672207692917151,0.3124,1
0.25,300,error,adaptive-aimbot,flick,-0.09106786722465882,0.3326,1
0.25,300,error,adaptive-aimbot,flick,-0.11566024117344785,0.3526,1
0.25,300,error,adaptive-aimbot,flick,-0.1505308313124299,0.3728,1
0.25,300,error,adaptive-aimbot,flick,-0.18517719653109901,0.393,1
0.25,300,error,adaptive-aimbot,flick,-0.22305789898088255,0.4132,1
0.25,300,error,adaptive-aimbot,flick,-0.27168786957552604,0.4334,1
0.25,300,error,adaptive-aimbot,flick,-0.3103367794096344,0.4534,1
0.25,300,error,adaptive-aimbot,flick,-0.35644056183511563,0.4736,1
0.25,300,error,adaptive-aimbot,flick,-0.4050724597463699,0.4938,1
0.25,300,error,adaptive-aimbot,flick,-0.4606730220973657,0.5138,1
0.25,300,error,adaptive-aimbot,flick,-0.5180133451103343,0.5338,1
0.25,300,error,adaptive-aimbot,flick,-0.5803797349577716,0.554,1
0.25,300,error,adaptive-aimbot,flick,-0.6391450888329436,0.5742,1
0.25,300,error,adaptive-aimbot,flick,-0.7067919850345968,0.5944,1
0.25,300,error,adaptive-aimbot,flick,-0.7779183328800512,0.6146,1
0.25,300,error,adaptive-aimbot,flick,-0.8487253352920089,0.6346,1
0.25,300,error,adaptive-aimbot,flick,-0.9491588528502318,0.6548,1
0.25,300,error,adaptive-aimbot,flick,-1.0468224650287095,0.675,1
0.25,300,error,adaptive-aimbot,flick,-1.1395281361780034,0.6952,1
0.25,300,error,adaptive-aimbot,flick,-1.2415787422013347,0.7154,1
0.25,300,error,adaptive-aimbot,flick,-1.354205068876648,0.7354,1
0.25,300,error,adaptive-aimbot,flick,-1.4834831522753555,0.7556,1
0.25,300,error,adaptive-aimbot,flick,-1.5995567994963638,0.7758,1
0.25,300,error,adaptive-aimbot,flick,-1.7532717434336271,0.796,1
0.25,300,error,adaptive-aimbot,flick,-1.901702237601421,0.8162,1
0.25,300,error,adaptive-aimbot,flick,-2.102142602296008,0.8362,1
0.25,300,error,adaptive-aimbot,flick,-2.2905234406606363,0.8564,1
0.25,300,error,adaptive-aimbot,flick,-2.4777352194702402,0.8766,1
0.25,300,error,adaptive-aimbot,flick,-2.7615471048521076,0.8968,1
0.25,300,error,adaptive-aimbot,flick,-3.1177294753958593,0.917,1
0.25,300,error,adaptive-aimbot,flick,-3.519656981916774,0.937,1
0.25,300,error,adaptive-aimbot,flick,-4.141140856079864,0.9572,1
0.25,300,error,adaptive-aimbot,flick,-5.051219745990486,0.9774,1
0.25,300,error,adaptive-aimbot,flick,-8.495888453423122,0.9976,1
0.25,300,error,adaptive-aimbot,flick,-inf,1,1
0.25,300,error,smoothing-aimbot,flick,inf,0,0
0.25,300,error,smoothing-aimbot,flick,4.40475192616428,0,0.014
0.25,300,error,smoothing-aimbot,flick,4.369636579039114,0.0002,0.014
0.25,300,error,smoothing-aimbot,flick,4.289022899043064,0.0004,0.014
0.25,300,error,smoothing-aimbot,flick,3.6357128857526826,0.0006,0.024
0.25,300,error,smoothing-aimbot,flick,3.2616200423942057,0.0008,0.03
0.25,300,error,smoothing-aimbot,flick,3.0510500451289992,0.001,0.036
0.25,300,error,smoothing-aimbot,flick,3.04794111348014,0.0012,0.036
0.25,300,error,smoothing-aimbot,flick,3.0129469917808067,0.0014,0.036
0.25,300,error,smoothing-aimbot,flick,2.7146113325453753,0.0016,0.038
0.25,300,error,smoothing-aimbot,flick,2.689589401974642,0.0018,0.038
0.25,300,error,smoothing-aimbot,flick,2.629826137323719,0.002,0.038
0.25,300,error,smoothing-aimbot,flick,2.624399064335017,0.0022,0.038
0.25,300,error,smoothing-aimbot,flick,2.5653382030378222,0.0024,0.038
0.25,300,error,smoothing-aimbot,flick,2.5396948683902956,0.0026,0.038
0.25,300,error,smoothing-aimbot,flick,2.489954819021005,0.0028,0.042
0.25,300,error,smoothing-aimbot,flick,2.4759228309728054,0.003,0.042
0.25,300,error,smoothing-aimbot,flick,2.469041807406624,0.0032,0.042
0.25,300,error,smoothing-aimbot,flick,2.4615264606681735,0.0034,0.042
0.25,300,error,smoothing-aimbot,flick,2.4399157487534393,0.0036,0.044
0.25,300,error,smoothing-aimbot,flick,2.379839595394215,0.0038,0.044
0.25,300,error,smoothing-aimbot,flick,2.2969424692362845,0.004,0.046
0.25,300,error,smoothing-aimbot,flick,2.245754301502896,0.0042,0.046
0.25,300,error,smoothing-aimbot,flick,2.0900267874750957,0.0044,0.048
0.25,300,error,smoothing-aimbot,flick,2.0569980371202274,0.0046,0.048
0.25,300,error,smoothing-aimbot,flick,2.0505525119952304,0.0048,0.05
0.25,300,error,smoothing-aimbot,flick,2.0339097317924897,0.005,0.05
0.25,300,error,smoothing-aimbot,flick,2.0004395055843394,0.0052,0.052
0.25,300,error,smoothing-aimbot,flick,1.9861420002291739,0.0054,0.052
0.25,300,error,smoothing-aimbot,flick,1.9454004478645142,0.0056,0.052
0.25,300,error,smoothing-aimbot,flick,1.9276540707774994,0.0058,0.052
0.25,300,error,smoothing-aimbot,flick,1.9223428571685781,0.006,0.052
0.25,300,error,smoothing-aimbot,flick,1.9179966643400488,0.0062,0.052
0.25,300,error,smoothing-aimbot,flick,1.9102484885184492,0.0064,0.052
0.25,300,error,smoothing-aimbot,flick,1.8915763261333305,0.0066,0.052
0.25,300,error,smoothing-aimbot,flick,1.872312337404826,0.0068,0.052
0.25,300,error,smoothing-aimbot,flick,1.7824020804900484,0.007,0.054
0.25,300,error,smoothing-aimbot,flick,1.7566811809460003,0.0072,0.054
0.25,300,error,smoothing-aimbot,flick,1.7278245338708267,0.0074,0.056
0.25,300,error,smoothing-aimbot,flick,1.7258133038789056,0.0076,0.056
0.25,300,error,smoothing-aimbot,flick,1.6980994284837239,0.0078,0.056
0.25,300,error,smoothing-aimbot,flick,1.6879343095104693,0.008,0.056
0.25,300,error,smoothing-aimbot,flick,1.672771537448188,0.0082,0.056
0.25,300,error,smoothing-aimbot,flick,1.6704418418350475,0.0084,0.056
0.25,300,error,smoothing-aimbot,flick,1.6649601193883847,0.0086,0.056
0.25,300,error,smoothing-aimbot,flick,1.651814577652323,0.0088,0.056
0.25,300,error,smoothing-aimbot,flick,1.6490510953086925,0.009,0.056
0.25,300,error,smoothing-aimbot,flick,1.616731607510291,0.0092,0.058
0.25,300,error,smoothing-aimbot,flick,1.6049983206211804,0.0094,0.058
0.25,300,error,smoothing-aimbot,flick,1.589725785524943,0.0096,0.058
0.25,300,error,smoothing-aimbot,flick,1.58706159668834,0.0098,0.058
0.25,300,error,smoothing-aimbot,flick,1.5718284903953106,0.01,0.058
0.25,300,error,smoothing-aimbot,flick,1.5620661646956893,0.0102,0.058
0.25,300,error,smoothing-aimbot,flick,0.7885622121263587,0.0302,0.078
0.25,300,error,smoothing-aimbot,flick,0.4871758539534002,0.0502,0.092
0.25,300,error,smoothing-aimbot,flick,0.29311244008394305,0.0704,0.108
0.25,300,error,smoothing-aimbot,flick,0.19728377103725733,0.0906,0.12
0.25,300,error,smoothing-aimbot,flick,0.12950179294626024,0.1106,0.132
0.25,300,error,smoothing-aimbot,flick,0.06939667771001772,0.1308,0.144
0.25,300,error,smoothing-aimbot,flick,0.03553009236817318,0.151,0.152
0.25,300,error,smoothing-aimbot,flick,0.01681860722343784,0.171,0.164
0.25,300,error,smoothing-aimbot,flick,0.004062217300619525,0.1912,0.17
0.25,300,error,smoothing-aimbot,flick,0.00018936790491048876,0.2114,0.176
0.25,300,error,smoothing-aimbot,flick,-0.0020470908657159084,0.2316,0.19
0.25,300,error,smoothing-aimbot,flick,-0.009641751569659105,0.2518,0.192
0.25,300,error,smoothing-aimbot,flick,-0.02456262787821109,0.272,0.208
0.25,300,error,smoothing-aimbot,flick,-0.04342488154841737,0.2922,0.212
0.25,300,error,smoothing-aimbot,flick,-0.06672207692917151,0.3124,0.22
0.25,300,error,smoothing-aimbot,flick,-0.09106786722465882,0.3326,0.23
0.25,300,error,smoothing-aimbot,flick,-0.11566024117344785,0.3526,0.24
0.25,300,error,smoothing-aimbot,flick,-0.1505308313124299,0.3728,0.25
0.25,300,error,smoothing-aimbot,flick,-0.18517719653109901,0.393,0.256
0.25,300,error,smoothing-aimbot,flick,-0.22305789898088255,0.4132,0.27
0.25,300,error,smoothing-aimbot,flick,-0.27168786957552604,0.4334,0.274
0.25,300,error,smoothing-aimbot,flick,-0.3103367794096344,0.4534,0.282
0.25,300,error,smoothing-aimbot,flick,-0.35644056183511563,0.4736,0.29
0.25,300,error,smoothing-aimbot,flick,-0.4050724597463699,0.4938,0.298
0.25,300,error,smoothing-aimbot,flick,-0.4606730220973657,0.5138,0.306
0.25,300,error,smoothing-aimbot,flick,-0.5180133451103343,0.5338,0.31
0.25,300,error,smoothing-aimbot,flick,-0.5803797349577716,0.554,0.312
0.25,300,error,smoothing-aimbot,flick,-0.6391450888329436,0.5742,0.32
0.25,300,error,smoothing-aimbot,flick,-0.7067919850345968,0.5944,0.324
0.25,300,error,smoothing-aimbot,flick,-0.7779183328800512,0.6146,0.332
0.25,300,error,smoothing-aimbot,flick,-0.8487253352920089,0.6346,0.338
0.25,300,error,smoothing-aimbot,flick,-0.9491588528502318,0.6548,0.35
0.25,300,error,smoothing-aimbot,flick,-1.0468224650287095,0.675,0.36
0.25,300,error,smoothing-aimbot,flick,-1.1395281361780034,0.6952,0.37
0.25,300,error,smoothing-aimbot,flick,-1.2415787422013347,0.7154,0.374
0.25,300,error,smoothing-aimbot,flick,-1.354205068876648,0.7354,0.374
0.25,300,error,smoothing-aimbot,flick,-1.4834831522753555,0.7556,0.38
0.25,300,error,smoothing-aimbot,flick,-1.5995567994963638,0.7758,0.388
0.25,300,error,smoothing-aimbot,flick,-1.7532717434336271,0.796,0.4
0.25,300,error,smoothing-aimbot,flick,-1.901702237601421,0.8162,0.402
0.25,300,error,smoothing-aimbot,flick,-2.102142602296008,0.8362,0.412
0.25,300,error,smoothing-aimbot,flick,-2.2905234406606363,0.8564,0.436
0.25,300,error,smoothing-aimbot,flick,-2.4777352194702402,0.8766,0.444
0.25,300,error,smoothing-aimbot,flick,-2.7615471048521076,0.8968,0.462
0.25,300,error,smoothing-aimbot,flick,-3.1177294753958593,0.917,0.492
0.25,300,error,smoothing-aimbot,flick,-3.519656981916774,0.937,0.512
0.25,300,error,smoothing-aimbot,flick,-4.141140856079864,0.9572,0.546
0.25,300,error,smoothing-aimbot,flick,-5.051219745990486,0.9774,0.584
0.25,300,error,smoothing-aimbot,flick,-8.495888453423122,0.9976,0.718
0.25,300,error,smoothing-aimbot,flick,-inf,1,1
0.25,300,steps,smoothing-aimbot,flick,inf,0,0
0.25,300,steps,smoothing-aimbot,flick,1.0650868507836881,0,0.99
0.25,300,steps,smoothing-aimbot,flick,1.0022320817057058,0.0002,0.99
0.25,300,steps,smoothing-aimbot,flick,0.9558291736548212,0.0004,0.992
0.25,300,steps,smoothing-aimbot,flick,0.7208931377698377,0.0006,0.998
0.25,300,steps,smoothing-aimbot,flick,0.6015223691508956,0.0008,0.998
0.25,300,steps,smoothing-aimbot,flick,0.5735097442545786,0.001,0.998
0.25,300,steps,smoothing-aimbot,flick,0.5732218447114821,0.0012,0.998
0.25,300,steps,smoothing-aimbot,flick,0.545171749868963,0.0014,0.998
0.25,300,steps,smoothing-aimbot,flick,0.5347957998891139,0.0016,0.998
0.25,300,steps,smoothing-aimbot,flick,0.4368102777272925,0.0018,0.998
0.25,300,steps,smoothing-aimbot,flick,0.39097485962106954,0.002,0.998
0.25,300,steps,smoothing-aimbot,flick,0.38317482333327735,0.0022,0.998
0.25,300,steps,smoothing-aimbot,flick,0.38233719152441115,0.0024,0.998
0.25,300,steps,smoothing-aimbot,flick,0.3797182230834547,0.0026,0.998
0.25,300,steps,smoothing-aimbot,flick,0.364307594091259,0.0028,0.998
0.25,300,steps,smoothing-aimbot,flick,0.3526168186042053,0.003,0.998
0.25,300,steps,smoothing-aimbot,flick,0.3379192613759107,0.0032,0.998
0.25,300,steps,smoothing-aimbot,flick,0.311358536858435,0.0034,0.998
0.25,300,steps,smoothing-aimbot,flick,0.3061690266836772,0.0036,0.998
0.25,300,steps,smoothing-aimbot,flick,0.30248952898694415,0.0038,0.998
0.25,300,steps,smoothing-aimbot,flick,0.292883571845021,0.004,0.998
0.25,300,steps,smoothing-aimbot,flick,0.29175111285782984,0.0042,0.998
0.25,300,steps,smoothing-aimbot,flick,0.27917256863601525,0.0044,0.998
0.25,300,steps,smoothing-aimbot,flick,0.27331416849396906,0.0046,0.998
0.25,300,steps,smoothing-aimbot,flick,0.26945412896903775,0.0048,0.998
0.25,300,steps,smoothing-aimbot,flick,0.26367892122843345,0.005,1
0.25,300,steps,smoothing-aimbot,flick,0.2636306779604117,0.0052,1
0.25,300,steps,smoothing-aimbot,flick,0.25955752997558984,0.0054,1
0.25,300,steps,smoothing-aimbot,flick,0.25766094538873596,0.0056,1
0.25,300,steps,smoothing-aimbot,flick,0.2566877461213588,0.0058,1
0.25,300,steps,smoothing-aimbot,flick,0.25609123362022185,0.006,1
0.25,300,steps,smoothing-aimbot,flick,0.25444830881620056,0.0062,1
0.25,300,steps,smoothing-aimbot,flick,0.24834611714505705,0.0064,1
0.25,300,steps,smoothing-aimbot,flick,0.24511421546177334,0.0066,1
0.25,300,steps,smoothing-aimbot,flick,0.23730620103125055,0.0068,1
0.25,300,steps,smoothing-aimbot,flick,0.23538557650302463,0.007,1
0.25,300,steps,smoothing-aimbot,flick,0.23416285262040262,0.0072,1
0.25,300,steps,smoothing-aimbot,flick,0.23243885121099836,0.0074,1
0.25,300,steps,smoothing-aimbot,flick,0.2314790231999804,0.0076,1
0.25,300,steps,smoothing-aimbot,flick,0.2303119059136642,0.0078,1
0.25,300,steps,smoothing-aimbot,flick,0.22881048185179623,0.008,1
0.25,300,steps,smoothing-aimbot,flick,0.2275137361645111,0.0082,1
0.25,300,steps,smoothing-aimbot,flick,0.22655836091864823,0.0084,1
0.25,300,steps,smoothing-aimbot,flick,0.22518889463017014,0.0086,1
0.25,300,steps,smoothing-aimbot,flick,0.22480172379112465,0.0088,1
0.25,300,steps,smoothing-aimbot,flick,0.22297560093610402,0.009,1
0.25,300,steps,smoothing-aimbot,flick,0.21731174022736507,0.0092,1
0.25,300,steps,smoothing-aimbot,flick,0.21670071200929286,0.0094,1
0.25,300,steps,smoothing-aimbot,flick,0.21584002635332605,0.0096,1
0.25,300,steps,smoothing-aimbot,flick,0.21418537265394413,0.0098,1
0.25,300,steps,smoothing-aimbot,flick,0.21071914626737415,0.01,1
0.25,300,steps,smoothing-aimbot,flick,0.20816537520297165,0.0102,1
0.25,300,steps,smoothing-aimbot,flick,0.11818516114324898,0.0302,1
0.25,300,steps,smoothing-aimbot,flick,0.08005287728196309,0.0502,1
0.25,300,steps,smoothing-aimbot,flick,0.05914831904779406,0.0704,1
0.25,300,steps,smoothing-aimbot,flick,0.04631228614976901,0.0906,1
0.25,300,steps,smoothing-aimbot,flick,0.0343212573402555,0.1106,1
0.25,300,steps,smoothing-aimbot,flick,0.025864824288288037,0.1308,1
0.25,300,steps,smoothing-aimbot,flick,0.018706237050743906,0.151,1
0.25,300,steps,smoothing-aimbot,flick,0.01328409312180878,0.171,1
0.25,300,steps,smoothing-aimbot,flick,0.008837096787848922,0.1912,1
0.25,300,steps,smoothing-aimbot,flick,0.005437196177921834,0.2114,1
0.25,300,steps,smoothing-aimbot,flick,0.0031262322502992063,0.2316,1
0.25,300,steps,smoothing-aimbot,flick,0.0014430340152063023,0.2518,1
0.25,300,steps,smoothing-aimbot,flick,0.0003907027611002003,0.272,1
0.25,300,steps,smoothing-aimbot,flick,0.000006340189142714926,0.2922,1
0.25,300,steps,smoothing-aimbot,flick,-0.0000000001284109221247175,0.706,1
0.25,300,steps,smoothing-aimbot,flick,-0.0003284161478673783,0.726,1
0.25,300,steps,smoothing-aimbot,flick,-0.0014470681785772694,0.746,1
0.25,300,steps,smoothing-aimbot,flick,-0.0030750842422224804,0.766,1
0.25,300,steps,smoothing-aimbot,flick,-0.005759051319003036,0.786,1
0.25,300,steps,smoothing-aimbot,flick,-0.00933073450142812,0.806,1
0.25,300,steps,smoothing-aimbot,flick,-0.013919679696975983,0.8262,1
0.25,300,steps,smoothing-aimbot,flick,-0.018791557291802114,0.8464,1
0.25,300,steps,smoothing-aimbot,flick,-0.025457382737782582,0.8666,1
0.25,300,steps,smoothing-aimbot,flick,-0.03208192761943924,0.8866,1
0.25,300,steps,smoothing-aimbot,flick,-0.04459170717937429,0.9068,1
0.25,300,steps,smoothing-aimbot,flick,-0.05903229602125175,0.927,1
0.25,300,steps,smoothing-aimbot,flick,-0.08044692171531777,0.9472,1
0.25,300,steps,smoothing-aimbot,flick,-0.11055960764868546,0.9674,1
0.25,300,steps,smoothing-aimbot,flick,-0.1656131407952133,0.9874,1
0.25,300,steps,smoothing-aimbot,flick,-inf,1,1
0.25,300,error,fast-adaptive-aimbot,flick,inf,0,0
0.25,300,error,fast-adaptive-aimbot,flick,4.40475192616428,0,1
0.25,300,error,fast-adaptive-aimbot,flick,4.369636579039114,0.0002,1
0.25,300,error,fast-adaptive-aimbot,flick,4.289022899043064,0.0004,1
0.25,300,error,fast-adaptive-aimbot,flick,3.6357128857526826,0.0006,1
0.25,300,error,fast-adaptive-aimbot,flick,3.2616200423942057,0.0008,1
0.25,300,error,fast-adaptive-aimbot,flick,3.0510500451289992,0.001,1
0.25,300,error,fast-adaptive-aimbot,flick,3.04794111348014,0.0012,1
0.25,300,error,fast-adaptive-aimbot,flick,3.0129469917808067,0.0014,1
0.25,300,error,fast-adaptive-aimbot,flick,2.7146113325453753,0.0016,1
0.25,300,error,fast-adaptive-aimbot,flick,2.689589401974642,0.0018,1
0.25,300,error,fast-adaptive-aimbot,flick,2.629826137323719,0.002,1
0.25,300,error,fast-adaptive-aimbot,flick,2.624399064335017,0.0022,1
0.25,300,error,fast-adaptive-aimbot,flick,2.5653382030378222,0.0024,1
0.25,300,error,fast-adaptive-aimbot,flick,2.5396948683902956,0.0026,1
0.25,300,error,fast-adaptive-aimbot,flick,2.489954819021005,0.0028,1
0.25,300,error,fast-adaptive-aimbot,flick,2.4759228309728054,0.003,1
0.25,300,error,fast-adaptive-aimbot,flick,2.469041807406624,0.0032,1
0.25,300,error,fast-adaptive-aimbot,flick,2.4615264606681735,0.0034,1
0.25,300,error,fast-adaptive-aimbot,flick,2.4399157487534393,0.0036,1
0.25,300,error,fast-adaptive-aimbot,flick,2.379839595394215,0.0038,1
0.25,300,error,fast-adaptive-aimbot,flick,2.2969424692362845,0.004,1
0.25,300,error,fast-adaptive-aimbot,flick,2.245754301502896,0.0042,1
0.25,300,error,fast-adaptive-aimbot,flick,2.0900267874750957,0.0044,1
0.25,300,error,fast-adaptive-aimbot,flick,2.0569980371202274,0.0046,1
0.25,300,error,fast-adaptive-aimbot,flick,2.0505525119952304,0.0048,1
0.25,300,error,fast-adaptive-aimbot,flick,2.0339097317924897,0.005,1
0.25,300,error,fast-adaptive-aimbot,flick,2.0004395055843394,0.0052,1
0.25,300,error,fast-adaptive-aimbot,flick,1.9861420002291739,0.0054,1
0.25,300,error,fast-adaptive-aimbot,flick,1.9454004478645142,0.0056,1
0.25,300,error,fast-adaptive-aimbot,flick,1.9276540707774994,0.0058,1
0.25,300,error,fast-adaptive-aimbot,flick,1.9223428571685781,0.006,1
0.25,300,error,fast-adaptive-aimbot,flick,1.9179966643400488,0.0062,1
0.25,300,error,fast-adaptive-aimbot,flick,1.9102484885184492,0.0064,1
0.25,300,error,fast-adaptive-aimbot,flick,1.8915763261333305,0.0066,1
0.25,300,error,fast-adaptive-aimbot,flick,1.872312337404826,0.0068,1
0.25,300,error,fast-adaptive-aimbot,flick,1.7824020804900484,0.007,1
0.25,300,error,fast-adaptive-aimbot,flick,1.7566811809460003,0.0072,1
0.25,300,error,fast-adaptive-aimbot,flick,1.7278245338708267,0.0074,1
0.25,300,error,fast-adaptive-aimbot,flick,1.7258133038789056,0.0076,1
0.25,300,error,fast-adaptive-aimbot,flick,1.6980994284837239,0.0078,1
0.25,300,error,fast-adaptive-aimbot,flick,1.6879343095104693,0.008,1
0.25,300,error,fast-adaptive-aimbot,flick,1.672771537448188,0.0082,1
0.25,300,error,fast-adaptive-aimbot,flick,1.6704418418350475,0.0084,1
0.25,300,error,fast-adaptive-aimbot,flick,1.6649601193883847,0.0086,1
0.25,300,error,fast-adaptive-aimbot,flick,1.651814577652323,0.0088,1
0.25,300,error,fast-adaptive-aimbot,flick,1.6490510953086925,0.009,1
0.25,300,error,fast-adaptive-aimbot,flick,1.616731607510291,0.0092,1
0.25,300,error,fast-adaptive-aimbot,flick,1.6049983206211804,0.0094,1
0.25,300,error,fast-adaptive-aimbot,flick,1.589725785524943,0.0096,1
0.25,300,error,fast-adaptive-aimbot,flick,1.58706159668834,0.0098,1
0.25,300,error,fast-adaptive-aimbot,flick,1.5718284903953106,0.01,1
0.25,300,error,fast-adaptive-aimbot,flick,1.5620661646956893,0.0102,1
0.25,300,error,fast-adaptive-aimbot,flick,0.7885622121263587,0.0302,1
0.25,300,error,fast-adaptive-aimbot,flick,0.4871758539534002,0.0502,1
0.25,300,error,fast-adaptive-aimbot,flick,0.29311244008394305,0.0704,1
0.25,300,error,fast-adaptive-aimbot,flick,0.19728377103725733,0.0906,1
0.25,300,error,fast-adaptive-aimbot,flick,0.12950179294626024,0.1106,1
0.25,300,error,fast-adaptive-aimbot,flick,0.06939667771001772,0.1308,1
0.25,300,error,fast-adaptive-aimbot,flick,0.03553009236817318,0.151,1
0.25,300,error,fast-adaptive-aimbot,flick,0.01681860722343784,0.171,1
0.25,300,error,fast-adaptive-aimbot,flick,0.004062217300619525,0.1912,1
0.25,300,error,fast-adaptive-aimbot,flick,0.00018936790491048876,0.2114,1
0.25,300,error,fast-adaptive-aimbot,flick,-0.0020470908657159084,0.2316,1
0.25,300,error,fast-adaptive-aimbot,flick,-0.009641751569659105,0.2518,1
0.25,300,error,fast-adaptive-aimbot,flick,-0.02456262787821109,0.272,1
0.25,300,error,fast-adaptive-aimbot,flick,-0.04342488154841737,0.2922,1
0.25,300,error,fast-adaptive-aimbot,flick,-0.06672207692917151,0.3124,1
0.25,300,error,fast-adaptive-aimbot,flick,-0.09106786722465882,0.3326,1
0.25,300,error,fast-adaptive-aimbot,flick,-0.11566024117344785,0.3526,1
0.25,300,error,fast-adaptive-aimbot,flick,-0.1505308313124299,0.3728,1
0.25,300,error,fast-adaptive-aimbot,flick,-0.18517719653109901,0.393,1
0.25,300,error,fast-adaptive-aimbot,flick,-0.22305789898088255,0.4132,1
0.25,300,error,fast-adaptive-aimbot,flick,-0.27168786957552604,0.4334,1
0.25,300,error,fast-adaptive-aimbot,flick,-0.3103367794096344,0.4534,1
0.25,300,error,fast-adaptive-aimbot,flick,-0.35644056183511563,0.4736,1
0.25,300,error,fast-adaptive-aimbot,flick,-0.4050724597463699,0.4938,1
0.25,300,error,fast-adaptive-aimbot,flick,-0.4606730220973657,0.5138,1
0.25,300,error,fast-adaptive-aimbot,flick,-0.5180133451103343,0.5338,1
0.25,300,error,fast-adaptive-aimbot,flick,-0.5803797349577716,0.554,1
0.25,300,error,fast-adaptive-aimbot,flick,-0.6391450888329436,0.5742,1
0.25,300,error,fast-adaptive-aimbot,flick,-0.7067919850345968,0.5944,1
0.25,300,error,fast-adaptive-aimbot,flick,-0.7779183328800512,0.6146,1
0.25,300,error,fast-adaptive-aimbot,flick,-0.8487253352920089,0.6346,1
0.25,300,error,fast-adaptive-aimbot,flick,-0.9491588528502318,0.6548,1
0.25,300,error,fast-adaptive-aimbot,flick,-1.0468224650287095,0.675,1
0.25,300,error,fast-adaptive-aimbot,flick,-1.1395281361780034,0.6952,1
0.25,300,error,fast-adaptive-aimbot,flick,-1.2415787422013347,0.7154,1
0.25,300,error,fast-adaptive-aimbot,flick,-1.354205068876648,0.7354,1
0.25,300,error,fast-adaptive-aimbot,flick,-1.4834831522753555,0.7556,1
0.25,300,error,fast-adaptive-aimbot,flick,-1.5995567994963638,0.7758,1
0.25,300,error,fast-adaptive-aimbot,flick,-1.7532717434336271,0.796,1
0.25,300,error,fast-adaptive-aimbot,flick,-1.901702237601421,0.8162,1
0.25,300,error,fast-adaptive-aimbot,flick,-2.102142602296008,0.8362,1
0.25,300,error,fast-adaptive-aimbot,flick,-2.2905234406606363,0.8564,1
0.25,300,error,fast-adaptive-aimbot,flick,-2.4777352194702402,0.8766,1
0.25,300,error,fast-adaptive-aimbot,flick,-2.7615471048521076,0.8968,1
0.25,300,error,fast-adaptive-aimbot,flick,-3.1177294753958593,0.917,1
0.25,300,error,fast-adaptive-aimbot,flick,-3.519656981916774,0.937,1
0.25,300,error,fast-adaptive-aimbot,flick,-4.141140856079864,0.9572,1
0.25,300,error,fast-adaptive-aimbot,flick,-5.051219745990486,0.9774,1
0.25,300,error,fast-adaptive-aimbot,flick,-8.495888453423122,0.9976,1
0.25,300,error,fast-adaptive-aimbot,flick,-inf,1,1
0.25,900,error,recoil-macro,spray,inf,0,0
0.25,900,error,recoil-macro,spray,8.119217101258096,0,0.02
0.25,900,error,recoil-macro,spray,6.560854479201608,0.0002,0.044
0.25,900,error,recoil-macro,spray,5.988546753298339,0.0004,0.058
0.25,900,error,recoil-macro,spray,4.783659427109095,0.0006,0.092
0.25,900,error,recoil-macro,spray,4.631899389614746,0.0008,0.102
0.25,900,error,recoil-macro,spray,4.187730499493422,0.001,0.128
0.25,900,error,recoil-macro,spray,3.8201052213874607,0.0012,0.14
0.25,900,error,recoil-macro,spray,3.808469516666353,0.0014,0.14
0.25,900,error,recoil-macro,spray,3.805344782561959,0.0016,0.14
0.25,900,error,recoil-macro,spray,3.384741457021788,0.0018,0.178
0.25,900,error,recoil-macro,spray,3.3464867879420765,0.002,0.178
0.25,900,error,recoil-macro,spray,3.016479509975789,0.0022,0.208
0.25,900,error,recoil-macro,spray,2.9723666820924772,0.0024,0.212
0.25,900,error,recoil-macro,spray,2.9311451925392884,0.0026,0.218
0.25,900,error,recoil-macro,spray,2.74286845258737,0.0028,0.234
0.25,900,error,recoil-macro,spray,2.7078790093172764,0.003,0.24
0.25,900,error,recoil-macro,spray,2.6167075718467285,0.0032,0.248
0.25,900,error,recoil-macro,spray,2.5417789861917712,0.0034,0.26
0.25,900,error,recoil-macro,spray,2.373919964298349,0.0036,0.284
0.25,900,error,recoil-macro,spray,2.3479405283003505,0.0038,0.292
0.25,900,error,recoil-macro,spray,2.341077393482086,0.004,0.294
0.25,900,error,recoil-macro,spray,2.323486187735139,0.0042,0.296
0.25,900,error,recoil-macro,spray,2.281947691258566,0.0044,0.304
0.25,900,error,recoil-macro,spray,2.169941279207201,0.0046,0.326
0.25,900,error,recoil-macro,spray,2.1470668330995286,0.0048,0.33
0.25,900,error,recoil-macro,spray,2.1442007467459234,0.005,0.33
0.25,900,error,recoil-macro,spray,2.134500021762148,0.0052,0.33
0.25,900,error,recoil-macro,spray,2.117857706079541,0.0054,0.338
0.25,900,error,recoil-macro,spray,2.0976696853639822,0.0056,0.342
0.25,900,error,recoil-macro,spray,2.0739293935874015,0.0058,0.346
0.25,900,error,recoil-macro,spray,2.05938532329017,0.006,0.35
0.25,900,error,recoil-macro,spray,2.013448348913238,0.0062,0.358
0.25,900,error,recoil-macro,spray,1.9935739864532498,0.0064,0.358
0.25,900,error,recoil-macro,spray,1.9919828345936568,0.0066,0.358
0.25,900,error,recoil-macro,spray,1.9782938370119139,0.0068,0.36
0.25,900,error,recoil-macro,spray,1.9779215708475761,0.007,0.36
0.25,900,error,recoil-macro,spray,1.9699207112506192,0.0072,0.36
0.25,900,error,recoil-macro,spray,1.93539200955064,0.0074,0.37
0.25,900,error,recoil-macro,spray,1.931891259719312,0.0076,0.37
0.25,900,error,recoil-macro,spray,1.9170312409544683,0.0078,0.37
0.25,900,error,recoil-macro,spray,1.8941444189170915,0.008,0.372
0.25,900,error,recoil-macro,spray,1.8724462685028906,0.0082,0.376
0.25,900,error,recoil-macro,spray,1.8538558744893692,0.0084,0.38
0.25,900,error,recoil-macro,spray,1.8425358822315732,0.0086,0.382
0.25,900,error,recoil-macro,spray,1.8404192078953705,0.0088,0.382
0.25,900,error,recoil-macro,spray,1.8199190608441491,0.009,0.388
0.25,900,error,recoil-macro,spray,1.8140799212774574,0.0092,0.39
0.25,900,error,recoil-macro,spray,1.8051222090963444,0.0094,0.39
0.25,900,error,recoil-macro,spray,1.7988411312056745,0.0096,0.39
0.25,900,error,recoil-macro,spray,1.7768043503284905,0.0098,0.394
0.25,900,error,recoil-macro,spray,1.7669548160310091,0.01,0.398
0.25,900,error,recoil-macro,spray,1.7604160513659388,0.0102,0.4
0.25,900,error,recoil-macro,spray,1.1167499710066635,0.0302,0.516
0.25,900,error,recoil-macro,spray,0.750772244305001,0.0502,0.594
0.25,900,error,recoil-macro,spray,0.5593335378171124,0.0704,0.656
0.25,900,error,recoil-macro,spray,0.4141114710265605,0.0906,0.702
0.25,900,error,recoil-macro,spray,0.3072688739767081,0.1106,0.724
0.25,900,error,recoil-macro,spray,0.23577271922803705,0.1308,0.748
0.25,900,error,recoil-macro,spray,0.18438429093159575,0.151,0.77
0.25,900,error,recoil-macro,spray,0.13868669274976023,0.171,0.792
0.25,900,error,recoil-macro,spray,0.10239551418419797,0.1912,0.822
0.25,900,error,recoil-macro,spray,0.07080867401356504,0.2114,0.834
0.25,900,error,recoil-macro,spray,0.04988430211677169,0.2316,0.84
0.25,900,error,recoil-macro,spray,0.032153106278429586,0.2518,0.846
0.25,900,error,recoil-macro,spray,0.017589019965564875,0.272,0.862
0.25,900,error,recoil-macro,spray,0.007605245431509381,0.2922,0.88
0.25,900,error,recoil-macro,spray,0.0020369565256168486,0.3124,0.89
0.25,900,error,recoil-macro,spray,0.000032091509226131546,0.3326,0.902
0.25,900,error,recoil-macro,spray,-0.0009075022451956651,0.3526,0.908
0.25,900,error,recoil-macro,spray,-0.004228724102893362,0.3728,0.918
0.25,900,error,recoil-macro,spray,-0.011527507045312035,0.393,0.926
0.25,900,error,recoil-macro,spray,-0.020603103436823256,0.4132,0.934
0.25,900,error,recoil-macro,spray,-0.030142561638149882,0.4334,0.934
0.25,900,error,recoil-macro,spray,-0.04173354820667917,0.4534,0.946
0.25,900,error,recoil-macro,spray,-0.055836512984890015,0.4736,0.95
0.25,900,error,recoil-macro,spray,-0.07445385719569049,0.4938,0.96
0.25,900,error,recoil-macro,spray,-0.09385244664100634,0.5138,0.968
0.25,900,error,recoil-macro,spray,-0.11556239581169324,0.5338,0.972
0.25,900,error,recoil-macro,spray,-0.14531614824952147,0.554,0.972
0.25,900,error,recoil-macro,spray,-0.18148650260251048,0.5742,0.976
0.25,900,error,recoil-macro,spray,-0.2127375950372402,0.5944,0.976
0.25,900,error,recoil-macro,spray,-0.24355950477639912,0.6146,0.976
0.25,900,error,recoil-macro,spray,-0.27744225039586806,0.6346,0.982
0.25,900,error,recoil-macro,spray,-0.3133437575713764,0.6548,0.982
0.25,900,error,recoil-macro,spray,-0.3588283524054539,0.675,0.984
0.25,900,error,recoil-macro,spray,-0.4087166378795199,0.6952,0.99
0.25,900,error,recoil-macro,spray,-0.46499213216126023,0.7154,0.99
0.25,900,error,recoil-macro,spray,-0.5218178406046466,0.7354,0.99
0.25,900,error,recoil-macro,spray,-0.5843941655804714,0.7556,0.99
0.25,900,error,recoil-macro,spray,-0.6502030880414557,0.7758,0.99
0.25,900,error,recoil-macro,spray,-0.7149012548673185,0.796,0.99
0.25,900,error,recoil-macro,spray,-0.7938687525810975,0.8162,0.994
0.25,900,error,recoil-macro,spray,-0.8908150466501858,0.8362,0.994
0.25,900,error,recoil-macro,spray,-1.0342599763176672,0.8564,0.998
0.25,900,error,recoil-macro,spray,-1.1790788626596862,0.8766,0.998
0.25,900,error,recoil-macro,spray,-1.3688731965775434,0.8968,0.998
0.25,900,error,recoil-macro,spray,-1.6032309441320294,0.917,0.998
0.25,900,error,recoil-macro,spray,-1.8654877053577836,0.937,0.998
0.25,900,error,recoil-macro,spray,-2.1975156646309215,0.9572,1
0.25,900,error,recoil-macro,spray,-2.7787037029299206,0.9774,1
0.25,900,error,recoil-macro,spray,-4.8861268890496765,0.9976,1
0.25,900,error,recoil-macro,spray,-inf,1,1
0.25,900,error,flick-aimbot,flick,inf,0,0
0.25,900,error,flick-aimbot,flick,2.8523179964731926,0,1
0.25,900,error,flick-aimbot,flick,2.037235028538326,0.0002,1
0.25,900,error,flick-aimbot,flick,1.939191678525167,0.0004,1
0.25,900,error,flick-aimbot,flick,1.8819259698439397,0.0006,1
0.25,900,error,flick-aimbot,flick,1.828616975400379,0.0008,1
0.25,900,error,flick-aimbot,flick,1.704820528690132,0.001,1
0.25,900,error,flick-aimbot,flick,1.594182776305371,0.0012,1
0.25,900,error,flick-aimbot,flick,1.543168826618647,0.0014,1
0.25,900,error,flick-aimbot,flick,1.536198353697775,0.0016,1
0.25,900,error,flick-aimbot,flick,1.500843818597543,0.0018,1
0.25,900,error,flick-aimbot,flick,1.498658201230582,0.002,1
0.25,900,error,flick-aimbot,flick,1.46025810749364,0.0022,1
0.25,900,error,flick-aimbot,flick,1.4274149504094331,0.0024,1
0.25,900,error,flick-aimbot,flick,1.3630697035263823,0.0026,1
0.25,900,error,flick-aimbot,flick,1.3333742821297798,0.0028,1
0.25,900,error,flick-aimbot,flick,1.304592332313907,0.003,1
0.25,900,error,flick-aimbot,flick,1.2990344861365284,0.0032,1
0.25,900,error,flick-aimbot,flick,1.1740794826785046,0.0034,1
0.25,900,error,flick-aimbot,flick,1.044697774711076,0.0036,1
0.25,900,error,flick-aimbot,flick,1.038548478574787,0.0038,1
0.25,900,error,flick-aimbot,flick,0.9859323109718116,0.004,1
0.25,900,error,flick-aimbot,flick,0.8945593229471418,0.0042,1
0.25,900,error,flick-aimbot,flick,0.8857069320421299,0.0044,1
0.25,900,error,flick-aimbot,flick,0.8839940579258206,0.0046,1
0.25,900,error,flick-aimbot,flick,0.8826585152726737,0.0048,1
0.25,900,error,flick-aimbot,flick,0.835275852131284,0.005,1
0.25,900,error,flick-aimbot,flick,0.8175964461085643,0.0052,1
0.25,900,error,flick-aimbot,flick,0.8123275887114988,0.0054,1
0.25,900,error,flick-aimbot,flick,0.8050718312074574,0.0056,1
0.25,900,error,flick-aimbot,flick,0.7448427223861719,0.0058,1
0.25,900,error,flick-aimbot,flick,0.7291591380275622,0.006,1
0.25,900,error,flick-aimbot,flick,0.7224623040196693,0.0062,1
0.25,900,error,flick-aimbot,flick,0.7005052010794378,0.0064,1
0.25,900,error,flick-aimbot,flick,0.6549765360207975,0.0066,1
0.25,900,error,flick-aimbot,flick,0.6532759612439201,0.0068,1
0.25,900,error,flick-aimbot,flick,0.6115365840513205,0.007,1
0.25,900,error,flick-aimbot,flick,0.6110728926650414,0.0072,1
0.25,900,error,flick-aimbot,flick,0.5889183343859825,0.0074,1
0.25,900,error,flick-aimbot,flick,0.5845315324413839,0.0076,1
0.25,900,error,flick-aimbot,flick,0.5810813953857513,0.0078,1
0.25,900,error,flick-aimbot,flick,0.5745242093418454,0.008,1
0.25,900,error,flick-aimbot,flick,0.5633527450508204,0.0082,1
0.25,900,error,flick-aimbot,flick,0.5574570433135588,0.0084,1
0.25,900,error,flick-aimbot,flick,0.5568288541643838,0.0086,1
0.25,900,error,flick-aimbot,flick,0.5359991226388992,0.0088,1
0.25,900,error,flick-aimbot,flick,0.5136012827960693,0.009,1
0.25,900,error,flick-aimbot,flick,0.5112269947814477,0.0092,1
0.25,900,error,flick-aimbot,flick,0.49914937314922686,0.0094,1
0.25,900,error,flick-aimbot,flick,0.49904058171489446,0.0096,1
0.25,900,error,flick-aimbot,flick,0.4973991057516324,0.0098,1
0.25,900,error,flick-aimbot,flick,0.4784125254584539,0.01,1
0.25,900,error,flick-aimbot,flick,0.46167073218080995,0.0102,1
0.25,900,error,flick-aimbot,flick,0.15522308606533125,0.0302,1
0.25,900,error,flick-aimbot,flick,0.039205181751737914,0.0502,1
0.25,900,error,flick-aimbot,flick,0.0030619657063054003,0.0704,1
0.25,900,error,flick-aimbot,flick,-0.0010171023287323501,0.0906,1
0.25,900,error,flick-aimbot,flick,-0.016588862349164485,0.1106,1
0.25,900,error,flick-aimbot,flick,-0.04132928807434377,0.1308,1
0.25,900,error,flick-aimbot,flick,-0.07512887739367068,0.151,1
0.25,900,error,flick-aimbot,flick,-0.11598272714046338,0.171,1
0.25,900,error,flick-aimbot,flick,-0.16110089918365172,0.1912,1
0.25,900,error,flick-aimbot,flick,-0.21568984438015448,0.2114,1
0.25,900,error,flick-aimbot,flick,-0.2691641579905703,0.2316,1
0.25,900,error,flick-aimbot,flick,-0.32407587330141446,0.2518,1
0.25,900,error,flick-aimbot,flick,-0.38772619903347755,0.272,1
0.25,900,error,flick-aimbot,flick,-0.4649509850442364,0.2922,1
0.25,900,error,flick-aimbot,flick,-0.5361413313901063,0.3124,1
0.25,900,error,flick-aimbot,flick,-0.6115154832951802,0.3326,1
0.25,900,error,flick-aimbot,flick,-0.6771131373488446,0.3526,1
0.25,900,error,flick-aimbot,flick,-0.755562810288006,0.3728,1
0.25,900,error,flick-aimbot,flick,-0.847879165282157,0.393,1
0.25,900,error,flick-aimbot,flick,-0.9363096037097773,0.4132,1
0.25,900,error,flick-aimbot,flick,-1.0048444243552384,0.4334,1
0.25,900,error,flick-aimbot,flick,-1.0897777699170466,0.4534,1
0.25,900,error,flick-aimbot,flick,-1.1830878900535364,0.4736,1
0.25,900,error,flick-aimbot,flick,-1.2603597281010104,0.4938,1
0.25,900,error,flick-aimbot,flick,-1.3546123704576216,0.5138,1
0.25,900,error,flick-aimbot,flick,-1.4672683171444663,0.5338,1
0.25,900,error,flick-aimbot,flick,-1.5591996676367719,0.554,1
0.25,900,error,flick-aimbot,flick,-1.6614809029523954,0.5742,1
0.25,900,error,flick-aimbot,flick,-1.7745133902327626,0.5944,1
0.25,900,error,flick-aimbot,flick,-1.8713656908074245,0.6146,1
0.25,900,error,flick-aimbot,flick,-2.001379005912258,0.6346,1
0.25,900,error,flick-aimbot,flick,-2.1199506073048533,0.6548,1
0.25,900,error,flick-aimbot,flick,-2.2557326763646577,0.675,1
0.25,900,error,flick-aimbot,flick,-2.401833843450259,0.6952,1
0.25,900,error,flick-aimbot,flick,-2.5417020420951566,0.7154,1
0.25,900,error,flick-aimbot,flick,-2.695903820651876,0.7354,1
0.25,900,error,flick-aimbot,flick,-2.856141805635121,0.7556,1
0.25,900,error,flick-aimbot,flick,-3.030764622550888,0.7758,1
0.25,900,error,flick-aimbot,flick,-3.214165614052941,0.796,1
0.25,900,error,flick-aimbot,flick,-3.4399977323336297,0.8162,1
0.25,900,error,flick-aimbot,flick,-3.6638253235558147,0.8362,1
0.25,900,error,flick-aimbot,flick,-3.9198983871599147,0.8564,1
0.25,900,error,flick-aimbot,flick,-4.214982701678222,0.8766,1
0.25,900,error,flick-aimbot,flick,-4.556132958027277,0.8968,1
0.25,900,error,flick-aimbot,flick,-5.008547531427443,0.917,1
0.25,900,error,flick-aimbot,flick,-5.529581138212939,0.937,1
0.25,900,error,flick-aimbot,flick,-6.215346021723152,0.9572,1
0.25,900,error,flick-aimbot,flick,-7.316218893461131,0.9774,1
0.25,900,error,flick-aimbot,flick,-11.506757412015032,0.9976,1
0.25,900,error,flick-aimbot,flick,-inf,1,1
0.25,900,error,humanised-aimbot,flick,inf,0,0
0.25,900,error,humanised-aimbot,flick,2.8523179964731926,0,0.988
0.25,900,error,humanised-aimbot,flick,2.037235028538326,0.0002,0.992
0.25,900,error,humanised-aimbot,flick,1.939191678525167,0.0004,0.992
0.25,900,error,humanised-aimbot,flick,1.8819259698439397,0.0006,0.992
0.25,900,error,humanised-aimbot,flick,1.828616975400379,0.0008,0.994
0.25,900,error,humanised-aimbot,flick,1.704820528690132,0.001,0.994
0.25,900,error,humanised-aimbot,flick,1.594182776305371,0.0012,0.994
0.25,900,error,humanised-aimbot,flick,1.543168826618647,0.0014,0.994
0.25,900,error,humanised-aimbot,flick,1.536198353697775,0.0016,0.994
0.25,900,error,humanised-aimbot,flick,1.500843818597543,0.0018,0.994
0.25,900,error,humanised-aimbot,flick,1.498658201230582,0.002,0.994
0.25,900,error,humanised-aimbot,flick,1.46025810749364,0.0022,0.994
0.25,900,error,humanised-aimbot,flick,1.4274149504094331,0.0024,0.994
0.25,900,error,humanised-aimbot,flick,1.3630697035263823,0.0026,0.994
0.25,900,error,humanised-aimbot,flick,1.3333742821297798,0.0028,0.994
0.25,900,error,humanised-aimbot,flick,1.304592332313907,0.003,0.994
0.25,900,error,humanised-aimbot,flick,1.2990344861365284,0.0032,0.994
0.25,900,error,humanised-aimbot,flick,1.1740794826785046,0.0034,0.996
0.25,900,error,humanised-aimbot,flick,1.044697774711076,0.0036,0.996
0.25,900,error,humanised-aimbot,flick,1.038548478574787,0.0038,0.996
0.25,900,error,humanised-aimbot,flick,0.9859323109718116,0.004,0.998
0.25,900,error,humanised-aimbot,flick,0.8945593229471418,0.0042,1
0.25,900,error,humanised-aimbot,flick,0.8857069320421299,0.0044,1
0.25,900,error,humanised-aimbot,flick,0.8839940579258206,0.0046,1
0.25,900,error,humanised-aimbot,flick,0.8826585152726737,0.0048,1
0.25,900,error,humanised-aimbot,flick,0.835275852131284,0.005,1
0.25,900,error,humanised-aimbot,flick,0.8175964461085643,0.0052,1
0.25,900,error,humanised-aimbot,flick,0.8123275887114988,0.0054,1
0.25,900,error,humanised-aimbot,flick,0.8050718312074574,0.0056,1
0.25,900,error,humanised-aimbot,flick,0.7448427223861719,0.0058,1
0.25,900,error,humanised-aimbot,flick,0.7291591380275622,0.006,1
0.25,900,error,humanised-aimbot,flick,0.7224623040196693,0.0062,1
0.25,900,error,humanised-aimbot,flick,0.7005052010794378,0.0064,1
0.25,900,error,humanised-aimbot,flick,0.6549765360207975,0.0066,1
0.25,900,error,humanised-aimbot,flick,0.6532759612439201,0.0068,1
0.25,900,error,humanised-aimbot,flick,0.6115365840513205,0.007,1
0.25,900,error,humanised-aimbot,flick,0.6110728926650414,0.0072,1
0.25,900,error,humanised-aimbot,flick,0.5889183343859825,0.0074,1
0.25,900,error,humanised-aimbot,flick,0.5845315324413839,0.0076,1
0.25,900,error,humanised-aimbot,flick,0.5810813953857513,0.0078,1
0.25,900,error,humanised-aimbot,flick,0.5745242093418454,0.008,1
0.25,900,error,humanised-aimbot,flick,0.5633527450508204,0.0082,1
0.25,900,error,humanised-aimbot,flick,0.5574570433135588,0.0084,1
0.25,900,error,humanised-aimbot,flick,0.5568288541643838,0.0086,1
0.25,900,error,humanised-aimbot,flick,0.5359991226388992,0.0088,1
0.25,900,error,humanised-aimbot,flick,0.5136012827960693,0.009,1
0.25,900,error,humanised-aimbot,flick,0.5112269947814477,0.0092,1
0.25,900,error,humanised-aimbot,flick,0.49914937314922686,0.0094,1
0.25,900,error,humanised-aimbot,flick,0.49904058171489446,0.0096,1
0.25,900,error,humanised-aimbot,flick,0.4973991057516324,0.0098,1
0.25,900,error,humanised-aimbot,flick,0.4784125254584539,0.01,1
0.25,900,error,humanised-aimbot,flick,0.46167073218080995,0.0102,1
0.25,900,error,humanised-aimbot,flick,0.15522308606533125,0.0302,1
0.25,900,error,humanised-aimbot,flick,0.039205181751737914,0.0502,1
0.25,900,error,humanised-aimbot,flick,0.0030619657063054003,0.0704,1
0.25,900,error,humanised-aimbot,flick,-0.0010171023287323501,0.0906,1
0.25,900,error,humanised-aimbot,flick,-0.016588862349164485,0.1106,1
0.25,900,error,humanised-aimbot,flick,-0.04132928807434377,0.1308,1
0.25,900,error,humanised-aimbot,flick,-0.07512887739367068,0.151,1
0.25,900,error,humanised-aimbot,flick,-0.11598272714046338,0.171,1
0.25,900,error,humanised-aimbot,flick,-0.16110089918365172,0.1912,1
0.25,900,error,humanised-aimbot,flick,-0.21568984438015448,0.2114,1
0.25,900,error,humanised-aimbot,flick,-0.2691641579905703,0.2316,1
0.25,900,error,humanised-aimbot,flick,-0.32407587330141446,0.2518,1
0.25,900,error,humanised-aimbot,flick,-0.38772619903347755,0.272,1
0.25,900,error,humanised-aimbot,flick,-0.4649509850442364,0.2922,1
0.25,900,error,humanised-aimbot,flick,-0.5361413313901063,0.3124,1
0.25,900,error,humanised-aimbot,flick,-0.6115154832951802,0.3326,1
0.25,900,error,humanised-aimbot,flick,-0.6771131373488446,0.3526,1
0.25,900,error,humanised-aimbot,flick,-0.755562810288006,0.3728,1
0.25,900,error,humanised-aimbot,flick,-0.847879165282157,0.393,1
0.25,900,error,humanised-aimbot,flick,-0.9363096037097773,0.4132,1
0.25,900,error,humanised-aimbot,flick,-1.0048444243552384,0.4334,1
0.25,900,error,humanised-aimbot,flick,-1.0897777699170466,0.4534,1
0.25,900,error,humanised-aimbot,flick,-1.1830878900535364,0.4736,1
0.25,900,error,humanised-aimbot,flick,-1.2603597281010104,0.4938,1
0.25,900,error,humanised-aimbot,flick,-1.3546123704576216,0.5138,1
0.25,900,error,humanised-aimbot,flick,-1.4672683171444663,0.5338,1
0.25,900,error,humanised-aimbot,flick,-1.5591996676367719,0.554,1
0.25,900,error,humanised-aimbot,flick,-1.6614809029523954,0.5742,1
0.25,900,error,humanised-aimbot,flick,-1.7745133902327626,0.5944,1
0.25,900,error,humanised-aimbot,flick,-1.8713656908074245,0.6146,1
0.25,900,error,humanised-aimbot,flick,-2.001379005912258,0.6346,1
0.25,900,error,humanised-aimbot,flick,-2.1199506073048533,0.6548,1
0.25,900,error,humanised-aimbot,flick,-2.2557326763646577,0.675,1
0.25,900,error,humanised-aimbot,flick,-2.401833843450259,0.6952,1
0.25,900,error,humanised-aimbot,flick,-2.5417020420951566,0.7154,1
0.25,900,error,humanised-aimbot,flick,-2.695903820651876,0.7354,1
0.25,900,error,humanised-aimbot,flick,-2.856141805635121,0.7556,1
0.25,900,error,humanised-aimbot,flick,-3.030764622550888,0.7758,1
0.25,900,error,humanised-aimbot,flick,-3.214165614052941,0.796,1
0.25,900,error,humanised-aimbot,flick,-3.4399977323336297,0.8162,1
0.25,900,error,humanised-aimbot,flick,-3.6638253235558147,0.8362,1
0.25,900,error,humanised-aimbot,flick,-3.9198983871599147,0.8564,1
0.25,900,error,humanised-aimbot,flick,-4.214982701678222,0.8766,1
0.25,900,error,humanised-aimbot,flick,-4.556132958027277,0.8968,1
0.25,900,error,humanised-aimbot,flick,-5.008547531427443,0.917,1
0.25,900,error,humanised-aimbot,flick,-5.529581138212939,0.937,1
0.25,900,error,humanised-aimbot,flick,-6.215346021723152,0.9572,1
0.25,900,error,humanised-aimbot,flick,-7.316218893461131,0.9774,1
0.25,900,error,humanised-aimbot,flick,-11.506757412015032,0.9976,1
0.25,900,error,humanised-aimbot,flick,-inf,1,1
0.25,900,error,adaptive-aimbot,flick,inf,0,0
0.25,900,error,adaptive-aimbot,flick,2.8523179964731926,0,1
0.25,900,error,adaptive-aimbot,flick,2.037235028538326,0.0002,1
0.25,900,error,adaptive-aimbot,flick,1.939191678525167,0.0004,1
0.25,900,error,adaptive-aimbot,flick,1.8819259698439397,0.0006,1
0.25,900,error,adaptive-aimbot,flick,1.828616975400379,0.0008,1
0.25,900,error,adaptive-aimbot,flick,1.704820528690132,0.001,1
0.25,900,error,adaptive-aimbot,flick,1.594182776305371,0.0012,1
0.25,900,error,adaptive-aimbot,flick,1.543168826618647,0.0014,1
0.25,900,error,adaptive-aimbot,flick,1.536198353697775,0.0016,1
0.25,900,error,adaptive-aimbot,flick,1.500843818597543,0.0018,1
0.25,900,error,adaptive-aimbot,flick,1.498658201230582,0.002,1
0.25,900,error,adaptive-aimbot,flick,1.46025810749364,0.0022,1
0.25,900,error,adaptive-aimbot,flick,1.4274149504094331,0.0024,1
0.25,900,error,adaptive-aimbot,flick,1.3630697035263823,0.0026,1
0.25,900,error,adaptive-aimbot,flick,1.3333742821297798,0.0028,1
0.25,900,error,adaptive-aimbot,flick,1.304592332313907,0.003,1
0.25,900,error,adaptive-aimbot,flick,1.2990344861365284,0.0032,1
0.25,900,error,adaptive-aimbot,flick,1.1740794826785046,0.0034,1
0.25,900,error,adaptive-aimbot,flick,1.044697774711076,0.0036,1
0.25,900,error,adaptive-aimbot,flick,1.038548478574787,0.0038,1
0.25,900,error,adaptive-aimbot,flick,0.9859323109718116,0.004,1
0.25,900,error,adaptive-aimbot,flick,0.8945593229471418,0.0042,1
0.25,900,error,adaptive-aimbot,flick,0.8857069320421299,0.0044,1
0.25,900,error,adaptive-aimbot,flick,0.8839940579258206,0.0046,1
0.25,900,error,adaptive-aimbot,flick,0.8826585152726737,0.0048,1
0.25,900,error,adaptive-aimbot,flick,0.835275852131284,0.005,1
0.25,900,error,adaptive-aimbot,flick,0.8175964461085643,0.0052,1
0.25,900,error,adaptive-aimbot,flick,0.8123275887114988,0.0054,1
0.25,900,error,adaptive-aimbot,flick,0.8050718312074574,0.0056,1
0.25,900,error,adaptive-aimbot,flick,0.7448427223861719,0.0058,1
0.25,900,error,adaptive-aimbot,flick,0.7291591380275622,0.006,1
0.25,900,error,adaptive-aimbot,flick,0.7224623040196693,0.0062,1
0.25,900,error,adaptive-aimbot,flick,0.7005052010794378,0.0064,1
0.25,900,error,adaptive-aimbot,flick,0.6549765360207975,0.0066,1
0.25,900,error,adaptive-aimbot,flick,0.6532759612439201,0.0068,1
0.25,900,error,adaptive-aimbot,flick,0.6115365840513205,0.007,1
0.25,900,error,adaptive-aimbot,flick,0.6110728926650414,0.0072,1
0.25,900,error,adaptive-aimbot,flick,0.5889183343859825,0.0074,1
0.25,900,error,adaptive-aimbot,flick,0.5845315324413839,0.0076,1
0.25,900,error,adaptive-aimbot,flick,0.5810813953857513,0.0078,1
0.25,900,error,adaptive-aimbot,flick,0.5745242093418454,0.008,1
0.25,900,error,adaptive-aimbot,flick,0.5633527450508204,0.0082,1
0.25,900,error,adaptive-aimbot,flick,0.5574570433135588,0.0084,1
0.25,900,error,adaptive-aimbot,flick,0.5568288541643838,0.0086,1
0.25,900,error,adaptive-aimbot,flick,0.5359991226388992,0.0088,1
0.25,900,error,adaptive-aimbot,flick,0.5136012827960693,0.009,1
0.25,900,error,adaptive-aimbot,flick,0.5112269947814477,0.0092,1
0.25,900,error,adaptive-aimbot,flick,0.49914937314922686,0.0094,1
0.25,900,error,adaptive-aimbot,flick,0.49904058171489446,0.0096,1
0.25,900,error,adaptive-aimbot,flick,0.4973991057516324,0.0098,1
0.25,900,error,adaptive-aimbot,flick,0.4784125254584539,0.01,1
0.25,900,error,adaptive-aimbot,flick,0.46167073218080995,0.0102,1
0.25,900,error,adaptive-aimbot,flick,0.15522308606533125,0.0302,1
0.25,900,error,adaptive-aimbot,flick,0.039205181751737914,0.0502,1
0.25,900,error,adaptive-aimbot,flick,0.0030619657063054003,0.0704,1
0.25,900,error,adaptive-aimbot,flick,-0.0010171023287323501,0.0906,1
0.25,900,error,adaptive-aimbot,flick,-0.016588862349164485,0.1106,1
0.25,900,error,adaptive-aimbot,flick,-0.04132928807434377,0.1308,1
0.25,900,error,adaptive-aimbot,flick,-0.07512887739367068,0.151,1
0.25,900,error,adaptive-aimbot,flick,-0.11598272714046338,0.171,1
0.25,900,error,adaptive-aimbot,flick,-0.16110089918365172,0.1912,1
0.25,900,error,adaptive-aimbot,flick,-0.21568984438015448,0.2114,1
0.25,900,error,adaptive-aimbot,flick,-0.2691641579905703,0.2316,1
0.25,900,error,adaptive-aimbot,flick,-0.32407587330141446,0.2518,1
0.25,900,error,adaptive-aimbot,flick,-0.38772619903347755,0.272,1
0.25,900,error,adaptive-aimbot,flick,-0.4649509850442364,0.2922,1
0.25,900,error,adaptive-aimbot,flick,-0.5361413313901063,0.3124,1
0.25,900,error,adaptive-aimbot,flick,-0.6115154832951802,0.3326,1
0.25,900,error,adaptive-aimbot,flick,-0.6771131373488446,0.3526,1
0.25,900,error,adaptive-aimbot,flick,-0.755562810288006,0.3728,1
0.25,900,error,adaptive-aimbot,flick,-0.847879165282157,0.393,1
0.25,900,error,adaptive-aimbot,flick,-0.9363096037097773,0.4132,1
0.25,900,error,adaptive-aimbot,flick,-1.0048444243552384,0.4334,1
0.25,900,error,adaptive-aimbot,flick,-1.0897777699170466,0.4534,1
0.25,900,error,adaptive-aimbot,flick,-1.1830878900535364,0.4736,1
0.25,900,error,adaptive-aimbot,flick,-1.2603597281010104,0.4938,1
0.25,900,error,adaptive-aimbot,flick,-1.3546123704576216,0.5138,1
0.25,900,error,adaptive-aimbot,flick,-1.4672683171444663,0.5338,1
0.25,900,error,adaptive-aimbot,flick,-1.5591996676367719,0.554,1
0.25,900,error,adaptive-aimbot,flick,-1.6614809029523954,0.5742,1
0.25,900,error,adaptive-aimbot,flick,-1.7745133902327626,0.5944,1
0.25,900,error,adaptive-aimbot,flick,-1.8713656908074245,0.6146,1
0.25,900,error,adaptive-aimbot,flick,-2.001379005912258,0.6346,1
0.25,900,error,adaptive-aimbot,flick,-2.1199506073048533,0.6548,1
0.25,900,error,adaptive-aimbot,flick,-2.2557326763646577,0.675,1
0.25,900,error,adaptive-aimbot,flick,-2.401833843450259,0.6952,1
0.25,900,error,adaptive-aimbot,flick,-2.5417020420951566,0.7154,1
0.25,900,error,adaptive-aimbot,flick,-2.695903820651876,0.7354,1
0.25,900,error,adaptive-aimbot,flick,-2.856141805635121,0.7556,1
0.25,900,error,adaptive-aimbot,flick,-3.030764622550888,0.7758,1
0.25,900,error,adaptive-aimbot,flick,-3.214165614052941,0.796,1
0.25,900,error,adaptive-aimbot,flick,-3.4399977323336297,0.8162,1
0.25,900,error,adaptive-aimbot,flick,-3.6638253235558147,0.8362,1
0.25,900,error,adaptive-aimbot,flick,-3.9198983871599147,0.8564,1
0.25,900,error,adaptive-aimbot,flick,-4.214982701678222,0.8766,1
0.25,900,error,adaptive-aimbot,flick,-4.556132958027277,0.8968,1
0.25,900,error,adaptive-aimbot,flick,-5.008547531427443,0.917,1
0.25,900,error,adaptive-aimbot,flick,-5.529581138212939,0.937,1
0.25,900,error,adaptive-aimbot,flick,-6.215346021723152,0.9572,1
0.25,900,error,adaptive-aimbot,flick,-7.316218893461131,0.9774,1
0.25,900,error,adaptive-aimbot,flick,-11.506757412015032,0.9976,1
0.25,900,error,adaptive-aimbot,flick,-inf,1,1
0.25,900,error,smoothing-aimbot,flick,inf,0,0
0.25,900,error,smoothing-aimbot,flick,2.8523179964731926,0,0.008
0.25,900,error,smoothing-aimbot,flick,2.037235028538326,0.0002,0.016
0.25,900,error,smoothing-aimbot,flick,1.939191678525167,0.0004,0.016
0.25,900,error,smoothing-aimbot,flick,1.8819259698439397,0.0006,0.016
0.25,900,error,smoothing-aimbot,flick,1.828616975400379,0.0008,0.016
0.25,900,error,smoothing-aimbot,flick,1.704820528690132,0.001,0.016
0.25,900,error,smoothing-aimbot,flick,1.594182776305371,0.0012,0.018
0.25,900,error,smoothing-aimbot,flick,1.543168826618647,0.0014,0.018
0.25,900,error,smoothing-aimbot,flick,1.536198353697775,0.0016,0.018
0.25,900,error,smoothing-aimbot,flick,1.500843818597543,0.0018,0.018
0.25,900,error,smoothing-aimbot,flick,1.498658201230582,0.002,0.018
0.25,900,error,smoothing-aimbot,flick,1.46025810749364,0.0022,0.018
0.25,900,error,smoothing-aimbot,flick,1.4274149504094331,0.0024,0.018
0.25,900,error,smoothing-aimbot,flick,1.3630697035263823,0.0026,0.018
0.25,900,error,smoothing-aimbot,flick,1.3333742821297798,0.0028,0.02
0.25,900,error,smoothing-aimbot,flick,1.304592332313907,0.003,0.02
0.25,900,error,smoothing-aimbot,flick,1.2990344861365284,0.0032,0.02
0.25,900,error,smoothing-aimbot,flick,1.1740794826785046,0.0034,0.022
0.25,900,error,smoothing-aimbot,flick,1.044697774711076,0.0036,0.022
0.25,900,error,smoothing-aimbot,flick,1.038548478574787,0.0038,0.022
0.25,900,error,smoothing-aimbot,flick,0.9859323109718116,0.004,0.022
0.25,900,error,smoothing-aimbot,flick,0.8945593229471418,0.0042,0.022
0.25,900,error,smoothing-aimbot,flick,0.8857069320421299,0.0044,0.022
0.25,900,error,smoothing-aimbot,flick,0.8839940579258206,0.0046,0.022
0.25,900,error,smoothing-aimbot,flick,0.8826585152726737,0.0048,0.022
0.25,900,error,smoothing-aimbot,flick,0.835275852131284,0.005,0.022
0.25,900,error,smoothing-aimbot,flick,0.8175964461085643,0.0052,0.022
0.25,900,error,smoothing-aimbot,flick,0.8123275887114988,0.0054,0.022
0.25,900,error,smoothing-aimbot,flick,0.8050718312074574,0.0056,0.022
0.25,900,error,smoothing-aimbot,flick,0.7448427223861719,0.0058,0.022
0.25,900,error,smoothing-aimbot,flick,0.7291591380275622,0.006,0.022
0.25,900,error,smoothing-aimbot,flick,0.7224623040196693,0.0062,0.022
0.25,900,error,smoothing-aimbot,flick,0.7005052010794378,0.0064,0.022
0.25,900,error,smoothing-aimbot,flick,0.6549765360207975,0.0066,0.024
0.25,900,error,smoothing-aimbot,flick,0.6532759612439201,0.0068,0.024
0.25,900,error,smoothing-aimbot,flick,0.6115365840513205,0.007,0.026
0.25,900,error,smoothing-aimbot,flick,0.6110728926650414,0.0072,0.026
0.25,900,error,smoothing-aimbot,flick,0.5889183343859825,0.0074,0.026
0.25,900,error,smoothing-aimbot,flick,0.5845315324413839,0.0076,0.026
0.25,900,error,smoothing-aimbot,flick,0.5810813953857513,0.0078,0.028
0.25,900,error,smoothing-aimbot,flick,0.5745242093418454,0.008,0.028
0.25,900,error,smoothing-aimbot,flick,0.5633527450508204,0.0082,0.03
0.25,900,error,smoothing-aimbot,flick,0.5574570433135588,0.0084,0.03
0.25,900,error,smoothing-aimbot,flick,0.5568288541643838,0.0086,0.03
0.25,900,error,smoothing-aimbot,flick,0.5359991226388992,0.0088,0.032
0.25,900,error,smoothing-aimbot,flick,0.5136012827960693,0.009,0.034
0.25,900,error,smoothing-aimbot,flick,0.5112269947814477,0.0092,0.034
0.25,900,error,smoothing-aimbot,flick,0.49914937314922686,0.0094,0.034
0.25,900,error,smoothing-aimbot,flick,0.49904058171489446,0.0096,0.034
0.25,900,error,smoothing-aimbot,flick,0.4973991057516324,0.0098,0.034
0.25,900,error,smoothing-aimbot,flick,0.4784125254584539,0.01,0.034
0.25,900,error,smoothing-aimbot,flick,0.46167073218080995,0.0102,0.034
0.25,900,error,smoothing-aimbot,flick,0.15522308606533125,0.0302,0.044
0.25,900,error,smoothing-aimbot,flick,0.039205181751737914,0.0502,0.052
0.25,900,error,smoothing-aimbot,flick,0.0030619657063054003,0.0704,0.062
0.25,900,error,smoothing-aimbot,flick,-0.0010171023287323501,0.0906,0.066
0.25,900,error,smoothing-aimbot,flick,-0.016588862349164485,0.1106,0.07
0.25,900,error,smoothing-aimbot,flick,-0.04132928807434377,0.1308,0.07
0.25,900,error,smoothing-aimbot,flick,-0.07512887739367068,0.151,0.08
0.25,900,error,smoothing-aimbot,flick,-0.11598272714046338,0.171,0.088
0.25,900,error,smoothing-aimbot,flick,-0.16110089918365172,0.1912,0.088
0.25,900,error,smoothing-aimbot,flick,-0.21568984438015448,0.2114,0.092
0.25,900,error,smoothing-aimbot,flick,-0.2691641579905703,0.2316,0.096
0.25,900,error,smoothing-aimbot,flick,-0.32407587330141446,0.2518,0.098
0.25,900,error,smoothing-aimbot,flick,-0.38772619903347755,0.272,0.1
0.25,900,error,smoothing-aimbot,flick,-0.4649509850442364,0.2922,0.108
0.25,900,error,smoothing-aimbot,flick,-0.5361413313901063,0.3124,0.112
0.25,900,error,smoothing-aimbot,flick,-0.6115154832951802,0.3326,0.116
0.25,900,error,smoothing-aimbot,flick,-0.6771131373488446,0.3526,0.116
0.25,900,error,smoothing-aimbot,flick,-0.755562810288006,0.3728,0.12
0.25,900,error,smoothing-aimbot,flick,-0.847879165282157,0.393,0.128
0.25,900,error,smoothing-aimbot,flick,-0.9363096037097773,0.4132,0.132
0.25,900,error,smoothing-aimbot,flick,-1.0048444243552384,0.4334,0.142
0.25,900,error,smoothing-aimbot,flick,-1.0897777699170466,0.4534,0.148
0.25,900,error,smoothing-aimbot,flick,-1.1830878900535364,0.4736,0.15
0.25,900,error,smoothing-aimbot,flick,-1.2603597281010104,0.4938,0.154
0.25,900,error,smoothing-aimbot,flick,-1.3546123704576216,0.5138,0.156
0.25,900,error,smoothing-aimbot,flick,-1.4672683171444663,0.5338,0.164
0.25,900,error,smoothing-aimbot,flick,-1.5591996676367719,0.554,0.168
0.25,900,error,smoothing-aimbot,flick,-1.6614809029523954,0.5742,0.172
0.25,900,error,smoothing-aimbot,flick,-1.7745133902327626,0.5944,0.178
0.25,900,error,smoothing-aimbot,flick,-1.8713656908074245,0.6146,0.186
0.25,900,error,smoothing-aimbot,flick,-2.001379005912258,0.6346,0.192
0.25,900,error,smoothing-aimbot,flick,-2.1199506073048533,0.6548,0.196
0.25,900,error,smoothing-aimbot,flick,-2.2557326763646577,0.675,0.198
0.25,900,error,smoothing-aimbot,flick,-2.401833843450259,0.6952,0.202
0.25,900,error,smoothing-aimbot,flick,-2.5417020420951566,0.7154,0.21
0.25,900,error,smoothing-aimbot,flick,-2.695903820651876,0.7354,0.218
0.25,900,error,smoothing-aimbot,flick,-2.856141805635121,0.7556,0.224
0.25,900,error,smoothing-aimbot,flick,-3.030764622550888,0.7758,0.228
0.25,900,error,smoothing-aimbot,flick,-3.214165614052941,0.796,0.232
0.25,900,error,smoothing-aimbot,flick,-3.4399977323336297,0.8162,0.236
0.25,900,error,smoothing-aimbot,flick,-3.6638253235558147,0.8362,0.25
0.25,900,error,smoothing-aimbot,flick,-3.9198983871599147,0.8564,0.254
0.25,900,error,smoothing-aimbot,flick,-4.214982701678222,0.8766,0.262
0.25,900,error,smoothing-aimbot,flick,-4.556132958027277,0.8968,0.276
0.25,900,error,smoothing-aimbot,flick,-5.008547531427443,0.917,0.3
0.25,900,error,smoothing-aimbot,flick,-5.529581138212939,0.937,0.312
0.25,900,error,smoothing-aimbot,flick,-6.215346021723152,0.9572,0.346
0.25,900,error,smoothing-aimbot,flick,-7.316218893461131,0.9774,0.372
0.25,900,error,smoothing-aimbot,flick,-11.506757412015032,0.9976,0.506
0.25,900,error,smoothing-aimbot,flick,-inf,1,1
0.25,900,steps,smoothing-aimbot,flick,inf,0,0
0.25,900,steps,smoothing-aimbot,flick,0.9395646287938682,0,1
0.25,900,steps,smoothing-aimbot,flick,0.8992056273101138,0.0002,1
0.25,900,steps,smoothing-aimbot,flick,0.8787773596629767,0.0004,1
0.25,900,steps,smoothing-aimbot,flick,0.7444637889623992,0.0006,1
0.25,900,steps,smoothing-aimbot,flick,0.6943435884163311,0.0008,1
0.25,900,steps,smoothing-aimbot,flick,0.5914916386048081,0.001,1
0.25,900,steps,smoothing-aimbot,flick,0.5502198297814332,0.0012,1
0.25,900,steps,smoothing-aimbot,flick,0.5264578894070108,0.0014,1
0.25,900,steps,smoothing-aimbot,flick,0.4700549919320687,0.0016,1
0.25,900,steps,smoothing-aimbot,flick,0.4335609658912858,0.0018,1
0.25,900,steps,smoothing-aimbot,flick,0.42694705453917625,0.002,1
0.25,900,steps,smoothing-aimbot,flick,0.42664084500630867,0.0022,1
0.25,900,steps,smoothing-aimbot,flick,0.4264305988300206,0.0024,1
0.25,900,steps,smoothing-aimbot,flick,0.420556497586064,0.0026,1
0.25,900,steps,smoothing-aimbot,flick,0.4126113110412478,0.0028,1
0.25,900,steps,smoothing-aimbot,flick,0.4084638729173912,0.003,1
0.25,900,steps,smoothing-aimbot,flick,0.4043650324889052,0.0032,1
0.25,900,steps,smoothing-aimbot,flick,0.3995117626542957,0.0034,1
0.25,900,steps,smoothing-aimbot,flick,0.3739295817104174,0.0036,1
0.25,900,steps,smoothing-aimbot,flick,0.3654601141840126,0.0038,1
0.25,900,steps,smoothing-aimbot,flick,0.36488484073312866,0.004,1
0.25,900,steps,smoothing-aimbot,flick,0.35716809491730545,0.0042,1
0.25,900,steps,smoothing-aimbot,flick,0.3556709193750823,0.0044,1
0.25,900,steps,smoothing-aimbot,flick,0.34393971405983387,0.0046,1
0.25,900,steps,smoothing-aimbot,flick,0.33377603338353024,0.0048,1
0.25,900,steps,smoothing-aimbot,flick,0.32994990176043226,0.005,1
0.25,900,steps,smoothing-aimbot,flick,0.32830811949394567,0.0052,1
0.25,900,steps,smoothing-aimbot,flick,0.3243551316185766,0.0054,1
0.25,900,steps,smoothing-aimbot,flick,0.31871505007473483,0.0056,1
0.25,900,steps,smoothing-aimbot,flick,0.3186201115333225,0.0058,1
0.25,900,steps,smoothing-aimbot,flick,0.3136428650985314,0.006,1
0.25,900,steps,smoothing-aimbot,flick,0.29650517567734486,0.0062,1
0.25,900,steps,smoothing-aimbot,flick,0.29432562272474094,0.0064,1
0.25,900,steps,smoothing-aimbot,flick,0.29222918747112997,0.0066,1
0.25,900,steps,smoothing-aimbot,flick,0.2846159768725742,0.0068,1
0.25,900,steps,smoothing-aimbot,flick,0.2821964393118061,0.007,1
0.25,900,steps,smoothing-aimbot,flick,0.28180982696939344,0.0072,1
0.25,900,steps,smoothing-aimbot,flick,0.2804907055515566,0.0074,1
0.25,900,steps,smoothing-aimbot,flick,0.27278969617737586,0.0076,1
0.25,900,steps,smoothing-aimbot,flick,0.2722557190646935,0.0078,1
0.25,900,steps,smoothing-aimbot,flick,0.2671839444323866,0.008,1
0.25,900,steps,smoothing-aimbot,flick,0.2645732558980457,0.0082,1
0.25,900,steps,smoothing-aimbot,flick,0.26374219742171345,0.0084,1
0.25,900,steps,smoothing-aimbot,flick,0.26244944224186667,0.0086,1
0.25,900,steps,smoothing-aimbot,flick,0.2603946145268494,0.0088,1
0.25,900,steps,smoothing-aimbot,flick,0.2566720135085788,0.009,1
0.25,900,steps,smoothing-aimbot,flick,0.25268057935534416,0.0092,1
0.25,900,steps,smoothing-aimbot,flick,0.25236291211221085,0.0094,1
0.25,900,steps,smoothing-aimbot,flick,0.2514087623435724,0.0096,1
0.25,900,steps,smoothing-aimbot,flick,0.24949712110647507,0.0098,1
0.25,900,steps,smoothing-aimbot,flick,0.24751389309338112,0.01,1
0.25,900,steps,smoothing-aimbot,flick,0.24640880749975258,0.0102,1
0.25,900,steps,smoothing-aimbot,flick,0.13243627894147478,0.0302,1
0.25,900,steps,smoothing-aimbot,flick,0.09144218095594106,0.0502,1
0.25,900,steps,smoothing-aimbot,flick,0.06845248920891253,0.0704,1
0.25,900,steps,smoothing-aimbot,flick,0.053079219045928945,0.0906,1
0.25,900,steps,smoothing-aimbot,flick,0.03874769927849041,0.1106,1
0.25,900,steps,smoothing-aimbot,flick,0.030067640922587287,0.1308,1
0.25,900,steps,smoothing-aimbot,flick,0.02185152204363242,0.151,1
0.25,900,steps,smoothing-aimbot,flick,0.016171485973941035,0.171,1
0.25,900,steps,smoothing-aimbot,flick,0.012592776625223491,0.1912,1
0.25,900,steps,smoothing-aimbot,flick,0.008605464068454064,0.2114,1
0.25,900,steps,smoothing-aimbot,flick,0.005944483313581401,0.2316,1
0.25,900,steps,smoothing-aimbot,flick,0.003767350470853626,0.2518,1
0.25,900,steps,smoothing-aimbot,flick,0.002109822708641039,0.272,1
0.25,900,steps,smoothing-aimbot,flick,0.0007931202409652682,0.2922,1
0.25,900,steps,smoothing-aimbot,flick,0.00014677728980149734,0.3124,1
0.25,900,steps,smoothing-aimbot,flick,-0.00000017311304069658397,0.691,1
0.25,900,steps,smoothing-aimbot,flick,-0.0003501286418117127,0.711,1
0.25,900,steps,smoothing-aimbot,flick,-0.0013543924657629938,0.731,1
0.25,900,steps,smoothing-aimbot,flick,-0.0027346474358585214,0.751,1
0.25,900,steps,smoothing-aimbot,flick,-0.004831335546533182,0.771,1
0.25,900,steps,smoothing-aimbot,flick,-0.007594271264384133,0.791,1
0.25,900,steps,smoothing-aimbot,flick,-0.011840533406180576,0.811,1
0.25,900,steps,smoothing-aimbot,flick,-0.016060126063729457,0.8312,1
0.25,900,steps,smoothing-aimbot,flick,-0.022098154015194386,0.8514,1
0.25,900,steps,smoothing-aimbot,flick,-0.030241732440181374,0.8716,1
0.25,900,steps,smoothing-aimbot,flick,-0.04223075735767864,0.8918,1
0.25,900,steps,smoothing-aimbot,flick,-0.05698226875557307,0.9118,1
0.25,900,steps,smoothing-aimbot,flick,-0.07505693240829116,0.932,1
0.25,900,steps,smoothing-aimbot,flick,-0.09750840495549065,0.9522,1
0.25,900,steps,smoothing-aimbot,flick,-0.14451901801920455,0.9724,1
0.25,900,steps,smoothing-aimbot,flick,-0.26263968235320456,0.9926,1
0.25,900,steps,smoothing-aimbot,flick,-inf,1,1
0.25,900,error,fast-adaptive-aimbot,flick,inf,0,0
0.25,900,error,fast-adaptive-aimbot,flick,2.8523179964731926,0,1
0.25,900,error,fast-adaptive-aimbot,flick,2.037235028538326,0.0002,1
0.25,900,error,fast-adaptive-aimbot,flick,1.939191678525167,0.0004,1
0.25,900,error,fast-adaptive-aimbot,flick,1.8819259698439397,0.0006,1
0.25,900,error,fast-adaptive-aimbot,flick,1.828616975400379,0.0008,1
0.25,900,error,fast-adaptive-aimbot,flick,1.704820528690132,0.001,1
0.25,900,error,fast-adaptive-aimbot,flick,1.594182776305371,0.0012,1
0.25,900,error,fast-adaptive-aimbot,flick,1.543168826618647,0.0014,1
0.25,900,error,fast-adaptive-aimbot,flick,1.536198353697775,0.0016,1
0.25,900,error,fast-adaptive-aimbot,flick,1.500843818597543,0.0018,1
0.25,900,error,fast-adaptive-aimbot,flick,1.498658201230582,0.002,1
0.25,900,error,fast-adaptive-aimbot,flick,1.46025810749364,0.0022,1
0.25,900,error,fast-adaptive-aimbot,flick,1.4274149504094331,0.0024,1
0.25,900,error,fast-adaptive-aimbot,flick,1.3630697035263823,0.0026,1
0.25,900,error,fast-adaptive-aimbot,flick,1.3333742821297798,0.0028,1
0.25,900,error,fast-adaptive-aimbot,flick,1.304592332313907,0.003,1
0.25,900,error,fast-adaptive-aimbot,flick,1.2990344861365284,0.0032,1
0.25,900,error,fast-adaptive-aimbot,flick,1.1740794826785046,0.0034,1
0.25,900,error,fast-adaptive-aimbot,flick,1.044697774711076,0.0036,1
0.25,900,error,fast-adaptive-aimbot,flick,1.038548478574787,0.0038,1
0.25,900,error,fast-adaptive-aimbot,flick,0.9859323109718116,0.004,1
0.25,900,error,fast-adaptive-aimbot,flick,0.8945593229471418,0.0042,1
0.25,900,error,fast-adaptive-aimbot,flick,0.8857069320421299,0.0044,1
0.25,900,error,fast-adaptive-aimbot,flick,0.8839940579258206,0.0046,1
0.25,900,error,fast-adaptive-aimbot,flick,0.8826585152726737,0.0048,1
0.25,900,error,fast-adaptive-aimbot,flick,0.835275852131284,0.005,1
0.25,900,error,fast-adaptive-aimbot,flick,0.8175964461085643,0.0052,1
0.25,900,error,fast-adaptive-aimbot,flick,0.8123275887114988,0.0054,1
0.25,900,error,fast-adaptive-aimbot,flick,0.8050718312074574,0.0056,1
0.25,900,error,fast-adaptive-aimbot,flick,0.7448427223861719,0.0058,1
0.25,900,error,fast-adaptive-aimbot,flick,0.7291591380275622,0.006,1
0.25,900,error,fast-adaptive-aimbot,flick,0.7224623040196693,0.0062,1
0.25,900,error,fast-adaptive-aimbot,flick,0.7005052010794378,0.0064,1
0.25,900,error,fast-adaptive-aimbot,flick,0.6549765360207975,0.0066,1
0.25,900,error,fast-adaptive-aimbot,flick,0.6532759612439201,0.0068,1
0.25,900,error,fast-adaptive-aimbot,flick,0.6115365840513205,0.007,1
0.25,900,error,fast-adaptive-aimbot,flick,0.6110728926650414,0.0072,1
0.25,900,error,fast-adaptive-aimbot,flick,0.5889183343859825,0.0074,1
0.25,900,error,fast-adaptive-aimbot,flick,0.5845315324413839,0.0076,1
0.25,900,error,fast-adaptive-aimbot,flick,0.5810813953857513,0.0078,1
0.25,900,error,fast-adaptive-aimbot,flick,0.5745242093418454,0.008,1
0.25,900,error,fast-adaptive-aimbot,flick,0.5633527450508204,0.0082,1
0.25,900,error,fast-adaptive-aimbot,flick,0.5574570433135588,0.0084,1
0.25,900,error,fast-adaptive-aimbot,flick,0.5568288541643838,0.0086,1
0.25,900,error,fast-adaptive-aimbot,flick,0.5359991226388992,0.0088,1
0.25,900,error,fast-adaptive-aimbot,flick,0.5136012827960693,0.009,1
0.25,900,error,fast-adaptive-aimbot,flick,0.5112269947814477,0.0092,1
0.25,900,error,fast-adaptive-aimbot,flick,0.49914937314922686,0.0094,1
0.25,900,error,fast-adaptive-aimbot,flick,0.49904058171489446,0.0096,1
0.25,900,error,fast-adaptive-aimbot,flick,0.4973991057516324,0.0098,1
0.25,900,error,fast-adaptive-aimbot,flick,0.4784125254584539,0.01,1
0.25,900,error,fast-adaptive-aimbot,flick,0.46167073218080995,0.0102,1
0.25,900,error,fast-adaptive-aimbot,flick,0.15522308606533125,0.0302,1
0.25,900,error,fast-adaptive-aimbot,flick,0.039205181751737914,0.0502,1
0.25,900,error,fast-adaptive-aimbot,flick,0.0030619657063054003,0.0704,1
0.25,900,error,fast-adaptive-aimbot,flick,-0.0010171023287323501,0.0906,1
0.25,900,error,fast-adaptive-aimbot,flick,-0.016588862349164485,0.1106,1
0.25,900,error,fast-adaptive-aimbot,flick,-0.04132928807434377,0.1308,1
0.25,900,error,fast-adaptive-aimbot,flick,-0.07512887739367068,0.151,1
0.25,900,error,fast-adaptive-aimbot,flick,-0.11598272714046338,0.171,1
0.25,900,error,fast-adaptive-aimbot,flick,-0.16110089918365172,0.1912,1
0.25,900,error,fast-adaptive-aimbot,flick,-0.21568984438015448,0.2114,1
0.25,900,error,fast-adaptive-aimbot,flick,-0.2691641579905703,0.2316,1
0.25,900,error,fast-adaptive-aimbot,flick,-0.32407587330141446,0.2518,1
0.25,900,error,fast-adaptive-aimbot,flick,-0.38772619903347755,0.272,1
0.25,900,error,fast-adaptive-aimbot,flick,-0.4649509850442364,0.2922,1
0.25,900,error,fast-adaptive-aimbot,flick,-0.5361413313901063,0.3124,1
0.25,900,error,fast-adaptive-aimbot,flick,-0.6115154832951802,0.3326,1
0.25,900,error,fast-adaptive-aimbot,flick,-0.6771131373488446,0.3526,1
0.25,900,error,fast-adaptive-aimbot,flick,-0.755562810288006,0.3728,1
0.25,900,error,fast-adaptive-aimbot,flick,-0.847879165282157,0.393,1
0.25,900,error,fast-adaptive-aimbot,flick,-0.9363096037097773,0.4132,1
0.25,900,error,fast-adaptive-aimbot,flick,-1.0048444243552384,0.4334,1
0.25,900,error,fast-adaptive-aimbot,flick,-1.0897777699170466,0.4534,1
0.25,900,error,fast-adaptive-aimbot,flick,-1.1830878900535364,0.4736,1
0.25,900,error,fast-adaptive-aimbot,flick,-1.2603597281010104,0.4938,1
0.25,900,error,fast-adaptive-aimbot,flick,-1.3546123704576216,0.5138,1
0.25,900,error,fast-adaptive-aimbot,flick,-1.4672683171444663,0.5338,1
0.25,900,error,fast-adaptive-aimbot,flick,-1.5591996676367719,0.554,1
0.25,900,error,fast-adaptive-aimbot,flick,-1.6614809029523954,0.5742,1
0.25,900,error,fast-adaptive-aimbot,flick,-1.7745133902327626,0.5944,1
0.25,900,error,fast-adaptive-aimbot,flick,-1.8713656908074245,0.6146,1
0.25,900,error,fast-adaptive-aimbot,flick,-2.001379005912258,0.6346,1
0.25,900,error,fast-adaptive-aimbot,flick,-2.1199506073048533,0.6548,1
0.25,900,error,fast-adaptive-aimbot,flick,-2.2557326763646577,0.675,1
0.25,900,error,fast-adaptive-aimbot,flick,-2.401833843450259,0.6952,1
0.25,900,error,fast-adaptive-aimbot,flick,-2.5417020420951566,0.7154,1
0.25,900,error,fast-adaptive-aimbot,flick,-2.695903820651876,0.7354,1
0.25,900,error,fast-adaptive-aimbot,flick,-2.856141805635121,0.7556,1
0.25,900,error,fast-adaptive-aimbot,flick,-3.030764622550888,0.7758,1
0.25,900,error,fast-adaptive-aimbot,flick,-3.214165614052941,0.796,1
0.25,900,error,fast-adaptive-aimbot,flick,-3.4399977323336297,0.8162,1
0.25,900,error,fast-adaptive-aimbot,flick,-3.6638253235558147,0.8362,1
0.25,900,error,fast-adaptive-aimbot,flick,-3.9198983871599147,0.8564,1
0.25,900,error,fast-adaptive-aimbot,flick,-4.214982701678222,0.8766,1
0.25,900,error,fast-adaptive-aimbot,flick,-4.556132958027277,0.8968,1
0.25,900,error,fast-adaptive-aimbot,flick,-5.008547531427443,0.917,1
0.25,900,error,fast-adaptive-aimbot,flick,-5.529581138212939,0.937,1
0.25,900,error,fast-adaptive-aimbot,flick,-6.215346021723152,0.9572,1
0.25,900,error,fast-adaptive-aimbot,flick,-7.316218893461131,0.9774,1
0.25,900,error,fast-adaptive-aimbot,flick,-11.506757412015032,0.9976,1
0.25,900,error,fast-adaptive-aimbot,flick,-inf,1,1
0.5,30,error,recoil-macro,spray,inf,0,0
0.5,30,error,recoil-macro,spray,0,0,0
0.5,30,error,recoil-macro,spray,-inf,1,1
0.5,30,error,flick-aimbot,flick,inf,0,0
0.5,30,error,flick-aimbot,flick,4.919221168477974,0,1
0.5,30,error,flick-aimbot,flick,4.764749396839387,0.0002,1
0.5,30,error,flick-aimbot,flick,4.665524533854414,0.0004,1
0.5,30,error,flick-aimbot,flick,4.625350852542518,0.0006,1
0.5,30,error,flick-aimbot,flick,4.46281141007554,0.0008,1
0.5,30,error,flick-aimbot,flick,4.052744629580354,0.001,1
0.5,30,error,flick-aimbot,flick,4.046722488642148,0.0012,1
0.5,30,error,flick-aimbot,flick,3.928198775125992,0.0014,1
0.5,30,error,flick-aimbot,flick,3.8988290127868557,0.0016,1
0.5,30,error,flick-aimbot,flick,3.864650160872307,0.0018,1
0.5,30,error,flick-aimbot,flick,3.7765469532814038,0.002,1
0.5,30,error,flick-aimbot,flick,3.767918440479881,0.0022,1
0.5,30,error,flick-aimbot,flick,3.636972745627525,0.0024,1
0.5,30,error,flick-aimbot,flick,3.501158905664098,0.0026,1
0.5,30,error,flick-aimbot,flick,3.4204790516351617,0.0028,1
0.5,30,error,flick-aimbot,flick,3.417099353158685,0.003,1
0.5,30,error,flick-aimbot,flick,3.401643257591285,0.0032,1
0.5,30,error,flick-aimbot,flick,3.3615437464820355,0.0034,1
0.5,30,error,flick-aimbot,flick,3.1974141175804447,0.0036,1
0.5,30,error,flick-aimbot,flick,2.9993007929700033,0.0038,1
0.5,30,error,flick-aimbot,flick,2.9554295281135965,0.004,1
0.5,30,error,flick-aimbot,flick,2.8241516450831736,0.0042,1
0.5,30,error,flick-aimbot,flick,2.720280197767138,0.0044,1
0.5,30,error,flick-aimbot,flick,2.691815966335362,0.0046,1
0.5,30,error,flick-aimbot,flick,2.6664633674555462,0.0048,1
0.5,30,error,flick-aimbot,flick,2.6170922086588324,0.005,1
0.5,30,error,flick-aimbot,flick,2.6037707522216667,0.0052,1
0.5,30,error,flick-aimbot,flick,2.591153308475925,0.0054,1
0.5,30,error,flick-aimbot,flick,2.5284757867553163,0.0056,1
0.5,30,error,flick-aimbot,flick,2.4322720911641325,0.0058,1
0.5,30,error,flick-aimbot,flick,2.4258580820673865,0.006,1
0.5,30,error,flick-aimbot,flick,2.404707717017593,0.0062,1
0.5,30,error,flick-aimbot,flick,2.4000493809869288,0.0064,1
0.5,30,error,flick-aimbot,flick,2.3904008049160206,0.0066,1
0.5,30,error,flick-aimbot,flick,2.3832272424305128,0.0068,1
0.5,30,error,flick-aimbot,flick,2.3744859863729353,0.007,1
0.5,30,error,flick-aimbot,flick,2.3570707249217917,0.0072,1
0.5,30,error,flick-aimbot,flick,2.2992564818969248,0.0074,1
0.5,30,error,flick-aimbot,flick,2.2683046015033987,0.0076,1
0.5,30,error,flick-aimbot,flick,2.2592327847841376,0.0078,1
0.5,30,error,flick-aimbot,flick,2.2531092430780686,0.008,1
0.5,30,error,flick-aimbot,flick,2.2130293318716032,0.0082,1
0.5,30,error,flick-aimbot,flick,2.206189145303571,0.0084,1
0.5,30,error,flick-aimbot,flick,2.178184493751335,0.0086,1
0.5,30,error,flick-aimbot,flick,2.1752184380590065,0.0088,1
0.5,30,error,flick-aimbot,flick,2.1661260238585576,0.009,1
0.5,30,error,flick-aimbot,flick,2.1653180689028333,0.0092,1
0.5,30,error,flick-aimbot,flick,2.1506395129640077,0.0094,1
0.5,30,error,flick-aimbot,flick,2.14637576948335,0.0096,1
0.5,30,error,flick-aimbot,flick,2.144175224232426,0.0098,1
0.5,30,error,flick-aimbot,flick,2.1309962309161072,0.01,1
0.5,30,error,flick-aimbot,flick,2.1089859765060917,0.0102,1
0.5,30,error,flick-aimbot,flick,1.180426674084225,0.0302,1
0.5,30,error,flick-aimbot,flick,0.8089638173705247,0.0502,1
0.5,30,error,flick-aimbot,flick,0.5827360758502694,0.0704,1
0.5,30,error,flick-aimbot,flick,0.409275618194408,0.0906,1
0.5,30,error,flick-aimbot,flick,0.3090818173072046,0.1106,1
0.5,30,error,flick-aimbot,flick,0.23464521911250086,0.1308,1
0.5,30,error,flick-aimbot,flick,0.16096143319195544,0.151,1
0.5,30,error,flick-aimbot,flick,0.11654922363802794,0.171,1
0.5,30,error,flick-aimbot,flick,0.08279476838248531,0.1912,1
0.5,30,error,flick-aimbot,flick,0.05607607927122901,0.2114,1
0.5,30,error,flick-aimbot,flick,0.0327410734996972,0.2316,1
0.5,30,error,flick-aimbot,flick,0.015330301867866715,0.2518,1
0.5,30,error,flick-aimbot,flick,0.0055200262963947784,0.272,1
0.5,30,error,flick-aimbot,flick,0.0005602209103904877,0.2922,1
0.5,30,error,flick-aimbot,flick,-0.0007525793141672704,0.3124,1
0.5,30,error,flick-aimbot,flick,-0.005510456568437268,0.3326,1
0.5,30,error,flick-aimbot,flick,-0.014068035025954577,0.3526,1
0.5,30,error,flick-aimbot,flick,-0.02620368423259833,0.3728,1
0.5,30,error,flick-aimbot,flick,-0.04016502321269925,0.393,1
0.5,30,error,flick-aimbot,flick,-0.05876298110420848,0.4132,1
0.5,30,error,flick-aimbot,flick,-0.07999494723873078,0.4334,1
0.5,30,error,flick-aimbot,flick,-0.09944978708024976,0.4534,1
0.5,30,error,flick-aimbot,flick,-0.12628449238293715,0.4736,1
0.5,30,error,flick-aimbot,flick,-0.15720303655758738,0.4938,1
0.5,30,error,flick-aimbot,flick,-0.19305679689179195,0.5138,1
0.5,30,error,flick-aimbot,flick,-0.23636437891182,0.5338,1
0.5,30,error,flick-aimbot,flick,-0.2871479294882566,0.554,1
0.5,30,error,flick-aimbot,flick,-0.3331535820749639,0.5742,1
0.5,30,error,flick-aimbot,flick,-0.38035251176090706,0.5944,1
0.5,30,error,flick-aimbot,flick,-0.4370911355723946,0.6146,1
0.5,30,error,flick-aimbot,flick,-0.49255009297394203,0.6346,1
0.5,30,error,flick-aimbot,flick,-0.5577231334267513,0.6548,1
0.5,30,error,flick-aimbot,flick,-0.6215798383710014,0.675,1
0.5,30,error,flick-aimbot,flick,-0.6875965117959247,0.6952,1
0.5,30,error,flick-aimbot,flick,-0.747801839414256,0.7154,1
0.5,30,error,flick-aimbot,flick,-0.8312392732285792,0.7354,1
0.5,30,error,flick-aimbot,flick,-0.9255374087711783,0.7556,1
0.5,30,error,flick-aimbot,flick,-1.022575261771184,0.7758,1
0.5,30,error,flick-aimbot,flick,-1.1309359797542025,0.796,1
0.5,30,error,flick-aimbot,flick,-1.2572836461991137,0.8162,1
0.5,30,error,flick-aimbot,flick,-1.4120952473852904,0.8362,1
0.5,30,error,flick-aimbot,flick,-1.5684512294348563,0.8564,1
0.5,30,error,flick-aimbot,flick,-1.7656959389801303,0.8766,1
0.5,30,error,flick-aimbot,flick,-1.9700145863991294,0.8968,1
0.5,30,error,flick-aimbot,flick,-2.2464361764811485,0.917,1
0.5,30,error,flick-aimbot,flick,-2.5745523927820617,0.937,1
0.5,30,error,flick-aimbot,flick,-3.1762075154101628,0.9572,1
0.5,30,error,flick-aimbot,flick,-4.005276378632685,0.9774,1
0.5,30,error,flick-aimbot,flick,-7.427185753378959,0.9976,1
0.5,30,error,flick-aimbot,flick,-inf,1,1
0.5,30,error,humanised-aimbot,flick,inf,0,0
0.5,30,error,humanised-aimbot,flick,4.919221168477974,0,0.178
0.5,30,error,humanised-aimbot,flick,4.764749396839387,0.0002,0.19
0.5,30,error,humanised-aimbot,flick,4.665524533854414,0.0004,0.204
0.5,30,error,humanised-aimbot,flick,4.625350852542518,0.0006,0.212
0.5,30,error,humanised-aimbot,flick,4.46281141007554,0.0008,0.22
0.5,30,error,humanised-aimbot,flick,4.052744629580354,0.001,0.268
0.5,30,error,humanised-aimbot,flick,4.046722488642148,0.0012,0.268
0.5,30,error,humanised-aimbot,flick,3.928198775125992,0.0014,0.276
0.5,30,error,humanised-aimbot,flick,3.8988290127868557,0.0016,0.282
0.5,30,error,humanised-aimbot,flick,3.864650160872307,0.0018,0.284
0.5,30,error,humanised-aimbot,flick,3.7765469532814038,0.002,0.29
0.5,30,error,humanised-aimbot,flick,3.767918440479881,0.0022,0.29
0.5,30,error,humanised-aimbot,flick,3.636972745627525,0.0024,0.304
0.5,30,error,humanised-aimbot,flick,3.501158905664098,0.0026,0.32
0.5,30,error,humanised-aimbot,flick,3.4204790516351617,0.0028,0.338
0.5,30,error,humanised-aimbot,flick,3.417099353158685,0.003,0.34
0.5,30,error,humanised-aimbot,flick,3.401643257591285,0.0032,0.34
0.5,30,error,humanised-aimbot,flick,3.3615437464820355,0.0034,0.348
0.5,30,error,humanised-aimbot,flick,3.1974141175804447,0.0036,0.354
0.5,30,error,humanised-aimbot,flick,2.9993007929700033,0.0038,0.38
0.5,30,error,humanised-aimbot,flick,2.9554295281135965,0.004,0.386
0.5,30,error,humanised-aimbot,flick,2.8241516450831736,0.0042,0.402
0.5,30,error,humanised-aimbot,flick,2.720280197767138,0.0044,0.414
0.5,30,error,humanised-aimbot,flick,2.691815966335362,0.0046,0.422
0.5,30,error,humanised-aimbot,flick,2.6664633674555462,0.0048,0.426
0.5,30,error,humanised-aimbot,flick,2.6170922086588324,0.005,0.438
0.5,30,error,humanised-aimbot,flick,2.6037707522216667,0.0052,0.44
0.5,30,error,humanised-aimbot,flick,2.591153308475925,0.0054,0.442
0.5,30,error,humanised-aimbot,flick,2.5284757867553163,0.0056,0.448
0.5,30,error,humanised-aimbot,flick,2.4322720911641325,0.0058,0.47
0.5,30,error,humanised-aimbot,flick,2.4258580820673865,0.006,0.474
0.5,30,error,humanised-aimbot,flick,2.404707717017593,0.0062,0.476
0.5,30,error,humanised-aimbot,flick,2.4000493809869288,0.0064,0.476
0.5,30,error,humanised-aimbot,flick,2.3904008049160206,0.0066,0.476
0.5,30,error,humanised-aimbot,flick,2.3832272424305128,0.0068,0.478
0.5,30,error,humanised-aimbot,flick,2.3744859863729353,0.007,0.48
0.5,30,error,humanised-aimbot,flick,2.3570707249217917,0.0072,0.48
0.5,30,error,humanised-aimbot,flick,2.2992564818969248,0.0074,0.492
0.5,30,error,humanised-aimbot,flick,2.2683046015033987,0.0076,0.5
0.5,30,error,humanised-aimbot,flick,2.2592327847841376,0.0078,0.5
0.5,30,error,humanised-aimbot,flick,2.2531092430780686,0.008,0.5
0.5,30,error,humanised-aimbot,flick,2.2130293318716032,0.0082,0.508
0.5,30,error,humanised-aimbot,flick,2.206189145303571,0.0084,0.508
0.5,30,error,humanised-aimbot,flick,2.178184493751335,0.0086,0.508
0.5,30,error,humanised-aimbot,flick,2.1752184380590065,0.0088,0.508
0.5,30,error,humanised-aimbot,flick,2.1661260238585576,0.009,0.51
0.5,30,error,humanised-aimbot,flick,2.1653180689028333,0.0092,0.51
0.5,30,error,humanised-aimbot,flick,2.1506395129640077,0.0094,0.514
0.5,30,error,humanised-aimbot,flick,2.14637576948335,0.0096,0.514
0.5,30,error,humanised-aimbot,flick,2.144175224232426,0.0098,0.514
0.5,30,error,humanised-aimbot,flick,2.1309962309161072,0.01,0.518
0.5,30,error,humanised-aimbot,flick,2.1089859765060917,0.0102,0.524
0.5,30,error,humanised-aimbot,flick,1.180426674084225,0.0302,0.688
0.5,30,error,humanised-aimbot,flick,0.8089638173705247,0.0502,0.756
0.5,30,error,humanised-aimbot,flick,0.5827360758502694,0.0704,0.816
0.5,30,error,humanised-aimbot,flick,0.409275618194408,0.0906,0.852
0.5,30,error,humanised-aimbot,flick,0.3090818173072046,0.1106,0.874
0.5,30,error,humanised-aimbot,flick,0.23464521911250086,0.1308,0.888
0.5,30,error,humanised-aimbot,flick,0.16096143319195544,0.151,0.904
0.5,30,error,humanised-aimbot,flick,0.11654922363802794,0.171,0.916
0.5,30,error,humanised-aimbot,flick,0.08279476838248531,0.1912,0.924
0.5,30,error,humanised-aimbot,flick,0.05607607927122901,0.2114,0.928
0.5,30,error,humanised-aimbot,flick,0.0327410734996972,0.2316,0.934
0.5,30,error,humanised-aimbot,flick,0.015330301867866715,0.2518,0.946
0.5,30,error,humanised-aimbot,flick,0.0055200262963947784,0.272,0.958
0.5,30,error,humanised-aimbot,flick,0.0005602209103904877,0.2922,0.968
0.5,30,error,humanised-aimbot,flick,-0.0007525793141672704,0.3124,0.984
0.5,30,error,humanised-aimbot,flick,-0.005510456568437268,0.3326,0.986
0.5,30,error,humanised-aimbot,flick,-0.014068035025954577,0.3526,0.99
0.5,30,error,humanised-aimbot,flick,-0.02620368423259833,0.3728,0.992
0.5,30,error,humanised-aimbot,flick,-0.04016502321269925,0.393,0.992
0.5,30,error,humanised-aimbot,flick,-0.05876298110420848,0.4132,0.996
0.5,30,error,humanised-aimbot,flick,-0.07999494723873078,0.4334,0.996
0.5,30,error,humanised-aimbot,flick,-0.09944978708024976,0.4534,0.998
0.5,30,error,humanised-aimbot,flick,-0.12628449238293715,0.4736,0.998
0.5,30,error,humanised-aimbot,flick,-0.15720303655758738,0.4938,0.998
0.5,30,error,humanised-aimbot,flick,-0.19305679689179195,0.5138,0.998
0.5,30,error,humanised-aimbot,flick,-0.23636437891182,0.5338,0.998
0.5,30,error,humanised-aimbot,flick,-0.2871479294882566,0.554,0.998
0.5,30,error,humanised-aimbot,flick,-0.3331535820749639,0.5742,0.998
0.5,30,error,humanised-aimbot,flick,-0.38035251176090706,0.5944,0.998
0.5,30,error,humanised-aimbot,flick,-0.4370911355723946,0.6146,0.998
0.5,30,error,humanised-aimbot,flick,-0.49255009297394203,0.6346,0.998
0.5,30,error,humanised-aimbot,flick,-0.5577231334267513,0.6548,0.998
0.5,30,error,humanised-aimbot,flick,-0.6215798383710014,0.675,0.998
0.5,30,error,humanised-aimbot,flick,-0.6875965117959247,0.6952,0.998
0.5,30,error,humanised-aimbot,flick,-0.747801839414256,0.7154,0.998
0.5,30,error,humanised-aimbot,flick,-0.8312392732285792,0.7354,0.998
0.5,30,error,humanised-aimbot,flick,-0.9255374087711783,0.7556,0.998
0.5,30,error,humanised-aimbot,flick,-1.022575261771184,0.7758,0.998
0.5,30,error,humanised-aimbot,flick,-1.1309359797542025,0.796,0.998
0.5,30,error,humanised-aimbot,flick,-1.2572836461991137,0.8162,0.998
0.5,30,error,humanised-aimbot,flick,-1.4120952473852904,0.8362,0.998
0.5,30,error,humanised-aimbot,flick,-1.5684512294348563,0.8564,1
0.5,30,error,humanised-aimbot,flick,-1.7656959389801303,0.8766,1
0.5,30,error,humanised-aimbot,flick,-1.9700145863991294,0.8968,1
0.5,30,error,humanised-aimbot,flick,-2.2464361764811485,0.917,1
0.5,30,error,humanised-aimbot,flick,-2.5745523927820617,0.937,1
0.5,30,error,humanised-aimbot,flick,-3.1762075154101628,0.9572,1
0.5,30,error,humanised-aimbot,flick,-4.005276378632685,0.9774,1
0.5,30,error,humanised-aimbot,flick,-7.427185753378959,0.9976,1
0.5,30,error,humanised-aimbot,flick,-inf,1,1
0.5,30,error,adaptive-aimbot,flick,inf,0,0
0.5,30,error,adaptive-aimbot,flick,4.919221168477974,0,0.982
0.5,30,error,adaptive-aimbot,flick,4.764749396839387,0.0002,0.984
0.5,30,error,adaptive-aimbot,flick,4.665524533854414,0.0004,0.984
0.5,30,error,adaptive-aimbot,flick,4.625350852542518,0.0006,0.984
0.5,30,error,adaptive-aimbot,flick,4.46281141007554,0.0008,0.984
0.5,30,error,adaptive-aimbot,flick,4.052744629580354,0.001,0.988
0.5,30,error,adaptive-aimbot,flick,4.046722488642148,0.0012,0.988
0.5,30,error,adaptive-aimbot,flick,3.928198775125992,0.0014,0.988
0.5,30,error,adaptive-aimbot,flick,3.8988290127868557,0.0016,0.988
0.5,30,error,adaptive-aimbot,flick,3.864650160872307,0.0018,0.988
0.5,30,error,adaptive-aimbot,flick,3.7765469532814038,0.002,0.99
0.5,30,error,adaptive-aimbot,flick,3.767918440479881,0.0022,0.99
0.5,30,error,adaptive-aimbot,flick,3.636972745627525,0.0024,0.992
0.5,30,error,adaptive-aimbot,flick,3.501158905664098,0.0026,0.992
0.5,30,error,adaptive-aimbot,flick,3.4204790516351617,0.0028,0.992
0.5,30,error,adaptive-aimbot,flick,3.417099353158685,0.003,0.992
0.5,30,error,adaptive-aimbot,flick,3.401643257591285,0.0032,0.992
0.5,30,error,adaptive-aimbot,flick,3.3615437464820355,0.0034,0.992
0.5,30,error,adaptive-aimbot,flick,3.1974141175804447,0.0036,0.994
0.5,30,error,adaptive-aimbot,flick,2.9993007929700033,0.0038,0.996
0.5,30,error,adaptive-aimbot,flick,2.9554295281135965,0.004,0.996
0.5,30,error,adaptive-aimbot,flick,2.8241516450831736,0.0042,0.996
0.5,30,error,adaptive-aimbot,flick,2.720280197767138,0.0044,0.996
0.5,30,error,adaptive-aimbot,flick,2.691815966335362,0.0046,0.996
0.5,30,error,adaptive-aimbot,flick,2.6664633674555462,0.0048,0.996
0.5,30,error,adaptive-aimbot,flick,2.6170922086588324,0.005,0.996
0.5,30,error,adaptive-aimbot,flick,2.6037707522216667,0.0052,0.996
0.5,30,error,adaptive-aimbot,flick,2.591153308475925,0.0054,0.996
0.5,30,error,adaptive-aimbot,flick,2.5284757867553163,0.0056,0.996
0.5,30,error,adaptive-aimbot,flick,2.4322720911641325,0.0058,0.996
0.5,30,error,adaptive-aimbot,flick,2.4258580820673865,0.006,0.996
0.5,30,error,adaptive-aimbot,flick,2.404707717017593,0.0062,0.996
0.5,30,error,adaptive-aimbot,flick,2.4000493809869288,0.0064,0.996
0.5,30,error,adaptive-aimbot,flick,2.3904008049160206,0.0066,0.996
0.5,30,error,adaptive-aimbot,flick,2.3832272424305128,0.0068,0.996
0.5,30,error,adaptive-aimbot,flick,2.3744859863729353,0.007,0.996
0.5,30,error,adaptive-aimbot,flick,2.3570707249217917,0.0072,0.996
0.5,30,error,adaptive-aimbot,flick,2.2992564818969248,0.0074,0.996
0.5,30,error,adaptive-aimbot,flick,2.2683046015033987,0.0076,0.998
0.5,30,error,adaptive-aimbot,flick,2.2592327847841376,0.0078,0.998
0.5,30,error,adaptive-aimbot,flick,2.2531092430780686,0.008,0.998
0.5,30,error,adaptive-aimbot,flick,2.2130293318716032,0.0082,0.998
0.5,30,error,adaptive-aimbot,flick,2.206189145303571,0.0084,0.998
0.5,30,error,adaptive-aimbot,flick,2.178184493751335,0.0086,0.998
0.5,30,error,adaptive-aimbot,flick,2.1752184380590065,0.0088,0.998
0.5,30,error,adaptive-aimbot,flick,2.1661260238585576,0.009,0.998
0.5,30,error,adaptive-aimbot,flick,2.1653180689028333,0.0092,0.998
0.5,30,error,adaptive-aimbot,flick,2.1506395129640077,0.0094,0.998
0.5,30,error,adaptive-aimbot,flick,2.14637576948335,0.0096,0.998
0.5,30,error,adaptive-aimbot,flick,2.144175224232426,0.0098,0.998
0.5,30,error,adaptive-aimbot,flick,2.1309962309161072,0.01,0.998
0.5,30,error,adaptive-aimbot,flick,2.1089859765060917,0.0102,0.998
0.5,30,error,adaptive-aimbot,flick,1.180426674084225,0.0302,0.998
0.5,30,error,adaptive-aimbot,flick,0.8089638173705247,0.0502,1
0.5,30,error,adaptive-aimbot,flick,0.5827360758502694,0.0704,1
0.5,30,error,adaptive-aimbot,flick,0.409275618194408,0.0906,1
0.5,30,error,adaptive-aimbot,flick,0.3090818173072046,0.1106,1
0.5,30,error,adaptive-aimbot,flick,0.23464521911250086,0.1308,1
0.5,30,error,adaptive-aimbot,flick,0.16096143319195544,0.151,1
0.5,30,error,adaptive-aimbot,flick,0.11654922363802794,0.171,1
0.5,30,error,adaptive-aimbot,flick,0.08279476838248531,0.1912,1
0.5,30,error,adaptive-aimbot,flick,0.05607607927122901,0.2114,1
0.5,30,error,adaptive-aimbot,flick,0.0327410734996972,0.2316,1
0.5,30,error,adaptive-aimbot,flick,0.015330301867866715,0.2518,1
0.5,30,error,adaptive-aimbot,flick,0.0055200262963947784,0.272,1
0.5,30,error,adaptive-aimbot,flick,0.0005602209103904877,0.2922,1
0.5,30,error,adaptive-aimbot,flick,-0.0007525793141672704,0.3124,1
0.5,30,error,adaptive-aimbot,flick,-0.005510456568437268,0.3326,1
0.5,30,error,adaptive-aimbot,flick,-0.014068035025954577,0.3526,1
0.5,30,error,adaptive-aimbot,flick,-0.02620368423259833,0.3728,1
0.5,30,error,adaptive-aimbot,flick,-0.04016502321269925,0.393,1
0.5,30,error,adaptive-aimbot,flick,-0.05876298110420848,0.4132,1
0.5,30,error,adaptive-aimbot,flick,-0.07999494723873078,0.4334,1
0.5,30,error,adaptive-aimbot,flick,-0.09944978708024976,0.4534,1
0.5,30,error,adaptive-aimbot,flick,-0.12628449238293715,0.4736,1
0.5,30,error,adaptive-aimbot,flick,-0.15720303655758738,0.4938,1
0.5,30,error,adaptive-aimbot,flick,-0.19305679689179195,0.5138,1
0.5,30,error,adaptive-aimbot,flick,-0.23636437891182,0.5338,1
0.5,30,error,adaptive-aimbot,flick,-0.2871479294882566,0.554,1
0.5,30,error,adaptive-aimbot,flick,-0.3331535820749639,0.5742,1
0.5,30,error,adaptive-aimbot,flick,-0.38035251176090706,0.5944,1
0.5,30,error,adaptive-aimbot,flick,-0.4370911355723946,0.6146,1
0.5,30,error,adaptive-aimbot,flick,-0.49255009297394203,0.6346,1
0.5,30,error,adaptive-aimbot,flick,-0.5577231334267513,0.6548,1
0.5,30,error,adaptive-aimbot,flick,-0.6215798383710014,0.675,1
0.5,30,error,adaptive-aimbot,flick,-0.6875965117959247,0.6952,1
0.5,30,error,adaptive-aimbot,flick,-0.747801839414256,0.7154,1
0.5,30,error,adaptive-aimbot,flick,-0.8312392732285792,0.7354,1
0.5,30,error,adaptive-aimbot,flick,-0.9255374087711783,0.7556,1
0.5,30,error,adaptive-aimbot,flick,-1.022575261771184,0.7758,1
0.5,30,error,adaptive-aimbot,flick,-1.1309359797542025,0.796,1
0.5,30,error,adaptive-aimbot,flick,-1.2572836461991137,0.8162,1
0.5,30,error,adaptive-aimbot,flick,-1.4120952473852904,0.8362,1
0.5,30,error,adaptive-aimbot,flick,-1.5684512294348563,0.8564,1
0.5,30,error,adaptive-aimbot,flick,-1.7656959389801303,0.8766,1
0.5,30,error,adaptive-aimbot,flick,-1.9700145863991294,0.8968,1
0.5,30,error,adaptive-aimbot,flick,-2.2464361764811485,0.917,1
0.5,30,error,adaptive-aimbot,flick,-2.5745523927820617,0.937,1
0.5,30,error,adaptive-aimbot,flick,-3.1762075154101628,0.9572,1
0.5,30,error,adaptive-aimbot,flick,-4.005276378632685,0.9774,1
0.5,30,error,adaptive-aimbot,flick,-7.427185753378959,0.9976,1
0.5,30,error,adaptive-aimbot,flick,-inf,1,1
0.5,30,error,smoothing-aimbot,flick,inf,0,0
0.5,30,error,smoothing-aimbot,flick,4.919221168477974,0,0.036
0.5,30,error,smoothing-aimbot,flick,4.764749396839387,0.0002,0.036
0.5,30,error,smoothing-aimbot,flick,4.665524533854414,0.0004,0.036
0.5,30,error,smoothing-aimbot,flick,4.625350852542518,0.0006,0.036
0.5,30,error,smoothing-aimbot,flick,4.46281141007554,0.0008,0.038
0.5,30,error,smoothing-aimbot,flick,4.052744629580354,0.001,0.046
0.5,30,error,smoothing-aimbot,flick,4.046722488642148,0.0012,0.046
0.5,30,error,smoothing-aimbot,flick,3.928198775125992,0.0014,0.048
0.5,30,error,smoothing-aimbot,flick,3.8988290127868557,0.0016,0.048
0.5,30,error,smoothing-aimbot,flick,3.864650160872307,0.0018,0.048
0.5,30,error,smoothing-aimbot,flick,3.7765469532814038,0.002,0.048
0.5,30,error,smoothing-aimbot,flick,3.767918440479881,0.0022,0.048
0.5,30,error,smoothing-aimbot,flick,3.636972745627525,0.0024,0.048
0.5,30,error,smoothing-aimbot,flick,3.501158905664098,0.0026,0.054
0.5,30,error,smoothing-aimbot,flick,3.4204790516351617,0.0028,0.054
0.5,30,error,smoothing-aimbot,flick,3.417099353158685,0.003,0.054
0.5,30,error,smoothing-aimbot,flick,3.401643257591285,0.0032,0.054
0.5,30,error,smoothing-aimbot,flick,3.3615437464820355,0.0034,0.054
0.5,30,error,smoothing-aimbot,flick,3.1974141175804447,0.0036,0.06
0.5,30,error,smoothing-aimbot,flick,2.9993007929700033,0.0038,0.068
0.5,30,error,smoothing-aimbot,flick,2.9554295281135965,0.004,0.072
0.5,30,error,smoothing-aimbot,flick,2.8241516450831736,0.0042,0.076
0.5,30,error,smoothing-aimbot,flick,2.720280197767138,0.0044,0.076
0.5,30,error,smoothing-aimbot,flick,2.691815966335362,0.0046,0.078
0.5,30,error,smoothing-aimbot,flick,2.6664633674555462,0.0048,0.078
0.5,30,error,smoothing-aimbot,flick,2.6170922086588324,0.005,0.08
0.5,30,error,smoothing-aimbot,flick,2.6037707522216667,0.0052,0.08
0.5,30,error,smoothing-aimbot,flick,2.591153308475925,0.0054,0.08
0.5,30,error,smoothing-aimbot,flick,2.5284757867553163,0.0056,0.084
0.5,30,error,smoothing-aimbot,flick,2.4322720911641325,0.0058,0.088
0.5,30,error,smoothing-aimbot,flick,2.4258580820673865,0.006,0.088
0.5,30,error,smoothing-aimbot,flick,2.404707717017593,0.0062,0.088
0.5,30,error,smoothing-aimbot,flick,2.4000493809869288,0.0064,0.09
0.5,30,error,smoothing-aimbot,flick,2.3904008049160206,0.0066,0.09
0.5,30,error,smoothing-aimbot,flick,2.3832272424305128,0.0068,0.09
0.5,30,error,smoothing-aimbot,flick,2.3744859863729353,0.007,0.09
0.5,30,error,smoothing-aimbot,flick,2.3570707249217917,0.0072,0.092
0.5,30,error,smoothing-aimbot,flick,2.2992564818969248,0.0074,0.094
0.5,30,error,smoothing-aimbot,flick,2.2683046015033987,0.0076,0.096
0.5,30,error,smoothing-aimbot,flick,2.2592327847841376,0.0078,0.096
0.5,30,error,smoothing-aimbot,flick,2.2531092430780686,0.008,0.096
0.5,30,error,smoothing-aimbot,flick,2.2130293318716032,0.0082,0.096
0.5,30,error,smoothing-aimbot,flick,2.206189145303571,0.0084,0.096
0.5,30,error,smoothing-aimbot,flick,2.178184493751335,0.0086,0.096
0.5,30,error,smoothing-aimbot,flick,2.1752184380590065,0.0088,0.096
0.5,30,error,smoothing-aimbot,flick,2.1661260238585576,0.009,0.096
0.5,30,error,smoothing-aimbot,flick,2.1653180689028333,0.0092,0.096
0.5,30,error,smoothing-aimbot,flick,2.1506395129640077,0.0094,0.096
0.5,30,error,smoothing-aimbot,flick,2.14637576948335,0.0096,0.096
0.5,30,error,smoothing-aimbot,flick,2.144175224232426,0.0098,0.096
0.5,30,error,smoothing-aimbot,flick,2.1309962309161072,0.01,0.096
0.5,30,error,smoothing-aimbot,flick,2.1089859765060917,0.0102,0.098
0.5,30,error,smoothing-aimbot,flick,1.180426674084225,0.0302,0.146
0.5,30,error,smoothing-aimbot,flick,0.8089638173705247,0.0502,0.176
0.5,30,error,smoothing-aimbot,flick,0.5827360758502694,0.0704,0.192
0.5,30,error,smoothing-aimbot,flick,0.409275618194408,0.0906,0.21
0.5,30,error,smoothing-aimbot,flick,0.3090818173072046,0.1106,0.22
0.5,30,error,smoothing-aimbot,flick,0.23464521911250086,0.1308,0.232
0.5,30,error,smoothing-aimbot,flick,0.16096143319195544,0.151,0.252
0.5,30,error,smoothing-aimbot,flick,0.11654922363802794,0.171,0.254
0.5,30,error,smoothing-aimbot,flick,0.08279476838248531,0.1912,0.27
0.5,30,error,smoothing-aimbot,flick,0.05607607927122901,0.2114,0.274
0.5,30,error,smoothing-aimbot,flick,0.0327410734996972,0.2316,0.286
0.5,30,error,smoothing-aimbot,flick,0.015330301867866715,0.2518,0.298
0.5,30,error,smoothing-aimbot,flick,0.0055200262963947784,0.272,0.312
0.5,30,error,smoothing-aimbot,flick,0.0005602209103904877,0.2922,0.312
0.5,30,error,smoothing-aimbot,flick,-0.0007525793141672704,0.3124,0.328
0.5,30,error,smoothing-aimbot,flick,-0.005510456568437268,0.3326,0.328
0.5,30,error,smoothing-aimbot,flick,-0.014068035025954577,0.3526,0.334
0.5,30,error,smoothing-aimbot,flick,-0.02620368423259833,0.3728,0.34
0.5,30,error,smoothing-aimbot,flick,-0.04016502321269925,0.393,0.346
0.5,30,error,smoothing-aimbot,flick,-0.05876298110420848,0.4132,0.356
0.5,30,error,smoothing-aimbot,flick,-0.07999494723873078,0.4334,0.364
0.5,30,error,smoothing-aimbot,flick,-0.09944978708024976,0.4534,0.366
0.5,30,error,smoothing-aimbot,flick,-0.12628449238293715,0.4736,0.372
0.5,30,error,smoothing-aimbot,flick,-0.15720303655758738,0.4938,0.374
0.5,30,error,smoothing-aimbot,flick,-0.19305679689179195,0.5138,0.384
0.5,30,error,smoothing-aimbot,flick,-0.23636437891182,0.5338,0.394
0.5,30,error,smoothing-aimbot,flick,-0.2871479294882566,0.554,0.402
0.5,30,error,smoothing-aimbot,flick,-0.3331535820749639,0.5742,0.422
0.5,30,error,smoothing-aimbot,flick,-0.38035251176090706,0.5944,0.428
0.5,30,error,smoothing-aimbot,flick,-0.4370911355723946,0.6146,0.434
0.5,30,error,smoothing-aimbot,flick,-0.49255009297394203,0.6346,0.44
0.5,30,error,smoothing-aimbot,flick,-0.5577231334267513,0.6548,0.446
0.5,30,error,smoothing-aimbot,flick,-0.6215798383710014,0.675,0.454
0.5,30,error,smoothing-aimbot,flick,-0.6875965117959247,0.6952,0.458
0.5,30,error,smoothing-aimbot,flick,-0.747801839414256,0.7154,0.468
0.5,30,error,smoothing-aimbot,flick,-0.8312392732285792,0.7354,0.472
0.5,30,error,smoothing-aimbot,flick,-0.9255374087711783,0.7556,0.48
0.5,30,error,smoothing-aimbot,flick,-1.022575261771184,0.7758,0.492
0.5,30,error,smoothing-aimbot,flick,-1.1309359797542025,0.796,0.502
0.5,30,error,smoothing-aimbot,flick,-1.2572836461991137,0.8162,0.512
0.5,30,error,smoothing-aimbot,flick,-1.4120952473852904,0.8362,0.524
0.5,30,error,smoothing-aimbot,flick,-1.5684512294348563,0.8564,0.542
0.5,30,error,smoothing-aimbot,flick,-1.7656959389801303,0.8766,0.552
0.5,30,error,smoothing-aimbot,flick,-1.9700145863991294,0.8968,0.564
0.5,30,error,smoothing-aimbot,flick,-2.2464361764811485,0.917,0.588
0.5,30,error,smoothing-aimbot,flick,-2.5745523927820617,0.937,0.602
0.5,30,error,smoothing-aimbot,flick,-3.1762075154101628,0.9572,0.628
0.5,30,error,smoothing-aimbot,flick,-4.005276378632685,0.9774,0.668
0.5,30,error,smoothing-aimbot,flick,-7.427185753378959,0.9976,0.78
0.5,30,error,smoothing-aimbot,flick,-inf,1,1
0.5,30,steps,smoothing-aimbot,flick,inf,0,0
0.5,30,steps,smoothing-aimbot,flick,0.6766087760950755,0,0.942
0.5,30,steps,smoothing-aimbot,flick,0.664280811897979,0.0002,0.944
0.5,30,steps,smoothing-aimbot,flick,0.6461910521909743,0.0004,0.944
0.5,30,steps,smoothing-aimbot,flick,0.618714944452214,0.0006,0.944
0.5,30,steps,smoothing-aimbot,flick,0.6171485469086473,0.0008,0.944
0.5,30,steps,smoothing-aimbot,flick,0.6087387399653276,0.001,0.946
0.5,30,steps,smoothing-aimbot,flick,0.6030617178024746,0.0012,0.948
0.5,30,steps,smoothing-aimbot,flick,0.5904188881786703,0.0014,0.948
0.5,30,steps,smoothing-aimbot,flick,0.5879400720887309,0.0016,0.948
0.5,30,steps,smoothing-aimbot,flick,0.5764476395202035,0.0018,0.948
0.5,30,steps,smoothing-aimbot,flick,0.571616078131422,0.002,0.95
0.5,30,steps,smoothing-aimbot,flick,0.4804554075085877,0.0022,0.96
0.5,30,steps,smoothing-aimbot,flick,0.4601609556652954,0.0024,0.964
0.5,30,steps,smoothing-aimbot,flick,0.4561410050529439,0.0026,0.964
0.5,30,steps,smoothing-aimbot,flick,0.45526608469626817,0.0028,0.964
0.5,30,steps,smoothing-aimbot,flick,0.41999802539013503,0.003,0.966
0.5,30,steps,smoothing-aimbot,flick,0.4035711539735211,0.0032,0.966
0.5,30,steps,smoothing-aimbot,flick,0.3962459799912619,0.0034,0.966
0.5,30,steps,smoothing-aimbot,flick,0.39589270341462385,0.0036,0.966
0.5,30,steps,smoothing-aimbot,flick,0.3909253626441284,0.0038,0.966
0.5,30,steps,smoothing-aimbot,flick,0.37482601918795533,0.004,0.966
0.5,30,steps,smoothing-aimbot,flick,0.3376641387719741,0.0042,0.974
0.5,30,steps,smoothing-aimbot,flick,0.32947230915753156,0.0044,0.974
0.5,30,steps,smoothing-aimbot,flick,0.3215836822465089,0.0046,0.974
0.5,30,steps,smoothing-aimbot,flick,0.32131068561504134,0.0048,0.974
0.5,30,steps,smoothing-aimbot,flick,0.3180945061777255,0.005,0.974
0.5,30,steps,smoothing-aimbot,flick,0.3099112375954152,0.0052,0.974
0.5,30,steps,smoothing-aimbot,flick,0.30489649412273917,0.0054,0.974
0.5,30,steps,smoothing-aimbot,flick,0.3043028006439749,0.0056,0.974
0.5,30,steps,smoothing-aimbot,flick,0.2945674784230721,0.0058,0.978
0.5,30,steps,smoothing-aimbot,flick,0.2918996650284754,0.006,0.978
0.5,30,steps,smoothing-aimbot,flick,0.2873909600656571,0.0062,0.978
0.5,30,steps,smoothing-aimbot,flick,0.26650802372909077,0.0064,0.98
0.5,30,steps,smoothing-aimbot,flick,0.2628282494221452,0.0066,0.982
0.5,30,steps,smoothing-aimbot,flick,0.26281135073685435,0.0068,0.982
0.5,30,steps,smoothing-aimbot,flick,0.2581221949615624,0.007,0.984
0.5,30,steps,smoothing-aimbot,flick,0.25366242913606224,0.0072,0.984
0.5,30,steps,smoothing-aimbot,flick,0.2473567994328265,0.0074,0.984
0.5,30,steps,smoothing-aimbot,flick,0.24511759440285164,0.0076,0.986
0.5,30,steps,smoothing-aimbot,flick,0.24035316519132505,0.0078,0.986
0.5,30,steps,smoothing-aimbot,flick,0.2376693108743951,0.008,0.986
0.5,30,steps,smoothing-aimbot,flick,0.23705721421959836,0.0082,0.986
0.5,30,steps,smoothing-aimbot,flick,0.2344231694934267,0.0084,0.986
0.5,30,steps,smoothing-aimbot,flick,0.2341022565404563,0.0086,0.986
0.5,30,steps,smoothing-aimbot,flick,0.22814744602600062,0.0088,0.986
0.5,30,steps,smoothing-aimbot,flick,0.22733804871043214,0.009,0.986
0.5,30,steps,smoothing-aimbot,flick,0.225001681728694,0.0092,0.986
0.5,30,steps,smoothing-aimbot,flick,0.22206095370896997,0.0094,0.986
0.5,30,steps,smoothing-aimbot,flick,0.22104239740952247,0.0096,0.986
0.5,30,steps,smoothing-aimbot,flick,0.2163787983510011,0.0098,0.986
0.5,30,steps,smoothing-aimbot,flick,0.2141488002433862,0.01,0.986
0.5,30,steps,smoothing-aimbot,flick,0.2116068042876494,0.0102,0.986
0.5,30,steps,smoothing-aimbot,flick,0.10463826151441177,0.0302,0.99
0.5,30,steps,smoothing-aimbot,flick,0.06728619173343847,0.0502,0.996
0.5,30,steps,smoothing-aimbot,flick,0.04643044928438753,0.0704,0.998
0.5,30,steps,smoothing-aimbot,flick,0.03081118479104538,0.0906,1
0.5,30,steps,smoothing-aimbot,flick,0.020686895830065704,0.1106,1
0.5,30,steps,smoothing-aimbot,flick,0.013433114541545258,0.1308,1
0.5,30,steps,smoothing-aimbot,flick,0.00849697983791899,0.151,1
0.5,30,steps,smoothing-aimbot,flick,0.004212197476120968,0.171,1
0.5,30,steps,smoothing-aimbot,flick,0.001466442606952177,0.1912,1
0.5,30,steps,smoothing-aimbot,flick,0.00020705470456442275,0.2114,1
0.5,30,steps,smoothing-aimbot,flick,-0.00000000014704438826029933,0.7952,1
0.5,30,steps,smoothing-aimbot,flick,-0.0005556933875705522,0.8152,1
0.5,30,steps,smoothing-aimbot,flick,-0.0026322034065550124,0.8352,1
0.5,30,steps,smoothing-aimbot,flick,-0.006483051881864637,0.8554,1
0.5,30,steps,smoothing-aimbot,flick,-0.011914369649977913,0.8756,1
0.5,30,steps,smoothing-aimbot,flick,-0.019030308871194137,0.8958,1
0.5,30,steps,smoothing-aimbot,flick,-0.02818427120619305,0.916,1
0.5,30,steps,smoothing-aimbot,flick,-0.04525961862961501,0.936,1
0.5,30,steps,smoothing-aimbot,flick,-0.06727117001971451,0.9562,1
0.5,30,steps,smoothing-aimbot,flick,-0.10925385745629897,0.9764,1
0.5,30,steps,smoothing-aimbot,flick,-0.3658161714335718,0.9966,1
0.5,30,steps,smoothing-aimbot,flick,-inf,1,1
0.5,30,error,fast-adaptive-aimbot,flick,inf,0,0
0.5,30,error,fast-adaptive-aimbot,flick,4.919221168477974,0,0.27
0.5,30,error,fast-adaptive-aimbot,flick,4.764749396839387,0.0002,0.284
0.5,30,error,fast-adaptive-aimbot,flick,4.665524533854414,0.0004,0.29
0.5,30,error,fast-adaptive-aimbot,flick,4.625350852542518,0.0006,0.294
0.5,30,error,fast-adaptive-aimbot,flick,4.46281141007554,0.0008,0.314
0.5,30,error,fast-adaptive-aimbot,flick,4.052744629580354,0.001,0.358
0.5,30,error,fast-adaptive-aimbot,flick,4.046722488642148,0.0012,0.362
0.5,30,error,fast-adaptive-aimbot,flick,3.928198775125992,0.0014,0.368
0.5,30,error,fast-adaptive-aimbot,flick,3.8988290127868557,0.0016,0.368
0.5,30,error,fast-adaptive-aimbot,flick,3.864650160872307,0.0018,0.372
0.5,30,error,fast-adaptive-aimbot,flick,3.7765469532814038,0.002,0.38
0.5,30,error,fast-adaptive-aimbot,flick,3.767918440479881,0.0022,0.38
0.5,30,error,fast-adaptive-aimbot,flick,3.636972745627525,0.0024,0.39
0.5,30,error,fast-adaptive-aimbot,flick,3.501158905664098,0.0026,0.402
0.5,30,error,fast-adaptive-aimbot,flick,3.4204790516351617,0.0028,0.408
0.5,30,error,fast-adaptive-aimbot,flick,3.417099353158685,0.003,0.408
0.5,30,error,fast-adaptive-aimbot,flick,3.401643257591285,0.0032,0.41
0.5,30,error,fast-adaptive-aimbot,flick,3.3615437464820355,0.0034,0.424
0.5,30,error,fast-adaptive-aimbot,flick,3.1974141175804447,0.0036,0.434
0.5,30,error,fast-adaptive-aimbot,flick,2.9993007929700033,0.0038,0.458
0.5,30,error,fast-adaptive-aimbot,flick,2.9554295281135965,0.004,0.47
0.5,30,error,fast-adaptive-aimbot,flick,2.8241516450831736,0.0042,0.478
0.5,30,error,fast-adaptive-aimbot,flick,2.720280197767138,0.0044,0.494
0.5,30,error,fast-adaptive-aimbot,flick,2.691815966335362,0.0046,0.494
0.5,30,error,fast-adaptive-aimbot,flick,2.6664633674555462,0.0048,0.496
0.5,30,error,fast-adaptive-aimbot,flick,2.6170922086588324,0.005,0.504
0.5,30,error,fast-adaptive-aimbot,flick,2.6037707522216667,0.0052,0.504
0.5,30,error,fast-adaptive-aimbot,flick,2.591153308475925,0.0054,0.506
0.5,30,error,fast-adaptive-aimbot,flick,2.5284757867553163,0.0056,0.51
0.5,30,error,fast-adaptive-aimbot,flick,2.4322720911641325,0.0058,0.522
0.5,30,error,fast-adaptive-aimbot,flick,2.4258580820673865,0.006,0.522
0.5,30,error,fast-adaptive-aimbot,flick,2.404707717017593,0.0062,0.528
0.5,30,error,fast-adaptive-aimbot,flick,2.4000493809869288,0.0064,0.53
0.5,30,error,fast-adaptive-aimbot,flick,2.3904008049160206,0.0066,0.53
0.5,30,error,fast-adaptive-aimbot,flick,2.3832272424305128,0.0068,0.53
0.5,30,error,fast-adaptive-aimbot,flick,2.3744859863729353,0.007,0.532
0.5,30,error,fast-adaptive-aimbot,flick,2.3570707249217917,0.0072,0.532
0.5,30,error,fast-adaptive-aimbot,flick,2.2992564818969248,0.0074,0.54
0.5,30,error,fast-adaptive-aimbot,flick,2.2683046015033987,0.0076,0.548
0.5,30,error,fast-adaptive-aimbot,flick,2.2592327847841376,0.0078,0.55
0.5,30,error,fast-adaptive-aimbot,flick,2.2531092430780686,0.008,0.55
0.5,30,error,fast-adaptive-aimbot,flick,2.2130293318716032,0.0082,0.55
0.5,30,error,fast-adaptive-aimbot,flick,2.206189145303571,0.0084,0.55
0.5,30,error,fast-adaptive-aimbot,flick,2.178184493751335,0.0086,0.554
0.5,30,error,fast-adaptive-aimbot,flick,2.1752184380590065,0.0088,0.554
0.5,30,error,fast-adaptive-aimbot,flick,2.1661260238585576,0.009,0.554
0.5,30,error,fast-adaptive-aimbot,flick,2.1653180689028333,0.0092,0.554
0.5,30,error,fast-adaptive-aimbot,flick,2.1506395129640077,0.0094,0.556
0.5,30,error,fast-adaptive-aimbot,flick,2.14637576948335,0.0096,0.56
0.5,30,error,fast-adaptive-aimbot,flick,2.144175224232426,0.0098,0.56
0.5,30,error,fast-adaptive-aimbot,flick,2.1309962309161072,0.01,0.564
0.5,30,error,fast-adaptive-aimbot,flick,2.1089859765060917,0.0102,0.566
0.5,30,error,fast-adaptive-aimbot,flick,1.180426674084225,0.0302,0.706
0.5,30,error,fast-adaptive-aimbot,flick,0.8089638173705247,0.0502,0.768
0.5,30,error,fast-adaptive-aimbot,flick,0.5827360758502694,0.0704,0.818
0.5,30,error,fast-adaptive-aimbot,flick,0.409275618194408,0.0906,0.848
0.5,30,error,fast-adaptive-aimbot,flick,0.3090818173072046,0.1106,0.86
0.5,30,error,fast-adaptive-aimbot,flick,0.23464521911250086,0.1308,0.878
0.5,30,error,fast-adaptive-aimbot,flick,0.16096143319195544,0.151,0.888
0.5,30,error,fast-adaptive-aimbot,flick,0.11654922363802794,0.171,0.892
0.5,30,error,fast-adaptive-aimbot,flick,0.08279476838248531,0.1912,0.898
0.5,30,error,fast-adaptive-aimbot,flick,0.05607607927122901,0.2114,0.908
0.5,30,error,fast-adaptive-aimbot,flick,0.0327410734996972,0.2316,0.908
0.5,30,error,fast-adaptive-aimbot,flick,0.015330301867866715,0.2518,0.922
0.5,30,error,fast-adaptive-aimbot,flick,0.0055200262963947784,0.272,0.926
0.5,30,error,fast-adaptive-aimbot,flick,0.0005602209103904877,0.2922,0.94
0.5,30,error,fast-adaptive-aimbot,flick,-0.0007525793141672704,0.3124,0.952
0.5,30,error,fast-adaptive-aimbot,flick,-0.005510456568437268,0.3326,0.958
0.5,30,error,fast-adaptive-aimbot,flick,-0.014068035025954577,0.3526,0.962
0.5,30,error,fast-adaptive-aimbot,flick,-0.02620368423259833,0.3728,0.97
0.5,30,error,fast-adaptive-aimbot,flick,-0.04016502321269925,0.393,0.972
0.5,30,error,fast-adaptive-aimbot,flick,-0.05876298110420848,0.4132,0.972
0.5,30,error,fast-adaptive-aimbot,flick,-0.07999494723873078,0.4334,0.974
0.5,30,error,fast-adaptive-aimbot,flick,-0.09944978708024976,0.4534,0.976
0.5,30,error,fast-adaptive-aimbot,flick,-0.12628449238293715,0.4736,0.978
0.5,30,error,fast-adaptive-aimbot,flick,-0.15720303655758738,0.4938,0.98
0.5,30,error,fast-adaptive-aimbot,flick,-0.19305679689179195,0.5138,0.98
0.5,30,error,fast-adaptive-aimbot,flick,-0.23636437891182,0.5338,0.982
0.5,30,error,fast-adaptive-aimbot,flick,-0.2871479294882566,0.554,0.99
0.5,30,error,fast-adaptive-aimbot,flick,-0.3331535820749639,0.5742,0.99
0.5,30,error,fast-adaptive-aimbot,flick,-0.38035251176090706,0.5944,0.99
0.5,30,error,fast-adaptive-aimbot,flick,-0.4370911355723946,0.6146,0.99
0.5,30,error,fast-adaptive-aimbot,flick,-0.49255009297394203,0.6346,0.994
0.5,30,error,fast-adaptive-aimbot,flick,-0.5577231334267513,0.6548,0.994
0.5,30,error,fast-adaptive-aimbot,flick,-0.6215798383710014,0.675,0.994
0.5,30,error,fast-adaptive-aimbot,flick,-0.6875965117959247,0.6952,0.994
0.5,30,error,fast-adaptive-aimbot,flick,-0.747801839414256,0.7154,0.994
0.5,30,error,fast-adaptive-aimbot,flick,-0.8312392732285792,0.7354,0.994
0.5,30,error,fast-adaptive-aimbot,flick,-0.9255374087711783,0.7556,0.994
0.5,30,error,fast-adaptive-aimbot,flick,-1.022575261771184,0.7758,0.994
0.5,30,error,fast-adaptive-aimbot,flick,-1.1309359797542025,0.796,0.994
0.5,30,error,fast-adaptive-aimbot,flick,-1.2572836461991137,0.8162,0.994
0.5,30,error,fast-adaptive-aimbot,flick,-1.4120952473852904,0.8362,0.994
0.5,30,error,fast-adaptive-aimbot,flick,-1.5684512294348563,0.8564,0.996
0.5,30,error,fast-adaptive-aimbot,flick,-1.7656959389801303,0.8766,0.996
0.5,30,error,fast-adaptive-aimbot,flick,-1.9700145863991294,0.8968,0.996
0.5,30,error,fast-adaptive-aimbot,flick,-2.2464361764811485,0.917,0.998
0.5,30,error,fast-adaptive-aimbot,flick,-2.5745523927820617,0.937,0.998
0.5,30,error,fast-adaptive-aimbot,flick,-3.1762075154101628,0.9572,1
0.5,30,error,fast-adaptive-aimbot,flick,-4.005276378632685,0.9774,1
0.5,30,error,fast-adaptive-aimbot,flick,-7.427185753378959,0.9976,1
0.5,30,error,fast-adaptive-aimbot,flick,-inf,1,1
0.5,120,error,recoil-macro,spray,inf,0,0
0.5,120,error,recoil-macro,spray,6.650654833866387,0,0.006
0.5,120,error,recoil-macro,spray,5.8089066208992115,0.0002,0.012
0.5,120,error,recoil-macro,spray,5.435270359847646,0.0004,0.018
0.5,120,error,recoil-macro,spray,4.612976091279551,0.0006,0.028
0.5,120,error,recoil-macro,spray,4.070386634636161,0.0008,0.044
0.5,120,error,recoil-macro,spray,3.905565614222443,0.001,0.044
0.5,120,error,recoil-macro,spray,3.845140585692799,0.0012,0.048
0.5,120,error,recoil-macro,spray,3.8366792221875414,0.0014,0.048
0.5,120,error,recoil-macro,spray,3.7934798134491428,0.0016,0.048
0.5,120,error,recoil-macro,spray,3.636133823511373,0.0018,0.058
0.5,120,error,recoil-macro,spray,3.527990070432548,0.002,0.062
0.5,120,error,recoil-macro,spray,3.171940962516893,0.0022,0.084
0.5,120,error,recoil-macro,spray,3.080343243381842,0.0024,0.092
0.5,120,error,recoil-macro,spray,3.061997524731328,0.0026,0.092
0.5,120,error,recoil-macro,spray,3.0391559160497468,0.0028,0.092
0.5,120,error,recoil-macro,spray,2.98493091315222,0.003,0.096
0.5,120,error,recoil-macro,spray,2.9239975780057517,0.0032,0.102
0.5,120,error,recoil-macro,spray,2.8786046179222486,0.0034,0.102
0.5,120,error,recoil-macro,spray,2.877162270243311,0.0036,0.102
0.5,120,error,recoil-macro,spray,2.8584165734080402,0.0038,0.102
0.5,120,error,recoil-macro,spray,2.743886626012736,0.004,0.116
0.5,120,error,recoil-macro,spray,2.7024012816445495,0.0042,0.116
0.5,120,error,recoil-macro,spray,2.685456797778481,0.0044,0.12
0.5,120,error,recoil-macro,spray,2.5779301548118223,0.0046,0.128
0.5,120,error,recoil-macro,spray,2.5641111917931183,0.0048,0.128
0.5,120,error,recoil-macro,spray,2.5560504381768325,0.005,0.128
0.5,120,error,recoil-macro,spray,2.5086457623139893,0.0052,0.132
0.5,120,error,recoil-macro,spray,2.4884151784147104,0.0054,0.134
0.5,120,error,recoil-macro,spray,2.4540747166697314,0.0056,0.144
0.5,120,error,recoil-macro,spray,2.41161784143308,0.0058,0.146
0.5,120,error,recoil-macro,spray,2.401839574615235,0.006,0.146
0.5,120,error,recoil-macro,spray,2.370846278757407,0.0062,0.152
0.5,120,error,recoil-macro,spray,2.3644672981931363,0.0064,0.152
0.5,120,error,recoil-macro,spray,2.3500055971395586,0.0066,0.154
0.5,120,error,recoil-macro,spray,2.317732825383557,0.0068,0.158
0.5,120,error,recoil-macro,spray,2.299437621083738,0.007,0.158
0.5,120,error,recoil-macro,spray,2.283643757730876,0.0072,0.158
0.5,120,error,recoil-macro,spray,2.2332461723415675,0.0074,0.164
0.5,120,error,recoil-macro,spray,2.228552160408755,0.0076,0.164
0.5,120,error,recoil-macro,spray,2.1871835073899653,0.0078,0.168
0.5,120,error,recoil-macro,spray,2.18544877108164,0.008,0.168
0.5,120,error,recoil-macro,spray,2.1737590088452783,0.0082,0.17
0.5,120,error,recoil-macro,spray,2.1671940850778952,0.0084,0.172
0.5,120,error,recoil-macro,spray,2.142316243234615,0.0086,0.174
0.5,120,error,recoil-macro,spray,2.093353804196204,0.0088,0.184
0.5,120,error,recoil-macro,spray,2.0892407987020998,0.009,0.186
0.5,120,error,recoil-macro,spray,2.045810979624053,0.0092,0.19
0.5,120,error,recoil-macro,spray,2.0208503017480703,0.0094,0.194
0.5,120,error,recoil-macro,spray,2.004367867303764,0.0096,0.194
0.5,120,error,recoil-macro,spray,1.9938085092229807,0.0098,0.196
0.5,120,error,recoil-macro,spray,1.9925625053750573,0.01,0.196
0.5,120,error,recoil-macro,spray,1.9899379089753908,0.0102,0.196
0.5,120,error,recoil-macro,spray,1.219018547176136,0.0302,0.314
0.5,120,error,recoil-macro,spray,0.8501360182479237,0.0502,0.406
0.5,120,error,recoil-macro,spray,0.6539911393485065,0.0704,0.458
0.5,120,error,recoil-macro,spray,0.5167384630029357,0.0906,0.52
0.5,120,error,recoil-macro,spray,0.42572285720884123,0.1106,0.56
0.5,120,error,recoil-macro,spray,0.3387177896378382,0.1308,0.604
0.5,120,error,recoil-macro,spray,0.2651613604206625,0.151,0.642
0.5,120,error,recoil-macro,spray,0.21353341288654562,0.171,0.662
0.5,120,error,recoil-macro,spray,0.16915490572181696,0.1912,0.682
0.5,120,error,recoil-macro,spray,0.13702576836393096,0.2114,0.702
0.5,120,error,recoil-macro,spray,0.10647853482018596,0.2316,0.722
0.5,120,error,recoil-macro,spray,0.08003647206132115,0.2518,0.734
0.5,120,error,recoil-macro,spray,0.05690724042948439,0.272,0.746
0.5,120,error,recoil-macro,spray,0.04164583519357953,0.2922,0.766
0.5,120,error,recoil-macro,spray,0.027854175945722794,0.3124,0.78
0.5,120,error,recoil-macro,spray,0.016146538615277338,0.3326,0.788
0.5,120,error,recoil-macro,spray,0.006598918755311824,0.3526,0.802
0.5,120,error,recoil-macro,spray,0.001997757839943016,0.3728,0.816
0.5,120,error,recoil-macro,spray,0.00003042276222415339,0.393,0.83
0.5,120,error,recoil-macro,spray,-0.0006297896161160079,0.4132,0.846
0.5,120,error,recoil-macro,spray,-0.003325870731084224,0.4334,0.86
0.5,120,error,recoil-macro,spray,-0.009582054717200575,0.4534,0.87
0.5,120,error,recoil-macro,spray,-0.01824004566771836,0.4736,0.882
0.5,120,error,recoil-macro,spray,-0.028233925130991076,0.4938,0.89
0.5,120,error,recoil-macro,spray,-0.04085097902028462,0.5138,0.898
0.5,120,error,recoil-macro,spray,-0.05891370598692363,0.5338,0.9
0.5,120,error,recoil-macro,spray,-0.08208595050516913,0.554,0.91
0.5,120,error,recoil-macro,spray,-0.1050556809359409,0.5742,0.916
0.5,120,error,recoil-macro,spray,-0.1312107923199095,0.5944,0.924
0.5,120,error,recoil-macro,spray,-0.1578519098464727,0.6146,0.928
0.5,120,error,recoil-macro,spray,-0.18559534158919694,0.6346,0.928
0.5,120,error,recoil-macro,spray,-0.2279965127599314,0.6548,0.936
0.5,120,error,recoil-macro,spray,-0.26283493014789555,0.675,0.938
0.5,120,error,recoil-macro,spray,-0.30358534051856834,0.6952,0.94
0.5,120,error,recoil-macro,spray,-0.3523997929194603,0.7154,0.948
0.5,120,error,recoil-macro,spray,-0.3956055244232517,0.7354,0.95
0.5,120,error,recoil-macro,spray,-0.4503119601500875,0.7556,0.952
0.5,120,error,recoil-macro,spray,-0.5075296983991087,0.7758,0.956
0.5,120,error,recoil-macro,spray,-0.5792872775448268,0.796,0.966
0.5,120,error,recoil-macro,spray,-0.6585839068608209,0.8162,0.968
0.5,120,error,recoil-macro,spray,-0.7536746404112618,0.8362,0.978
0.5,120,error,recoil-macro,spray,-0.8445854192908938,0.8564,0.982
0.5,120,error,recoil-macro,spray,-0.990923957574317,0.8766,0.988
0.5,120,error,recoil-macro,spray,-1.1429639233395241,0.8968,0.99
0.5,120,error,recoil-macro,spray,-1.3057919804630773,0.917,0.996
0.5,120,error,recoil-macro,spray,-1.6066276668028798,0.937,0.998
0.5,120,error,recoil-macro,spray,-1.9799075169354838,0.9572,1
0.5,120,error,recoil-macro,spray,-2.5972694840283705,0.9774,1
0.5,120,error,recoil-macro,spray,-4.702724404376688,0.9976,1
0.5,120,error,recoil-macro,spray,-inf,1,1
0.5,120,error,flick-aimbot,flick,inf,0,0
0.5,120,error,flick-aimbot,flick,7.653685551675117,0,1
0.5,120,error,flick-aimbot,flick,4.9612805391635195,0.0002,1
0.5,120,error,flick-aimbot,flick,4.05802641389922,0.0004,1
0.5,120,error,flick-aimbot,flick,3.292058615777875,0.0006,1
0.5,120,error,flick-aimbot,flick,3.2467052058463426,0.0008,1
0.5,120,error,flick-aimbot,flick,3.1642679877808493,0.001,1
0.5,120,error,flick-aimbot,flick,3.0521331743090365,0.0012,1
0.5,120,error,flick-aimbot,flick,3.0308816128418172,0.0014,1
0.5,120,error,flick-aimbot,flick,2.8339923005522265,0.0016,1
0.5,120,error,flick-aimbot,flick,2.479178757881664,0.0018,1
0.5,120,error,flick-aimbot,flick,2.401761040079587,0.002,1
0.5,120,error,flick-aimbot,flick,2.2643500352714896,0.0022,1
0.5,120,error,flick-aimbot,flick,2.1591395110052347,0.0024,1
0.5,120,error,flick-aimbot,flick,2.0771748057590984,0.0026,1
0.5,120,error,flick-aimbot,flick,2.044649527763886,0.0028,1
0.5,120,error,flick-aimbot,flick,1.9989360620616292,0.003,1
0.5,120,error,flick-aimbot,flick,1.9066643921489985,0.0032,1
0.5,120,error,flick-aimbot,flick,1.868734570692612,0.0034,1
0.5,120,error,flick-aimbot,flick,1.8460482716074584,0.0036,1
0.5,120,error,flick-aimbot,flick,1.8329104430217353,0.0038,1
0.5,120,error,flick-aimbot,flick,1.7893949566718554,0.004,1
0.5,120,error,flick-aimbot,flick,1.66802029712713,0.0042,1
0.5,120,error,flick-aimbot,flick,1.5852972077998495,0.0044,1
0.5,120,error,flick-aimbot,flick,1.5439043582103795,0.0046,1
0.5,120,error,flick-aimbot,flick,1.5434479967948813,0.0048,1
0.5,120,error,flick-aimbot,flick,1.5369710052399799,0.005,1
0.5,120,error,flick-aimbot,flick,1.5092445886794936,0.0052,1
0.5,120,error,flick-aimbot,flick,1.4844877309571212,0.0054,1
0.5,120,error,flick-aimbot,flick,1.4614443522457679,0.0056,1
0.5,120,error,flick-aimbot,flick,1.421905829985558,0.0058,1
0.5,120,error,flick-aimbot,flick,1.417168550395602,0.006,1
0.5,120,error,flick-aimbot,flick,1.396202910286272,0.0062,1
0.5,120,error,flick-aimbot,flick,1.3923931778729433,0.0064,1
0.5,120,error,flick-aimbot,flick,1.391237971932235,0.0066,1
0.5,120,error,flick-aimbot,flick,1.3717746031377431,0.0068,1
0.5,120,error,flick-aimbot,flick,1.362546350145637,0.007,1
0.5,120,error,flick-aimbot,flick,1.2921057628795525,0.0072,1
0.5,120,error,flick-aimbot,flick,1.2793053757408293,0.0074,1
0.5,120,error,flick-aimbot,flick,1.2729044836659804,0.0076,1
0.5,120,error,flick-aimbot,flick,1.270182249388563,0.0078,1
0.5,120,error,flick-aimbot,flick,1.2523664154663487,0.008,1
0.5,120,error,flick-aimbot,flick,1.2441604750358934,0.0082,1
0.5,120,error,flick-aimbot,flick,1.2199471541969986,0.0084,1
0.5,120,error,flick-aimbot,flick,1.210496884413093,0.0086,1
0.5,120,error,flick-aimbot,flick,1.206761280726189,0.0088,1
0.5,120,error,flick-aimbot,flick,1.206486437449867,0.009,1
0.5,120,error,flick-aimbot,flick,1.1925265948474388,0.0092,1
0.5,120,error,flick-aimbot,flick,1.1709541551564417,0.0094,1
0.5,120,error,flick-aimbot,flick,1.1385361975696142,0.0096,1
0.5,120,error,flick-aimbot,flick,1.106352434828454,0.0098,1
0.5,120,error,flick-aimbot,flick,1.1042322712296357,0.01,1
0.5,120,error,flick-aimbot,flick,1.1042193826730253,0.0102,1
0.5,120,error,flick-aimbot,flick,0.4280463588199021,0.0302,1
0.5,120,error,flick-aimbot,flick,0.228717847226435,0.0502,1
0.5,120,error,flick-aimbot,flick,0.11091141972954155,0.0704,1
0.5,120,error,flick-aimbot,flick,0.05302731786322415,0.0906,1
0.5,120,error,flick-aimbot,flick,0.01746896429736732,0.1106,1
0.5,120,error,flick-aimbot,flick,0.0032251031943678872,0.1308,1
0.5,120,error,flick-aimbot,flick,-0.00006592946497966614,0.151,1
0.5,120,error,flick-aimbot,flick,-0.0038131932999081893,0.171,1
0.5,120,error,flick-aimbot,flick,-0.013784953138783784,0.1912,1
0.5,120,error,flick-aimbot,flick,-0.030282627211804507,0.2114,1
0.5,120,error,flick-aimbot,flick,-0.05252097583263176,0.2316,1
0.5,120,error,flick-aimbot,flick,-0.0837239276223104,0.2518,1
0.5,120,error,flick-aimbot,flick,-0.11541284361177678,0.272,1
0.5,120,error,flick-aimbot,flick,-0.14629358558433428,0.2922,1
0.5,120,error,flick-aimbot,flick,-0.18081707364411181,0.3124,1
0.5,120,error,flick-aimbot,flick,-0.21643279711823502,0.3326,1
0.5,120,error,flick-aimbot,flick,-0.26101135869696496,0.3526,1
0.5,120,error,flick-aimbot,flick,-0.3104753505985497,0.3728,1
0.5,120,error,flick-aimbot,flick,-0.36241418788528035,0.393,1
0.5,120,error,flick-aimbot,flick,-0.41490651390065253,0.4132,1
0.5,120,error,flick-aimbot,flick,-0.45897704914843057,0.4334,1
0.5,120,error,flick-aimbot,flick,-0.5170504270080027,0.4534,1
0.5,120,error,flick-aimbot,flick,-0.5798006953964131,0.4736,1
0.5,120,error,flick-aimbot,flick,-0.6400408016730164,0.4938,1
0.5,120,error,flick-aimbot,flick,-0.6970938449782886,0.5138,1
0.5,120,error,flick-aimbot,flick,-0.7657898364199508,0.5338,1
0.5,120,error,flick-aimbot,flick,-0.8496223018207992,0.554,1
0.5,120,error,flick-aimbot,flick,-0.9229448714718919,0.5742,1
0.5,120,error,flick-aimbot,flick,-1.003028652096157,0.5944,1
0.5,120,error,flick-aimbot,flick,-1.0969753372739741,0.6146,1
0.5,120,error,flick-aimbot,flick,-1.1891331960736116,0.6346,1
0.5,120,error,flick-aimbot,flick,-1.2996056895957897,0.6548,1
0.5,120,error,flick-aimbot,flick,-1.3876581893810214,0.675,1
0.5,120,error,flick-aimbot,flick,-1.4714013152372885,0.6952,1
0.5,120,error,flick-aimbot,flick,-1.5783857440140927,0.7154,1
0.5,120,error,flick-aimbot,flick,-1.7194622585291501,0.7354,1
0.5,120,error,flick-aimbot,flick,-1.853174808809936,0.7556,1
0.5,120,error,flick-aimbot,flick,-2.0088612682689817,0.7758,1
0.5,120,error,flick-aimbot,flick,-2.1788640427358947,0.796,1
0.5,120,error,flick-aimbot,flick,-2.3522482923502004,0.8162,1
0.5,120,error,flick-aimbot,flick,-2.5199480745893097,0.8362,1
0.5,120,error,flick-aimbot,flick,-2.731436094638348,0.8564,1
0.5,120,error,flick-aimbot,flick,-2.969209512813637,0.8766,1
0.5,120,error,flick-aimbot,flick,-3.2881011842764982,0.8968,1
0.5,120,error,flick-aimbot,flick,-3.6501880237093283,0.917,1
0.5,120,error,flick-aimbot,flick,-4.034078476818403,0.937,1
0.5,120,error,flick-aimbot,flick,-4.7766438668177,0.9572,1
0.5,120,error,flick-aimbot,flick,-5.914958555775615,0.9774,1
0.5,120,error,flick-aimbot,flick,-9.215450070099102,0.9976,1
0.5,120,error,flick-aimbot,flick,-inf,1,1
0.5,120,error,humanised-aimbot,flick,inf,0,0
0.5,120,error,humanised-aimbot,flick,7.653685551675117,0,0.52
0.5,120,error,humanised-aimbot,flick,4.9612805391635195,0.0002,0.728
0.5,120,error,humanised-aimbot,flick,4.05802641389922,0.0004,0.8
0.5,120,error,humanised-aimbot,flick,3.292058615777875,0.0006,0.85
0.5,120,error,humanised-aimbot,flick,3.2467052058463426,0.0008,0.854
0.5,120,error,humanised-aimbot,flick,3.1642679877808493,0.001,0.856
0.5,120,error,humanised-aimbot,flick,3.0521331743090365,0.0012,0.862
0.5,120,error,humanised-aimbot,flick,3.0308816128418172,0.0014,0.862
0.5,120,error,humanised-aimbot,flick,2.8339923005522265,0.0016,0.878
0.5,120,error,humanised-aimbot,flick,2.479178757881664,0.0018,0.91
0.5,120,error,humanised-aimbot,flick,2.401761040079587,0.002,0.91
0.5,120,error,humanised-aimbot,flick,2.2643500352714896,0.0022,0.914
0.5,120,error,humanised-aimbot,flick,2.1591395110052347,0.0024,0.922
0.5,120,error,humanised-aimbot,flick,2.0771748057590984,0.0026,0.924
0.5,120,error,humanised-aimbot,flick,2.044649527763886,0.0028,0.926
0.5,120,error,humanised-aimbot,flick,1.9989360620616292,0.003,0.926
0.5,120,error,humanised-aimbot,flick,1.9066643921489985,0.0032,0.932
0.5,120,error,humanised-aimbot,flick,1.868734570692612,0.0034,0.932
0.5,120,error,humanised-aimbot,flick,1.8460482716074584,0.0036,0.932
0.5,120,error,humanised-aimbot,flick,1.8329104430217353,0.0038,0.932
0.5,120,error,humanised-aimbot,flick,1.7893949566718554,0.004,0.934
0.5,120,error,humanised-aimbot,flick,1.66802029712713,0.0042,0.946
0.5,120,error,humanised-aimbot,flick,1.5852972077998495,0.0044,0.95
0.5,120,error,humanised-aimbot,flick,1.5439043582103795,0.0046,0.956
0.5,120,error,humanised-aimbot,flick,1.5434479967948813,0.0048,0.956
0.5,120,error,humanised-aimbot,flick,1.5369710052399799,0.005,0.956
0.5,120,error,humanised-aimbot,flick,1.5092445886794936,0.0052,0.956
0.5,120,error,humanised-aimbot,flick,1.4844877309571212,0.0054,0.956
0.5,120,error,humanised-aimbot,flick,1.4614443522457679,0.0056,0.958
0.5,120,error,humanised-aimbot,flick,1.421905829985558,0.0058,0.96
0.5,120,error,humanised-aimbot,flick,1.417168550395602,0.006,0.96
0.5,120,error,humanised-aimbot,flick,1.396202910286272,0.0062,0.96
0.5,120,error,humanised-aimbot,flick,1.3923931778729433,0.0064,0.96
0.5,120,error,humanised-aimbot,flick,1.391237971932235,0.0066,0.96
0.5,120,error,humanised-aimbot,flick,1.3717746031377431,0.0068,0.96
0.5,120,error,humanised-aimbot,flick,1.362546350145637,0.007,0.96
0.5,120,error,humanised-aimbot,flick,1.2921057628795525,0.0072,0.96
0.5,120,error,humanised-aimbot,flick,1.2793053757408293,0.0074,0.96
0.5,120,error,humanised-aimbot,flick,1.2729044836659804,0.0076,0.96
0.5,120,error,humanised-aimbot,flick,1.270182249388563,0.0078,0.96
0.5,120,error,humanised-aimbot,flick,1.2523664154663487,0.008,0.962
0.5,120,error,humanised-aimbot,flick,1.2441604750358934,0.0082,0.962
0.5,120,error,humanised-aimbot,flick,1.2199471541969986,0.0084,0.964
0.5,120,error,humanised-aimbot,flick,1.210496884413093,0.0086,0.964
0.5,120,error,humanised-aimbot,flick,1.206761280726189,0.0088,0.964
0.5,120,error,humanised-aimbot,flick,1.206486437449867,0.009,0.964
0.5,120,error,humanised-aimbot,flick,1.1925265948474388,0.0092,0.964
0.5,120,error,humanised-aimbot,flick,1.1709541551564417,0.0094,0.966
0.5,120,error,humanised-aimbot,flick,1.1385361975696142,0.0096,0.968
0.5,120,error,humanised-aimbot,flick,1.106352434828454,0.0098,0.972
0.5,120,error,humanised-aimbot,flick,1.1042322712296357,0.01,0.972
0.5,120,error,humanised-aimbot,flick,1.1042193826730253,0.0102,0.972
0.5,120,error,humanised-aimbot,flick,0.4280463588199021,0.0302,0.994
0.5,120,error,humanised-aimbot,flick,0.228717847226435,0.0502,0.998
0.5,120,error,humanised-aimbot,flick,0.11091141972954155,0.0704,1
0.5,120,error,humanised-aimbot,flick,0.05302731786322415,0.0906,1
0.5,120,error,humanised-aimbot,flick,0.01746896429736732,0.1106,1
0.5,120,error,humanised-aimbot,flick,0.0032251031943678872,0.1308,1
0.5,120,error,humanised-aimbot,flick,-0.00006592946497966614,0.151,1
0.5,120,error,humanised-aimbot,flick,-0.0038131932999081893,0.171,1
0.5,120,error,humanised-aimbot,flick,-0.013784953138783784,0.1912,1
0.5,120,error,humanised-aimbot,flick,-0.030282627211804507,0.2114,1
0.5,120,error,humanised-aimbot,flick,-0.05252097583263176,0.2316,1
0.5,120,error,humanised-aimbot,flick,-0.0837239276223104,0.2518,1
0.5,120,error,humanised-aimbot,flick,-0.11541284361177678,0.272,1
0.5,120,error,humanised-aimbot,flick,-0.14629358558433428,0.2922,1
0.5,120,error,humanised-aimbot,flick,-0.18081707364411181,0.3124,1
0.5,120,error,humanised-aimbot,flick,-0.21643279711823502,0.3326,1
0.5,120,error,humanised-aimbot,flick,-0.26101135869696496,0.3526,1
0.5,120,error,humanised-aimbot,flick,-0.3104753505985497,0.3728,1
0.5,120,error,humanised-aimbot,flick,-0.36241418788528035,0.393,1
0.5,120,error,humanised-aimbot,flick,-0.41490651390065253,0.4132,1
0.5,120,error,humanised-aimbot,flick,-0.45897704914843057,0.4334,1
0.5,120,error,humanised-aimbot,flick,-0.5170504270080027,0.4534,1
0.5,120,error,humanised-aimbot,flick,-0.5798006953964131,0.4736,1
0.5,120,error,humanised-aimbot,flick,-0.6400408016730164,0.4938,1
0.5,120,error,humanised-aimbot,flick,-0.6970938449782886,0.5138,1
0.5,120,error,humanised-aimbot,flick,-0.7657898364199508,0.5338,1
0.5,120,error,humanised-aimbot,flick,-0.8496223018207992,0.554,1
0.5,120,error,humanised-aimbot,flick,-0.9229448714718919,0.5742,1
0.5,120,error,humanised-aimbot,flick,-1.003028652096157,0.5944,1
0.5,120,error,humanised-aimbot,flick,-1.0969753372739741,0.6146,1
0.5,120,error,humanised-aimbot,flick,-1.1891331960736116,0.6346,1
0.5,120,error,humanised-aimbot,flick,-1.2996056895957897,0.6548,1
0.5,120,error,humanised-aimbot,flick,-1.3876581893810214,0.675,1
0.5,120,error,humanised-aimbot,flick,-1.4714013152372885,0.6952,1
0.5,120,error,humanised-aimbot,flick,-1.5783857440140927,0.7154,1
0.5,120,error,humanised-aimbot,flick,-1.7194622585291501,0.7354,1
0.5,120,error,humanised-aimbot,flick,-1.853174808809936,0.7556,1
0.5,120,error,humanised-aimbot,flick,-2.0088612682689817,0.7758,1
0.5,120,error,humanised-aimbot,flick,-2.1788640427358947,0.796,1
0.5,120,error,humanised-aimbot,flick,-2.3522482923502004,0.8162,1
0.5,120,error,humanised-aimbot,flick,-2.5199480745893097,0.8362,1
0.5,120,error,humanised-aimbot,flick,-2.731436094638348,0.8564,1
0.5,120,error,humanised-aimbot,flick,-2.969209512813637,0.8766,1
0.5,120,error,humanised-aimbot,flick,-3.2881011842764982,0.8968,1
0.5,120,error,humanised-aimbot,flick,-3.6501880237093283,0.917,1
0.5,120,error,humanised-aimbot,flick,-4.034078476818403,0.937,1
0.5,120,error,humanised-aimbot,flick,-4.7766438668177,0.9572,1
0.5,120,error,humanised-aimbot,flick,-5.914958555775615,0.9774,1
0.5,120,error,humanised-aimbot,flick,-9.215450070099102,0.9976,1
0.5,120,error,humanised-aimbot,flick,-inf,1,1
0.5,120,error,adaptive-aimbot,flick,inf,0,0
0.5,120,error,adaptive-aimbot,flick,7.653685551675117,0,1
0.5,120,error,adaptive-aimbot,flick,4.9612805391635195,0.0002,1
0.5,120,error,adaptive-aimbot,flick,4.05802641389922,0.0004,1
0.5,120,error,adaptive-aimbot,flick,3.292058615777875,0.0006,1
0.5,120,error,adaptive-aimbot,flick,3.2467052058463426,0.0008,1
0.5,120,error,adaptive-aimbot,flick,3.1642679877808493,0.001,1
0.5,120,error,adaptive-aimbot,flick,3.0521331743090365,0.0012,1
0.5,120,error,adaptive-aimbot,flick,3.0308816128418172,0.0014,1
0.5,120,error,adaptive-aimbot,flick,2.8339923005522265,0.0016,1
0.5,120,error,adaptive-aimbot,flick,2.479178757881664,0.0018,1
0.5,120,error,adaptive-aimbot,flick,2.401761040079587,0.002,1
0.5,120,error,adaptive-aimbot,flick,2.2643500352714896,0.0022,1
0.5,120,error,adaptive-aimbot,flick,2.1591395110052347,0.0024,1
0.5,120,error,adaptive-aimbot,flick,2.0771748057590984,0.0026,1
0.5,120,error,adaptive-aimbot,flick,2.044649527763886,0.0028,1
0.5,120,error,adaptive-aimbot,flick,1.9989360620616292,0.003,1
0.5,120,error,adaptive-aimbot,flick,1.9066643921489985,0.0032,1
0.5,120,error,adaptive-aimbot,flick,1.868734570692612,0.0034,1
0.5,120,error,adaptive-aimbot,flick,1.8460482716074584,0.0036,1
0.5,120,error,adaptive-aimbot,flick,1.8329104430217353,0.0038,1
0.5,120,error,adaptive-aimbot,flick,1.7893949566718554,0.004,1
0.5,120,error,adaptive-aimbot,flick,1.66802029712713,0.0042,1
0.5,120,error,adaptive-aimbot,flick,1.5852972077998495,0.0044,1
0.5,120,error,adaptive-aimbot,flick,1.5439043582103795,0.0046,1
0.5,120,error,adaptive-aimbot,flick,1.5434479967948813,0.0048,1
0.5,120,error,adaptive-aimbot,flick,1.5369710052399799,0.005,1
0.5,120,error,adaptive-aimbot,flick,1.5092445886794936,0.0052,1
0.5,120,error,adaptive-aimbot,flick,1.4844877309571212,0.0054,1
0.5,120,error,adaptive-aimbot,flick,1.4614443522457679,0.0056,1
0.5,120,error,adaptive-aimbot,flick,1.421905829985558,0.0058,1
0.5,120,error,adaptive-aimbot,flick,1.417168550395602,0.006,1
0.5,120,error,adaptive-aimbot,flick,1.396202910286272,0.0062,1
0.5,120,error,adaptive-aimbot,flick,1.3923931778729433,0.0064,1
0.5,120,error,adaptive-aimbot,flick,1.391237971932235,0.0066,1
0.5,120,error,adaptive-aimbot,flick,1.3717746031377431,0.0068,1
0.5,120,error,adaptive-aimbot,flick,1.362546350145637,0.007,1
0.5,120,error,adaptive-aimbot,flick,1.2921057628795525,0.0072,1
0.5,120,error,adaptive-aimbot,flick,1.2793053757408293,0.0074,1
0.5,120,error,adaptive-aimbot,flick,1.2729044836659804,0.0076,1
0.5,120,error,adaptive-aimbot,flick,1.270182249388563,0.0078,1
0.5,120,error,adaptive-aimbot,flick,1.2523664154663487,0.008,1
0.5,120,error,adaptive-aimbot,flick,1.2441604750358934,0.0082,1
0.5,120,error,adaptive-aimbot,flick,1.2199471541969986,0.0084,1
0.5,120,error,adaptive-aimbot,flick,1.210496884413093,0.0086,1
0.5,120,error,adaptive-aimbot,flick,1.206761280726189,0.0088,1
0.5,120,error,adaptive-aimbot,flick,1.206486437449867,0.009,1
0.5,120,error,adaptive-aimbot,flick,1.1925265948474388,0.0092,1
0.5,120,error,adaptive-aimbot,flick,1.1709541551564417,0.0094,1
0.5,120,error,adaptive-aimbot,flick,1.1385361975696142,0.0096,1
0.5,120,error,adaptive-aimbot,flick,1.106352434828454,0.0098,1
0.5,120,error,adaptive-aimbot,flick,1.1042322712296357,0.01,1
0.5,120,error,adaptive-aimbot,flick,1.1042193826730253,0.0102,1
0.5,120,error,adaptive-aimbot,flick,0.4280463588199021,0.0302,1
0.5,120,error,adaptive-aimbot,flick,0.228717847226435,0.0502,1
0.5,120,error,adaptive-aimbot,flick,0.11091141972954155,0.0704,1
0.5,120,error,adaptive-aimbot,flick,0.05302731786322415,0.0906,1
0.5,120,error,adaptive-aimbot,flick,0.01746896429736732,0.1106,1
0.5,120,error,adaptive-aimbot,flick,0.0032251031943678872,0.1308,1
0.5,120,error,adaptive-aimbot,flick,-0.00006592946497966614,0.151,1
0.5,120,error,adaptive-aimbot,flick,-0.0038131932999081893,0.171,1
0.5,120,error,adaptive-aimbot,flick,-0.013784953138783784,0.1912,1
0.5,120,error,adaptive-aimbot,flick,-0.030282627211804507,0.2114,1
0.5,120,error,adaptive-aimbot,flick,-0.05252097583263176,0.2316,1
0.5,120,error,adaptive-aimbot,flick,-0.0837239276223104,0.2518,1
0.5,120,error,adaptive-aimbot,flick,-0.11541284361177678,0.272,1
0.5,120,error,adaptive-aimbot,flick,-0.14629358558433428,0.2922,1
0.5,120,error,adaptive-aimbot,flick,-0.18081707364411181,0.3124,1
0.5,120,error,adaptive-aimbot,flick,-0.21643279711823502,0.3326,1
0.5,120,error,adaptive-aimbot,flick,-0.26101135869696496,0.3526,1
0.5,120,error,adaptive-aimbot,flick,-0.3104753505985497,0.3728,1
0.5,120,error,adaptive-aimbot,flick,-0.36241418788528035,0.393,1
0.5,120,error,adaptive-aimbot,flick,-0.41490651390065253,0.4132,1
0.5,120,error,adaptive-aimbot,flick,-0.45897704914843057,0.4334,1
0.5,120,error,adaptive-aimbot,flick,-0.5170504270080027,0.4534,1
0.5,120,error,adaptive-aimbot,flick,-0.5798006953964131,0.4736,1
0.5,120,error,adaptive-aimbot,flick,-0.6400408016730164,0.4938,1
0.5,120,error,adaptive-aimbot,flick,-0.6970938449782886,0.5138,1
0.5,120,error,adaptive-aimbot,flick,-0.7657898364199508,0.5338,1
0.5,120,error,adaptive-aimbot,flick,-0.8496223018207992,0.554,1
0.5,120,error,adaptive-aimbot,flick,-0.9229448714718919,0.5742,1
0.5,120,error,adaptive-aimbot,flick,-1.003028652096157,0.5944,1
0.5,120,error,adaptive-aimbot,flick,-1.0969753372739741,0.6146,1
0.5,120,error,adaptive-aimbot,flick,-1.1891331960736116,0.6346,1
0.5,120,error,adaptive-aimbot,flick,-1.2996056895957897,0.6548,1
0.5,120,error,adaptive-aimbot,flick,-1.3876581893810214,0.675,1
0.5,120,error,adaptive-aimbot,flick,-1.4714013152372885,0.6952,1
0.5,120,error,adaptive-aimbot,flick,-1.5783857440140927,0.7154,1
0.5,120,error,adaptive-aimbot,flick,-1.7194622585291501,0.7354,1
0.5,120,error,adaptive-aimbot,flick,-1.853174808809936,0.7556,1
0.5,120,error,adaptive-aimbot,flick,-2.0088612682689817,0.7758,1
0.5,120,error,adaptive-aimbot,flick,-2.1788640427358947,0.796,1
0.5,120,error,adaptive-aimbot,flick,-2.3522482923502004,0.8162,1
0.5,120,error,adaptive-aimbot,flick,-2.5199480745893097,0.8362,1
0.5,120,error,adaptive-aimbot,flick,-2.731436094638348,0.8564,1
0.5,120,error,adaptive-aimbot,flick,-2.969209512813637,0.8766,1
0.5,120,error,adaptive-aimbot,flick,-3.2881011842764982,0.8968,1
0.5,120,error,adaptive-aimbot,flick,-3.6501880237093283,0.917,1
0.5,120,error,adaptive-aimbot,flick,-4.034078476818403,0.937,1
0.5,120,error,adaptive-aimbot,flick,-4.7766438668177,0.9572,1
0.5,120,error,adaptive-aimbot,flick,-5.914958555775615,0.9774,1
0.5,120,error,adaptive-aimbot,flick,-9.215450070099102,0.9976,1
0.5,120,error,adaptive-aimbot,flick,-inf,1,1
0.5,120,error,smoothing-aimbot,flick,inf,0,0
0.5,120,error,smoothing-aimbot,flick,7.653685551675117,0,0.004
0.5,120,error,smoothing-aimbot,flick,4.9612805391635195,0.0002,0.012
0.5,120,error,smoothing-aimbot,flick,4.05802641389922,0.0004,0.02
0.5,120,error,smoothing-aimbot,flick,3.292058615777875,0.0006,0.022
0.5,120,error,smoothing-aimbot,flick,3.2467052058463426,0.0008,0.022
0.5,120,error,smoothing-aimbot,flick,3.1642679877808493,0.001,0.022
0.5,120,error,smoothing-aimbot,flick,3.0521331743090365,0.0012,0.024
0.5,120,error,smoothing-aimbot,flick,3.0308816128418172,0.0014,0.024
0.5,120,error,smoothing-aimbot,flick,2.8339923005522265,0.0016,0.028
0.5,120,error,smoothing-aimbot,flick,2.479178757881664,0.0018,0.03
0.5,120,error,smoothing-aimbot,flick,2.401761040079587,0.002,0.032
0.5,120,error,smoothing-aimbot,flick,2.2643500352714896,0.0022,0.032
0.5,120,error,smoothing-aimbot,flick,2.1591395110052347,0.0024,0.032
0.5,120,error,smoothing-aimbot,flick,2.0771748057590984,0.0026,0.032
0.5,120,error,smoothing-aimbot,flick,2.044649527763886,0.0028,0.032
0.5,120,error,smoothing-aimbot,flick,1.9989360620616292,0.003,0.032
0.5,120,error,smoothing-aimbot,flick,1.9066643921489985,0.0032,0.032
0.5,120,error,smoothing-aimbot,flick,1.868734570692612,0.0034,0.034
0.5,120,error,smoothing-aimbot,flick,1.8460482716074584,0.0036,0.036
0.5,120,error,smoothing-aimbot,flick,1.8329104430217353,0.0038,0.036
0.5,120,error,smoothing-aimbot,flick,1.7893949566718554,0.004,0.038
0.5,120,error,smoothing-aimbot,flick,1.66802029712713,0.0042,0.038
0.5,120,error,smoothing-aimbot,flick,1.5852972077998495,0.0044,0.042
0.5,120,error,smoothing-aimbot,flick,1.5439043582103795,0.0046,0.042
0.5,120,error,smoothing-aimbot,flick,1.5434479967948813,0.0048,0.042
0.5,120,error,smoothing-aimbot,flick,1.5369710052399799,0.005,0.042
0.5,120,error,smoothing-aimbot,flick,1.5092445886794936,0.0052,0.042
0.5,120,error,smoothing-aimbot,flick,1.4844877309571212,0.0054,0.042
0.5,120,error,smoothing-aimbot,flick,1.4614443522457679,0.0056,0.042
0.5,120,error,smoothing-aimbot,flick,1.421905829985558,0.0058,0.046
0.5,120,error,smoothing-aimbot,flick,1.417168550395602,0.006,0.046
0.5,120,error,smoothing-aimbot,flick,1.396202910286272,0.0062,0.046
0.5,120,error,smoothing-aimbot,flick,1.3923931778729433,0.0064,0.046
0.5,120,error,smoothing-aimbot,flick,1.391237971932235,0.0066,0.046
0.5,120,error,smoothing-aimbot,flick,1.3717746031377431,0.0068,0.046
0.5,120,error,smoothing-aimbot,flick,1.362546350145637,0.007,0.046
0.5,120,error,smoothing-aimbot,flick,1.2921057628795525,0.0072,0.046
0.5,120,error,smoothing-aimbot,flick,1.2793053757408293,0.0074,0.046
0.5,120,error,smoothing-aimbot,flick,1.2729044836659804,0.0076,0.046
0.5,120,error,smoothing-aimbot,flick,1.270182249388563,0.0078,0.046
0.5,120,error,smoothing-aimbot,flick,1.2523664154663487,0.008,0.046
0.5,120,error,smoothing-aimbot,flick,1.2441604750358934,0.0082,0.046
0.5,120,error,smoothing-aimbot,flick,1.2199471541969986,0.0084,0.046
0.5,120,error,smoothing-aimbot,flick,1.210496884413093,0.0086,0.046
0.5,120,error,smoothing-aimbot,flick,1.206761280726189,0.0088,0.046
0.5,120,error,smoothing-aimbot,flick,1.206486437449867,0.009,0.046
0.5,120,error,smoothing-aimbot,flick,1.1925265948474388,0.0092,0.046
0.5,120,error,smoothing-aimbot,flick,1.1709541551564417,0.0094,0.046
0.5,120,error,smoothing-aimbot,flick,1.1385361975696142,0.0096,0.046
0.5,120,error,smoothing-aimbot,flick,1.106352434828454,0.0098,0.046
0.5,120,error,smoothing-aimbot,flick,1.1042322712296357,0.01,0.048
0.5,120,error,smoothing-aimbot,flick,1.1042193826730253,0.0102,0.048
0.5,120,error,smoothing-aimbot,flick,0.4280463588199021,0.0302,0.066
0.5,120,error,smoothing-aimbot,flick,0.228717847226435,0.0502,0.076
0.5,120,error,smoothing-aimbot,flick,0.11091141972954155,0.0704,0.098
0.5,120,error,smoothing-aimbot,flick,0.05302731786322415,0.0906,0.106
0.5,120,error,smoothing-aimbot,flick,0.01746896429736732,0.1106,0.108
0.5,120,error,smoothing-aimbot,flick,0.0032251031943678872,0.1308,0.12
0.5,120,error,smoothing-aimbot,flick,-0.00006592946497966614,0.151,0.126
0.5,120,error,smoothing-aimbot,flick,-0.0038131932999081893,0.171,0.132
0.5,120,error,smoothing-aimbot,flick,-0.013784953138783784,0.1912,0.138
0.5,120,error,smoothing-aimbot,flick,-0.030282627211804507,0.2114,0.138
0.5,120,error,smoothing-aimbot,flick,-0.05252097583263176,0.2316,0.144
0.5,120,error,smoothing-aimbot,flick,-0.0837239276223104,0.2518,0.16
0.5,120,error,smoothing-aimbot,flick,-0.11541284361177678,0.272,0.17
0.5,120,error,smoothing-aimbot,flick,-0.14629358558433428,0.2922,0.182
0.5,120,error,smoothing-aimbot,flick,-0.18081707364411181,0.3124,0.188
0.5,120,error,smoothing-aimbot,flick,-0.21643279711823502,0.3326,0.192
0.5,120,error,smoothing-aimbot,flick,-0.26101135869696496,0.3526,0.198
0.5,120,error,smoothing-aimbot,flick,-0.3104753505985497,0.3728,0.208
0.5,120,error,smoothing-aimbot,flick,-0.36241418788528035,0.393,0.214
0.5,120,error,smoothing-aimbot,flick,-0.41490651390065253,0.4132,0.224
0.5,120,error,smoothing-aimbot,flick,-0.45897704914843057,0.4334,0.23
0.5,120,error,smoothing-aimbot,flick,-0.5170504270080027,0.4534,0.242
0.5,120,error,smoothing-aimbot,flick,-0.5798006953964131,0.4736,0.246
0.5,120,error,smoothing-aimbot,flick,-0.6400408016730164,0.4938,0.252
0.5,120,error,smoothing-aimbot,flick,-0.6970938449782886,0.5138,0.262
0.5,120,error,smoothing-aimbot,flick,-0.7657898364199508,0.5338,0.268
0.5,120,error,smoothing-aimbot,flick,-0.8496223018207992,0.554,0.272
0.5,120,error,smoothing-aimbot,flick,-0.9229448714718919,0.5742,0.274
0.5,120,error,smoothing-aimbot,flick,-1.003028652096157,0.5944,0.278
0.5,120,error,smoothing-aimbot,flick,-1.0969753372739741,0.6146,0.284
0.5,120,error,smoothing-aimbot,flick,-1.1891331960736116,0.6346,0.296
0.5,120,error,smoothing-aimbot,flick,-1.2996056895957897,0.6548,0.306
0.5,120,error,smoothing-aimbot,flick,-1.3876581893810214,0.675,0.312
0.5,120,error,smoothing-aimbot,flick,-1.4714013152372885,0.6952,0.32
0.5,120,error,smoothing-aimbot,flick,-1.5783857440140927,0.7154,0.33
0.5,120,error,smoothing-aimbot,flick,-1.7194622585291501,0.7354,0.346
0.5,120,error,smoothing-aimbot,flick,-1.853174808809936,0.7556,0.358
0.5,120,error,smoothing-aimbot,flick,-2.0088612682689817,0.7758,0.364
0.5,120,error,smoothing-aimbot,flick,-2.1788640427358947,0.796,0.374
0.5,120,error,smoothing-aimbot,flick,-2.3522482923502004,0.8162,0.386
0.5,120,error,smoothing-aimbot,flick,-2.5199480745893097,0.8362,0.396
0.5,120,error,smoothing-aimbot,flick,-2.731436094638348,0.8564,0.414
0.5,120,error,smoothing-aimbot,flick,-2.969209512813637,0.8766,0.428
0.5,120,error,smoothing-aimbot,flick,-3.2881011842764982,0.8968,0.446
0.5,120,error,smoothing-aimbot,flick,-3.6501880237093283,0.917,0.46
0.5,120,error,smoothing-aimbot,flick,-4.034078476818403,0.937,0.482
0.5,120,error,smoothing-aimbot,flick,-4.7766438668177,0.9572,0.51
0.5,120,error,smoothing-aimbot,flick,-5.914958555775615,0.9774,0.55
0.5,120,error,smoothing-aimbot,flick,-9.215450070099102,0.9976,0.654
0.5,120,error,smoothing-aimbot,flick,-inf,1,1
0.5,120,steps,smoothing-aimbot,flick,inf,0,0
0.5,120,steps,smoothing-aimbot,flick,0.5938610287338143,0,1
0.5,120,steps,smoothing-aimbot,flick,0.5411793123292625,0.0002,1
0.5,120,steps,smoothing-aimbot,flick,0.5060279558454646,0.0004,1
0.5,120,steps,smoothing-aimbot,flick,0.5000984790884047,0.0006,1
0.5,120,steps,smoothing-aimbot,flick,0.4957505460482837,0.0008,1
0.5,120,steps,smoothing-aimbot,flick,0.47308343078884907,0.001,1
0.5,120,steps,smoothing-aimbot,flick,0.4528687773412432,0.0012,1
0.5,120,steps,smoothing-aimbot,flick,0.43946041895715127,0.0014,1
0.5,120,steps,smoothing-aimbot,flick,0.4074808223303712,0.0016,1
0.5,120,steps,smoothing-aimbot,flick,0.38964628123836004,0.0018,1
0.5,120,steps,smoothing-aimbot,flick,0.3885224913648041,0.002,1
0.5,120,steps,smoothing-aimbot,flick,0.38767244419261354,0.0022,1
0.5,120,steps,smoothing-aimbot,flick,0.3838039663060218,0.0024,1
0.5,120,steps,smoothing-aimbot,flick,0.33228715669365283,0.0026,1
0.5,120,steps,smoothing-aimbot,flick,0.3220415993666604,0.0028,1
0.5,120,steps,smoothing-aimbot,flick,0.3174047780763854,0.003,1
0.5,120,steps,smoothing-aimbot,flick,0.31027549550070094,0.0032,1
0.5,120,steps,smoothing-aimbot,flick,0.3101389539192459,0.0034,1
0.5,120,steps,smoothing-aimbot,flick,0.30229864202165313,0.0036,1
0.5,120,steps,smoothing-aimbot,flick,0.2961815108092671,0.0038,1
0.5,120,steps,smoothing-aimbot,flick,0.2944938139608706,0.004,1
0.5,120,steps,smoothing-aimbot,flick,0.2835443318719084,0.0042,1
0.5,120,steps,smoothing-aimbot,flick,0.27283861659197667,0.0044,1
0.5,120,steps,smoothing-aimbot,flick,0.2679577084079199,0.0046,1
0.5,120,steps,smoothing-aimbot,flick,0.2594171477908441,0.0048,1
0.5,120,steps,smoothing-aimbot,flick,0.25857429316627606,0.005,1
0.5,120,steps,smoothing-aimbot,flick,0.2576476710769013,0.0052,1
0.5,120,steps,smoothing-aimbot,flick,0.25411749906779857,0.0054,1
0.5,120,steps,smoothing-aimbot,flick,0.2524504740666955,0.0056,1
0.5,120,steps,smoothing-aimbot,flick,0.25122636814567006,0.0058,1
0.5,120,steps,smoothing-aimbot,flick,0.25116835649475544,0.006,1
0.5,120,steps,smoothing-aimbot,flick,0.24829063667206858,0.0062,1
0.5,120,steps,smoothing-aimbot,flick,0.24019408328753503,0.0064,1
0.5,120,steps,smoothing-aimbot,flick,0.22645823919008604,0.0066,1
0.5,120,steps,smoothing-aimbot,flick,0.2240377165917806,0.0068,1
0.5,120,steps,smoothing-aimbot,flick,0.22172496690629503,0.007,1
0.5,120,steps,smoothing-aimbot,flick,0.2161288645153447,0.0072,1
0.5,120,steps,smoothing-aimbot,flick,0.21231296749465772,0.0074,1
0.5,120,steps,smoothing-aimbot,flick,0.2110015097923833,0.0076,1
0.5,120,steps,smoothing-aimbot,flick,0.21089935392207362,0.0078,1
0.5,120,steps,smoothing-aimbot,flick,0.2090410334939829,0.008,1
0.5,120,steps,smoothing-aimbot,flick,0.2039202008619887,0.0082,1
0.5,120,steps,smoothing-aimbot,flick,0.20242087485406743,0.0084,1
0.5,120,steps,smoothing-aimbot,flick,0.20139262093612967,0.0086,1
0.5,120,steps,smoothing-aimbot,flick,0.19832348195056249,0.0088,1
0.5,120,steps,smoothing-aimbot,flick,0.19808188290980996,0.009,1
0.5,120,steps,smoothing-aimbot,flick,0.1972151872927035,0.0092,1
0.5,120,steps,smoothing-aimbot,flick,0.1969254559512747,0.0094,1
0.5,120,steps,smoothing-aimbot,flick,0.19419074735914257,0.0096,1
0.5,120,steps,smoothing-aimbot,flick,0.19409787593028757,0.0098,1
0.5,120,steps,smoothing-aimbot,flick,0.19331271776827336,0.01,1
0.5,120,steps,smoothing-aimbot,flick,0.19320456728001037,0.0102,1
0.5,120,steps,smoothing-aimbot,flick,0.10006202681048519,0.0302,1
0.5,120,steps,smoothing-aimbot,flick,0.06778635266344539,0.0502,1
0.5,120,steps,smoothing-aimbot,flick,0.04849989402227294,0.0704,1
0.5,120,steps,smoothing-aimbot,flick,0.03577609727107993,0.0906,1
0.5,120,steps,smoothing-aimbot,flick,0.026738181725813975,0.1106,1
0.5,120,steps,smoothing-aimbot,flick,0.018840700711096288,0.1308,1
0.5,120,steps,smoothing-aimbot,flick,0.013524786944360078,0.151,1
0.5,120,steps,smoothing-aimbot,flick,0.008425806912896329,0.171,1
0.5,120,steps,smoothing-aimbot,flick,0.004969716161373055,0.1912,1
0.5,120,steps,smoothing-aimbot,flick,0.002841219058346591,0.2114,1
0.5,120,steps,smoothing-aimbot,flick,0.001193674180369462,0.2316,1
0.5,120,steps,smoothing-aimbot,flick,0.0003460241576613088,0.2518,1
0.5,120,steps,smoothing-aimbot,flick,0.0000005089728946210067,0.272,1
0.5,120,steps,smoothing-aimbot,flick,-0.0000001072969937243109,0.7368,1
0.5,120,steps,smoothing-aimbot,flick,-0.0003641829687966245,0.7568,1
0.5,120,steps,smoothing-aimbot,flick,-0.0014117495348963689,0.7768,1
0.5,120,steps,smoothing-aimbot,flick,-0.003104601634013148,0.797,1
0.5,120,steps,smoothing-aimbot,flick,-0.006093024173890152,0.8172,1
0.5,120,steps,smoothing-aimbot,flick,-0.010356146141442745,0.8372,1
0.5,120,steps,smoothing-aimbot,flick,-0.015260757687841308,0.8574,1
0.5,120,steps,smoothing-aimbot,flick,-0.022029760036672622,0.8776,1
0.5,120,steps,smoothing-aimbot,flick,-0.030856535382137035,0.8978,1
0.5,120,steps,smoothing-aimbot,flick,-0.04275120654773999,0.918,1
0.5,120,steps,smoothing-aimbot,flick,-0.05822806211607736,0.9382,1
0.5,120,steps,smoothing-aimbot,flick,-0.08352085331131406,0.9582,1
0.5,120,steps,smoothing-aimbot,flick,-0.13094950576645856,0.9784,1
0.5,120,steps,smoothing-aimbot,flick,-0.61109388753089,0.9986,1
0.5,120,steps,smoothing-aimbot,flick,-inf,1,1
0.5,120,error,fast-adaptive-aimbot,flick,inf,0,0
0.5,120,error,fast-adaptive-aimbot,flick,7.653685551675117,0,0.65
0.5,120,error,fast-adaptive-aimbot,flick,4.9612805391635195,0.0002,0.81
0.5,120,error,fast-adaptive-aimbot,flick,4.05802641389922,0.0004,0.874
0.5,120,error,fast-adaptive-aimbot,flick,3.292058615777875,0.0006,0.916
0.5,120,error,fast-adaptive-aimbot,flick,3.2467052058463426,0.0008,0.918
0.5,120,error,fast-adaptive-aimbot,flick,3.1642679877808493,0.001,0.918
0.5,120,error,fast-adaptive-aimbot,flick,3.0521331743090365,0.0012,0.92
0.5,120,error,fast-adaptive-aimbot,flick,3.0308816128418172,0.0014,0.922
0.5,120,error,fast-adaptive-aimbot,flick,2.8339923005522265,0.0016,0.932
0.5,120,error,fast-adaptive-aimbot,flick,2.479178757881664,0.0018,0.942
0.5,120,error,fast-adaptive-aimbot,flick,2.401761040079587,0.002,0.942
0.5,120,error,fast-adaptive-aimbot,flick,2.2643500352714896,0.0022,0.946
0.5,120,error,fast-adaptive-aimbot,flick,2.1591395110052347,0.0024,0.948
0.5,120,error,fast-adaptive-aimbot,flick,2.0771748057590984,0.0026,0.948
0.5,120,error,fast-adaptive-aimbot,flick,2.044649527763886,0.0028,0.948
0.5,120,error,fast-adaptive-aimbot,flick,1.9989360620616292,0.003,0.948
0.5,120,error,fast-adaptive-aimbot,flick,1.9066643921489985,0.0032,0.954
0.5,120,error,fast-adaptive-aimbot,flick,1.868734570692612,0.0034,0.956
0.5,120,error,fast-adaptive-aimbot,flick,1.8460482716074584,0.0036,0.958
0.5,120,error,fast-adaptive-aimbot,flick,1.8329104430217353,0.0038,0.958
0.5,120,error,fast-adaptive-aimbot,flick,1.7893949566718554,0.004,0.958
0.5,120,error,fast-adaptive-aimbot,flick,1.66802029712713,0.0042,0.966
0.5,120,error,fast-adaptive-aimbot,flick,1.5852972077998495,0.0044,0.972
0.5,120,error,fast-adaptive-aimbot,flick,1.5439043582103795,0.0046,0.974
0.5,120,error,fast-adaptive-aimbot,flick,1.5434479967948813,0.0048,0.974
0.5,120,error,fast-adaptive-aimbot,flick,1.5369710052399799,0.005,0.974
0.5,120,error,fast-adaptive-aimbot,flick,1.5092445886794936,0.0052,0.974
0.5,120,error,fast-adaptive-aimbot,flick,1.4844877309571212,0.0054,0.974
0.5,120,error,fast-adaptive-aimbot,flick,1.4614443522457679,0.0056,0.974
0.5,120,error,fast-adaptive-aimbot,flick,1.421905829985558,0.0058,0.976
0.5,120,error,fast-adaptive-aimbot,flick,1.417168550395602,0.006,0.976
0.5,120,error,fast-adaptive-aimbot,flick,1.396202910286272,0.0062,0.976
0.5,120,error,fast-adaptive-aimbot,flick,1.3923931778729433,0.0064,0.976
0.5,120,error,fast-adaptive-aimbot,flick,1.391237971932235,0.0066,0.976
0.5,120,error,fast-adaptive-aimbot,flick,1.3717746031377431,0.0068,0.976
0.5,120,error,fast-adaptive-aimbot,flick,1.362546350145637,0.007,0.978
0.5,120,error,fast-adaptive-aimbot,flick,1.2921057628795525,0.0072,0.98
0.5,120,error,fast-adaptive-aimbot,flick,1.2793053757408293,0.0074,0.98
0.5,120,error,fast-adaptive-aimbot,flick,1.2729044836659804,0.0076,0.98
0.5,120,error,fast-adaptive-aimbot,flick,1.270182249388563,0.0078,0.98
0.5,120,error,fast-adaptive-aimbot,flick,1.2523664154663487,0.008,0.98
0.5,120,error,fast-adaptive-aimbot,flick,1.2441604750358934,0.0082,0.98
0.5,120,error,fast-adaptive-aimbot,flick,1.2199471541969986,0.0084,0.98
0.5,120,error,fast-adaptive-aimbot,flick,1.210496884413093,0.0086,0.98
0.5,120,error,fast-adaptive-aimbot,flick,1.206761280726189,0.0088,0.98
0.5,120,error,fast-adaptive-aimbot,flick,1.206486437449867,0.009,0.98
0.5,120,error,fast-adaptive-aimbot,flick,1.1925265948474388,0.0092,0.98
0.5,120,error,fast-adaptive-aimbot,flick,1.1709541551564417,0.0094,0.98
0.5,120,error,fast-adaptive-aimbot,flick,1.1385361975696142,0.0096,0.98
0.5,120,error,fast-adaptive-aimbot,flick,1.106352434828454,0.0098,0.982
0.5,120,error,fast-adaptive-aimbot,flick,1.1042322712296357,0.01,0.982
0.5,120,error,fast-adaptive-aimbot,flick,1.1042193826730253,0.0102,0.982
0.5,120,error,fast-adaptive-aimbot,flick,0.4280463588199021,0.0302,0.988
0.5,120,error,fast-adaptive-aimbot,flick,0.228717847226435,0.0502,0.992
0.5,120,error,fast-adaptive-aimbot,flick,0.11091141972954155,0.0704,0.996
0.5,120,error,fast-adaptive-aimbot,flick,0.05302731786322415,0.0906,0.996
0.5,120,error,fast-adaptive-aimbot,flick,0.01746896429736732,0.1106,0.998
0.5,120,error,fast-adaptive-aimbot,flick,0.0032251031943678872,0.1308,0.998
0.5,120,error,fast-adaptive-aimbot,flick,-0.00006592946497966614,0.151,0.998
0.5,120,error,fast-adaptive-aimbot,flick,-0.0038131932999081893,0.171,1
0.5,120,error,fast-adaptive-aimbot,flick,-0.013784953138783784,0.1912,1
0.5,120,error,fast-adaptive-aimbot,flick,-0.030282627211804507,0.2114,1
0.5,120,error,fast-adaptive-aimbot,flick,-0.05252097583263176,0.2316,1
0.5,120,error,fast-adaptive-aimbot,flick,-0.0837239276223104,0.2518,1
0.5,120,error,fast-adaptive-aimbot,flick,-0.11541284361177678,0.272,1
0.5,120,error,fast-adaptive-aimbot,flick,-0.14629358558433428,0.2922,1
0.5,120,error,fast-adaptive-aimbot,flick,-0.18081707364411181,0.3124,1
0.5,120,error,fast-adaptive-aimbot,flick,-0.21643279711823502,0.3326,1
0.5,120,error,fast-adaptive-aimbot,flick,-0.26101135869696496,0.3526,1
0.5,120,error,fast-adaptive-aimbot,flick,-0.3104753505985497,0.3728,1
0.5,120,error,fast-adaptive-aimbot,flick,-0.36241418788528035,0.393,1
0.5,120,error,fast-adaptive-aimbot,flick,-0.41490651390065253,0.4132,1
0.5,120,error,fast-adaptive-aimbot,flick,-0.45897704914843057,0.4334,1
0.5,120,error,fast-adaptive-aimbot,flick,-0.5170504270080027,0.4534,1
0.5,120,error,fast-adaptive-aimbot,flick,-0.5798006953964131,0.4736,1
0.5,120,error,fast-adaptive-aimbot,flick,-0.6400408016730164,0.4938,1
0.5,120,error,fast-adaptive-aimbot,flick,-0.6970938449782886,0.5138,1
0.5,120,error,fast-adaptive-aimbot,flick,-0.7657898364199508,0.5338,1
0.5,120,error,fast-adaptive-aimbot,flick,-0.8496223018207992,0.554,1
0.5,120,error,fast-adaptive-aimbot,flick,-0.9229448714718919,0.5742,1
0.5,120,error,fast-adaptive-aimbot,flick,-1.003028652096157,0.5944,1
0.5,120,error,fast-adaptive-aimbot,flick,-1.0969753372739741,0.6146,1
0.5,120,error,fast-adaptive-aimbot,flick,-1.1891331960736116,0.6346,1
0.5,120,error,fast-adaptive-aimbot,flick,-1.2996056895957897,0.6548,1
0.5,120,error,fast-adaptive-aimbot,flick,-1.3876581893810214,0.675,1
0.5,120,error,fast-adaptive-aimbot,flick,-1.4714013152372885,0.6952,1
0.5,120,error,fast-adaptive-aimbot,flick,-1.5783857440140927,0.7154,1
0.5,120,error,fast-adaptive-aimbot,flick,-1.7194622585291501,0.7354,1
0.5,120,error,fast-adaptive-aimbot,flick,-1.853174808809936,0.7556,1
0.5,120,error,fast-adaptive-aimbot,flick,-2.0088612682689817,0.7758,1
0.5,120,error,fast-adaptive-aimbot,flick,-2.1788640427358947,0.796,1
0.5,120,error,fast-adaptive-aimbot,flick,-2.3522482923502004,0.8162,1
0.5,120,error,fast-adaptive-aimbot,flick,-2.5199480745893097,0.8362,1
0.5,120,error,fast-adaptive-aimbot,flick,-2.731436094638348,0.8564,1
0.5,120,error,fast-adaptive-aimbot,flick,-2.969209512813637,0.8766,1
0.5,120,error,fast-adaptive-aimbot,flick,-3.2881011842764982,0.8968,1
0.5,120,error,fast-adaptive-aimbot,flick,-3.6501880237093283,0.917,1
0.5,120,error,fast-adaptive-aimbot,flick,-4.034078476818403,0.937,1
0.5,120,error,fast-adaptive-aimbot,flick,-4.7766438668177,0.9572,1
0.5,120,error,fast-adaptive-aimbot,flick,-5.914958555775615,0.9774,1
0.5,120,error,fast-adaptive-aimbot,flick,-9.215450070099102,0.9976,1
0.5,120,error,fast-adaptive-aimbot,flick,-inf,1,1
0.5,300,error,recoil-macro,spray,inf,0,0
0.5,300,error,recoil-macro,spray,7.99444571268578,0,0.026
0.5,300,error,recoil-macro,spray,6.245224951200462,0.0002,0.064
0.5,300,error,recoil-macro,spray,4.8244331811194305,0.0004,0.104
0.5,300,error,recoil-macro,spray,4.345692275192389,0.0006,0.148
0.5,300,error,recoil-macro,spray,4.322348320637298,0.0008,0.15
0.5,300,error,recoil-macro,spray,4.2980899101162695,0.001,0.152
0.5,300,error,recoil-macro,spray,4.174254229443476,0.0012,0.16
0.5,300,error,recoil-macro,spray,4.075136750066446,0.0014,0.166
0.5,300,error,recoil-macro,spray,3.867027059759821,0.0016,0.178
0.5,300,error,recoil-macro,spray,3.754412888473537,0.0018,0.186
0.5,300,error,recoil-macro,spray,3.521730491135976,0.002,0.212
0.5,300,error,recoil-macro,spray,3.2129926840399508,0.0022,0.234
0.5,300,error,recoil-macro,spray,3.1360409147443513,0.0024,0.246
0.5,300,error,recoil-macro,spray,3.1060479363893188,0.0026,0.246
0.5,300,error,recoil-macro,spray,3.0444874323385642,0.0028,0.258
0.5,300,error,recoil-macro,spray,3.0326973215797914,0.003,0.258
0.5,300,error,recoil-macro,spray,2.9964847737713587,0.0032,0.26
0.5,300,error,recoil-macro,spray,2.864639879008359,0.0034,0.27
0.5,300,error,recoil-macro,spray,2.700384324990019,0.0036,0.296
0.5,300,error,recoil-macro,spray,2.6450234473254266,0.0038,0.3
0.5,300,error,recoil-macro,spray,2.62539969500015,0.004,0.302
0.5,300,error,recoil-macro,spray,2.608858136697535,0.0042,0.306
0.5,300,error,recoil-macro,spray,2.588244185016221,0.0044,0.31
0.5,300,error,recoil-macro,spray,2.4925820569584802,0.0046,0.332
0.5,300,error,recoil-macro,spray,2.474123320215761,0.0048,0.332
0.5,300,error,recoil-macro,spray,2.436232675629945,0.005,0.334
0.5,300,error,recoil-macro,spray,2.389632013032313,0.0052,0.338
0.5,300,error,recoil-macro,spray,2.3847345840165484,0.0054,0.342
0.5,300,error,recoil-macro,spray,2.3307544522574393,0.0056,0.346
0.5,300,error,recoil-macro,spray,2.2910522279644563,0.0058,0.356
0.5,300,error,recoil-macro,spray,2.2784402330667404,0.006,0.358
0.5,300,error,recoil-macro,spray,2.2645922485524013,0.0062,0.362
0.5,300,error,recoil-macro,spray,2.2549311369204523,0.0064,0.362
0.5,300,error,recoil-macro,spray,2.2439290957169993,0.0066,0.368
0.5,300,error,recoil-macro,spray,2.171821529819144,0.0068,0.382
0.5,300,error,recoil-macro,spray,2.142562321579758,0.007,0.394
0.5,300,error,recoil-macro,spray,2.1286103682313446,0.0072,0.398
0.5,300,error,recoil-macro,spray,2.1195371596078427,0.0074,0.4
0.5,300,error,recoil-macro,spray,2.0640299376981726,0.0076,0.406
0.5,300,error,recoil-macro,spray,2.058395950979675,0.0078,0.406
0.5,300,error,recoil-macro,spray,2.043640403902592,0.008,0.406
0.5,300,error,recoil-macro,spray,2.0135645512624096,0.0082,0.416
0.5,300,error,recoil-macro,spray,1.9867355029016598,0.0084,0.416
0.5,300,error,recoil-macro,spray,1.9757406711419079,0.0086,0.418
0.5,300,error,recoil-macro,spray,1.974075210605121,0.0088,0.418
0.5,300,error,recoil-macro,spray,1.9610388652643669,0.009,0.42
0.5,300,error,recoil-macro,spray,1.9291303977170333,0.0092,0.428
0.5,300,error,recoil-macro,spray,1.924709869370574,0.0094,0.428
0.5,300,error,recoil-macro,spray,1.9078128852032357,0.0096,0.43
0.5,300,error,recoil-macro,spray,1.8975386297075851,0.0098,0.434
0.5,300,error,recoil-macro,spray,1.8933668932110936,0.01,0.434
0.5,300,error,recoil-macro,spray,1.8626843382156733,0.0102,0.44
0.5,300,error,recoil-macro,spray,1.013717578564619,0.0302,0.594
0.5,300,error,recoil-macro,spray,0.7133118008737961,0.0502,0.682
0.5,300,error,recoil-macro,spray,0.5133118900196247,0.0704,0.72
0.5,300,error,recoil-macro,spray,0.3753908293663634,0.0906,0.748
0.5,300,error,recoil-macro,spray,0.2848916159581268,0.1106,0.772
0.5,300,error,recoil-macro,spray,0.21873852712015035,0.1308,0.8
0.5,300,error,recoil-macro,spray,0.16055025799284459,0.151,0.816
0.5,300,error,recoil-macro,spray,0.12251092700943783,0.171,0.834
0.5,300,error,recoil-macro,spray,0.08423791839619771,0.1912,0.856
0.5,300,error,recoil-macro,spray,0.05557622204821119,0.2114,0.872
0.5,300,error,recoil-macro,spray,0.03727407382766531,0.2316,0.888
0.5,300,error,recoil-macro,spray,0.023036211768929227,0.2518,0.898
0.5,300,error,recoil-macro,spray,0.01080493247414797,0.272,0.906
0.5,300,error,recoil-macro,spray,0.0036003874853749313,0.2922,0.914
0.5,300,error,recoil-macro,spray,0.0004535690777280218,0.3124,0.928
0.5,300,error,recoil-macro,spray,-0.0006176052060623636,0.3326,0.934
0.5,300,error,recoil-macro,spray,-0.003949728043624027,0.3526,0.936
0.5,300,error,recoil-macro,spray,-0.01059569785106569,0.3728,0.942
0.5,300,error,recoil-macro,spray,-0.018649062788137126,0.393,0.948
0.5,300,error,recoil-macro,spray,-0.02883085178457403,0.4132,0.952
0.5,300,error,recoil-macro,spray,-0.04083788750687596,0.4334,0.956
0.5,300,error,recoil-macro,spray,-0.0558561773337162,0.4534,0.96
0.5,300,error,recoil-macro,spray,-0.07819193833094519,0.4736,0.968
0.5,300,error,recoil-macro,spray,-0.09540771955495726,0.4938,0.97
0.5,300,error,recoil-macro,spray,-0.11952396903178289,0.5138,0.972
0.5,300,error,recoil-macro,spray,-0.14270196461206971,0.5338,0.976
0.5,300,error,recoil-macro,spray,-0.17339684092477514,0.554,0.98
0.5,300,error,recoil-macro,spray,-0.20494574103417565,0.5742,0.984
0.5,300,error,recoil-macro,spray,-0.2373100010332542,0.5944,0.986
0.5,300,error,recoil-macro,spray,-0.27696377048599713,0.6146,0.99
0.5,300,error,recoil-macro,spray,-0.312208809119024,0.6346,0.992
0.5,300,error,recoil-macro,spray,-0.35153256339388383,0.6548,0.992
0.5,300,error,recoil-macro,spray,-0.3998631441313675,0.675,0.992
0.5,300,error,recoil-macro,spray,-0.449724326486709,0.6952,0.992
0.5,300,error,recoil-macro,spray,-0.5139892227985582,0.7154,0.994
0.5,300,error,recoil-macro,spray,-0.5806452036780032,0.7354,0.994
0.5,300,error,recoil-macro,spray,-0.6466167666495478,0.7556,0.994
0.5,300,error,recoil-macro,spray,-0.7150362966133529,0.7758,0.994
0.5,300,error,recoil-macro,spray,-0.8119851096531088,0.796,0.996
0.5,300,error,recoil-macro,spray,-0.9003390289449484,0.8162,0.996
0.5,300,error,recoil-macro,spray,-1.0053182399875236,0.8362,0.998
0.5,300,error,recoil-macro,spray,-1.125914477020084,0.8564,0.998
0.5,300,error,recoil-macro,spray,-1.255957531699466,0.8766,0.998
0.5,300,error,recoil-macro,spray,-1.415332978374957,0.8968,0.998
0.5,300,error,recoil-macro,spray,-1.599392359399293,0.917,0.998
0.5,300,error,recoil-macro,spray,-1.9015856697241977,0.937,1
0.5,300,error,recoil-macro,spray,-2.230225884430452,0.9572,1
0.5,300,error,recoil-macro,spray,-2.765307719664655,0.9774,1
0.5,300,error,recoil-macro,spray,-5.052021931858481,0.9976,1
0.5,300,error,recoil-macro,spray,-inf,1,1
0.5,300,error,flick-aimbot,flick,inf,0,0
0.5,300,error,flick-aimbot,flick,2.216489203533503,0,1
0.5,300,error,flick-aimbot,flick,2.076690626929083,0.0002,1
0.5,300,error,flick-aimbot,flick,1.96614542564884,0.0004,1
0.5,300,error,flick-aimbot,flick,1.8416243540309882,0.0006,1
0.5,300,error,flick-aimbot,flick,1.7955707061107646,0.0008,1
0.5,300,error,flick-aimbot,flick,1.733323424737812,0.001,1
0.5,300,error,flick-aimbot,flick,1.3575475787611815,0.0012,1
0.5,300,error,flick-aimbot,flick,1.2488384651826887,0.0014,1
0.5,300,error,flick-aimbot,flick,1.2301362968667913,0.0016,1
0.5,300,error,flick-aimbot,flick,1.1865446635352792,0.0018,1
0.5,300,error,flick-aimbot,flick,1.1555054369519648,0.002,1
0.5,300,error,flick-aimbot,flick,1.1526273670378069,0.0022,1
0.5,300,error,flick-aimbot,flick,1.0389735055783103,0.0024,1
0.5,300,error,flick-aimbot,flick,1.0139977340229867,0.0026,1
0.5,300,error,flick-aimbot,flick,1.0097441934257516,0.0028,1
0.5,300,error,flick-aimbot,flick,0.847129269780046,0.003,1
0.5,300,error,flick-aimbot,flick,0.8271492595289083,0.0032,1
0.5,300,error,flick-aimbot,flick,0.7256488875964503,0.0034,1
0.5,300,error,flick-aimbot,flick,0.7191220630443523,0.0036,1
0.5,300,error,flick-aimbot,flick,0.71816977033756,0.0038,1
0.5,300,error,flick-aimbot,flick,0.7144135929607918,0.004,1
0.5,300,error,flick-aimbot,flick,0.6982848090890895,0.0042,1
0.5,300,error,flick-aimbot,flick,0.6883705938112232,0.0044,1
0.5,300,error,flick-aimbot,flick,0.6786457229940092,0.0046,1
0.5,300,error,flick-aimbot,flick,0.665165884600149,0.0048,1
0.5,300,error,flick-aimbot,flick,0.6209107926975652,0.005,1
0.5,300,error,flick-aimbot,flick,0.6121373451101995,0.0052,1
0.5,300,error,flick-aimbot,flick,0.606362205503559,0.0054,1
0.5,300,error,flick-aimbot,flick,0.5641901780257027,0.0056,1
0.5,300,error,flick-aimbot,flick,0.5311827888067057,0.0058,1
0.5,300,error,flick-aimbot,flick,0.5130922366022915,0.006,1
0.5,300,error,flick-aimbot,flick,0.5110528672812904,0.0062,1
0.5,300,error,flick-aimbot,flick,0.5090787288041166,0.0064,1
0.5,300,error,flick-aimbot,flick,0.5064300533794244,0.0066,1
0.5,300,error,flick-aimbot,flick,0.4819740360693652,0.0068,1
0.5,300,error,flick-aimbot,flick,0.46492752218944694,0.007,1
0.5,300,error,flick-aimbot,flick,0.4558752402785875,0.0072,1
0.5,300,error,flick-aimbot,flick,0.45187876158294904,0.0074,1
0.5,300,error,flick-aimbot,flick,0.44762815874401024,0.0076,1
0.5,300,error,flick-aimbot,flick,0.4333755092956036,0.0078,1
0.5,300,error,flick-aimbot,flick,0.41849643083150156,0.008,1
0.5,300,error,flick-aimbot,flick,0.40530553825697374,0.0082,1
0.5,300,error,flick-aimbot,flick,0.4052621881789162,0.0084,1
0.5,300,error,flick-aimbot,flick,0.3969202000600204,0.0086,1
0.5,300,error,flick-aimbot,flick,0.3942435730086432,0.0088,1
0.5,300,error,flick-aimbot,flick,0.391860308670616,0.009,1
0.5,300,error,flick-aimbot,flick,0.3911173074550291,0.0092,1
0.5,300,error,flick-aimbot,flick,0.38550612523314565,0.0094,1
0.5,300,error,flick-aimbot,flick,0.38185856714394006,0.0096,1
0.5,300,error,flick-aimbot,flick,0.3813178825751129,0.0098,1
0.5,300,error,flick-aimbot,flick,0.37359792178967094,0.01,1
0.5,300,error,flick-aimbot,flick,0.3704794770117399,0.0102,1
0.5,300,error,flick-aimbot,flick,0.08381960169573202,0.0302,1
0.5,300,error,flick-aimbot,flick,0.001367729845951106,0.0502,1
0.5,300,error,flick-aimbot,flick,-0.01025358702434506,0.0704,1
0.5,300,error,flick-aimbot,flick,-0.04424491533103705,0.0906,1
0.5,300,error,flick-aimbot,flick,-0.08383832366485107,0.1106,1
0.5,300,error,flick-aimbot,flick,-0.1498364141443409,0.1308,1
0.5,300,error,flick-aimbot,flick,-0.2164671022346148,0.151,1
0.5,300,error,flick-aimbot,flick,-0.29172701435579,0.171,1
0.5,300,error,flick-aimbot,flick,-0.3603446317828304,0.1912,1
0.5,300,error,flick-aimbot,flick,-0.43373354107520823,0.2114,1
0.5,300,error,flick-aimbot,flick,-0.5079379671162226,0.2316,1
0.5,300,error,flick-aimbot,flick,-0.5858304057566477,0.2518,1
0.5,300,error,flick-aimbot,flick,-0.6618484613997255,0.272,1
0.5,300,error,flick-aimbot,flick,-0.7385881966273906,0.2922,1
0.5,300,error,flick-aimbot,flick,-0.813461410701917,0.3124,1
0.5,300,error,flick-aimbot,flick,-0.8938740527054354,0.3326,1
0.5,300,error,flick-aimbot,flick,-0.9795225024337785,0.3526,1
0.5,300,error,flick-aimbot,flick,-1.0723918324833481,0.3728,1
0.5,300,error,flick-aimbot,flick,-1.1678056354308155,0.393,1
0.5,300,error,flick-aimbot,flick,-1.243672119430522,0.4132,1
0.5,300,error,flick-aimbot,flick,-1.354506103609035,0.4334,1
0.5,300,error,flick-aimbot,flick,-1.4572734613323521,0.4534,1
0.5,300,error,flick-aimbot,flick,-1.55442104444783,0.4736,1
0.5,300,error,flick-aimbot,flick,-1.6657185930420388,0.4938,1
0.5,300,error,flick-aimbot,flick,-1.7849368981662812,0.5138,1
0.5,300,error,flick-aimbot,flick,-1.8798204215113916,0.5338,1
0.5,300,error,flick-aimbot,flick,-2.0135560203988203,0.554,1
0.5,300,error,flick-aimbot,flick,-2.1341415954878125,0.5742,1
0.5,300,error,flick-aimbot,flick,-2.26011148903764,0.5944,1
0.5,300,error,flick-aimbot,flick,-2.3979869570674466,0.6146,1
0.5,300,error,flick-aimbot,flick,-2.5427550599842283,0.6346,1
0.5,300,error,flick-aimbot,flick,-2.684089092737793,0.6548,1
0.5,300,error,flick-aimbot,flick,-2.8318917077646644,0.675,1
0.5,300,error,flick-aimbot,flick,-2.970029683914431,0.6952,1
0.5,300,error,flick-aimbot,flick,-3.097238127767075,0.7154,1
0.5,300,error,flick-aimbot,flick,-3.2622437237891693,0.7354,1
0.5,300,error,flick-aimbot,flick,-3.438337364146153,0.7556,1
0.5,300,error,flick-aimbot,flick,-3.635491334714031,0.7758,1
0.5,300,error,flick-aimbot,flick,-3.8854139850749063,0.796,1
0.5,300,error,flick-aimbot,flick,-4.138471768537202,0.8162,1
0.5,300,error,flick-aimbot,flick,-4.362665484489393,0.8362,1
0.5,300,error,flick-aimbot,flick,-4.653523084444474,0.8564,1
0.5,300,error,flick-aimbot,flick,-4.990508056346993,0.8766,1
0.5,300,error,flick-aimbot,flick,-5.393384856943492,0.8968,1
0.5,300,error,flick-aimbot,flick,-5.8265506301706536,0.917,1
0.5,300,error,flick-aimbot,flick,-6.427510761254041,0.937,1
0.5,300,error,flick-aimbot,flick,-7.195281734726813,0.9572,1
0.5,300,error,flick-aimbot,flick,-8.365422534781588,0.9774,1
0.5,300,error,flick-aimbot,flick,-12.077620942206517,0.9976,1
0.5,300,error,flick-aimbot,flick,-inf,1,1
0.5,300,error,humanised-aimbot,flick,inf,0,0
0.5,300,error,humanised-aimbot,flick,2.216489203533503,0,0.996
0.5,300,error,humanised-aimbot,flick,2.076690626929083,0.0002,0.998
0.5,300,error,humanised-aimbot,flick,1.96614542564884,0.0004,0.998
0.5,300,error,humanised-aimbot,flick,1.8416243540309882,0.0006,0.998
0.5,300,error,humanised-aimbot,flick,1.7955707061107646,0.0008,0.998
0.5,300,error,humanised-aimbot,flick,1.733323424737812,0.001,0.998
0.5,300,error,humanised-aimbot,flick,1.3575475787611815,0.0012,1
0.5,300,error,humanised-aimbot,flick,1.2488384651826887,0.0014,1
0.5,300,error,humanised-aimbot,flick,1.2301362968667913,0.0016,1
0.5,300,error,humanised-aimbot,flick,1.1865446635352792,0.0018,1
0.5,300,error,humanised-aimbot,flick,1.1555054369519648,0.002,1
0.5,300,error,humanised-aimbot,flick,1.1526273670378069,0.0022,1
0.5,300,error,humanised-aimbot,flick,1.0389735055783103,0.0024,1
0.5,300,error,humanised-aimbot,flick,1.0139977340229867,0.0026,1
0.5,300,error,humanised-aimbot,flick,1.0097441934257516,0.0028,1
0.5,300,error,humanised-aimbot,flick,0.847129269780046,0.003,1
0.5,300,error,humanised-aimbot,flick,0.8271492595289083,0.0032,1
0.5,300,error,humanised-aimbot,flick,0.7256488875964503,0.0034,1
0.5,300,error,humanised-aimbot,flick,0.7191220630443523,0.0036,1
0.5,300,error,humanised-aimbot,flick,0.71816977033756,0.0038,1
0.5,300,error,humanised-aimbot,flick,0.7144135929607918,0.004,1
0.5,300,error,humanised-aimbot,flick,0.6982848090890895,0.0042,1
0.5,300,error,humanised-aimbot,flick,0.6883705938112232,0.0044,1
0.5,300,error,humanised-aimbot,flick,0.6786457229940092,0.0046,1
0.5,300,error,humanised-aimbot,flick,0.665165884600149,0.0048,1
0.5,300,error,humanised-aimbot,flick,0.6209107926975652,0.005,1
0.5,300,error,humanised-aimbot,flick,0.6121373451101995,0.0052,1
0.5,300,error,humanised-aimbot,flick,0.606362205503559,0.0054,1
0.5,300,error,humanised-aimbot,flick,0.5641901780257027,0.0056,1
0.5,300,error,humanised-aimbot,flick,0.5311827888067057,0.0058,1
0.5,300,error,humanised-aimbot,flick,0.5130922366022915,0.006,1
0.5,300,error,humanised-aimbot,flick,0.5110528672812904,0.0062,1
0.5,300,error,humanised-aimbot,flick,0.5090787288041166,0.0064,1
0.5,300,error,humanised-aimbot,flick,0.5064300533794244,0.0066,1
0.5,300,error,humanised-aimbot,flick,0.4819740360693652,0.0068,1
0.5,300,error,humanised-aimbot,flick,0.46492752218944694,0.007,1
0.5,300,error,humanised-aimbot,flick,0.4558752402785875,0.0072,1
0.5,300,error,humanised-aimbot,flick,0.45187876158294904,0.0074,1
0.5,300,error,humanised-aimbot,flick,0.44762815874401024,0.0076,1
0.5,300,error,humanised-aimbot,flick,0.4333755092956036,0.0078,1
0.5,300,error,humanised-aimbot,flick,0.41849643083150156,0.008,1
0.5,300,error,humanised-aimbot,flick,0.40530553825697374,0.0082,1
0.5,300,error,humanised-aimbot,flick,0.4052621881789162,0.0084,1
0.5,300,error,humanised-aimbot,flick,0.3969202000600204,0.0086,1
0.5,300,error,humanised-aimbot,flick,0.3942435730086432,0.0088,1
0.5,300,error,humanised-aimbot,flick,0.391860308670616,0.009,1
0.5,300,error,humanised-aimbot,flick,0.3911173074550291,0.0092,1
0.5,300,error,humanised-aimbot,flick,0.38550612523314565,0.0094,1
0.5,300,error,humanised-aimbot,flick,0.38185856714394006,0.0096,1
0.5,300,error,humanised-aimbot,flick,0.3813178825751129,0.0098,1
0.5,300,error,humanised-aimbot,flick,0.37359792178967094,0.01,1
0.5,300,error,humanised-aimbot,flick,0.3704794770117399,0.0102,1
0.5,300,error,humanised-aimbot,flick,0.08381960169573202,0.0302,1
0.5,300,error,humanised-aimbot,flick,0.001367729845951106,0.0502,1
0.5,300,error,humanised-aimbot,flick,-0.01025358702434506,0.0704,1
0.5,300,error,humanised-aimbot,flick,-0.04424491533103705,0.0906,1
0.5,300,error,humanised-aimbot,flick,-0.08383832366485107,0.1106,1
0.5,300,error,humanised-aimbot,flick,-0.1498364141443409,0.1308,1
0.5,300,error,humanised-aimbot,flick,-0.2164671022346148,0.151,1
0.5,300,error,humanised-aimbot,flick,-0.29172701435579,0.171,1
0.5,300,error,humanised-aimbot,flick,-0.3603446317828304,0.1912,1
0.5,300,error,humanised-aimbot,flick,-0.43373354107520823,0.2114,1
0.5,300,error,humanised-aimbot,flick,-0.5079379671162226,0.2316,1
0.5,300,error,humanised-aimbot,flick,-0.5858304057566477,0.2518,1
0.5,300,error,humanised-aimbot,flick,-0.6618484613997255,0.272,1
0.5,300,error,humanised-aimbot,flick,-0.7385881966273906,0.2922,1
0.5,300,error,humanised-aimbot,flick,-0.813461410701917,0.3124,1
0.5,300,error,humanised-aimbot,flick,-0.8938740527054354,0.3326,1
0.5,300,error,humanised-aimbot,flick,-0.9795225024337785,0.3526,1
0.5,300,error,humanised-aimbot,flick,-1.0723918324833481,0.3728,1
0.5,300,error,humanised-aimbot,flick,-1.1678056354308155,0.393,1
0.5,300,error,humanised-aimbot,flick,-1.243672119430522,0.4132,1
0.5,300,error,humanised-aimbot,flick,-1.354506103609035,0.4334,1
0.5,300,error,humanised-aimbot,flick,-1.4572734613323521,0.4534,1
0.5,300,error,humanised-aimbot,flick,-1.55442104444783,0.4736,1
0.5,300,error,humanised-aimbot,flick,-1.6657185930420388,0.4938,1
0.5,300,error,humanised-aimbot,flick,-1.7849368981662812,0.5138,1
0.5,300,error,humanised-aimbot,flick,-1.8798204215113916,0.5338,1
0.5,300,error,humanised-aimbot,flick,-2.0135560203988203,0.554,1
0.5,300,error,humanised-aimbot,flick,-2.1341415954878125,0.5742,1
0.5,300,error,humanised-aimbot,flick,-2.26011148903764,0.5944,1
0.5,300,error,humanised-aimbot,flick,-2.3979869570674466,0.6146,1
0.5,300,error,humanised-aimbot,flick,-2.5427550599842283,0.6346,1
0.5,300,error,humanised-aimbot,flick,-2.684089092737793,0.6548,1
0.5,300,error,humanised-aimbot,flick,-2.8318917077646644,0.675,1
0.5,300,error,humanised-aimbot,flick,-2.970029683914431,0.6952,1
0.5,300,error,humanised-aimbot,flick,-3.097238127767075,0.7154,1
0.5,300,error,humanised-aimbot,flick,-3.2622437237891693,0.7354,1
0.5,300,error,humanised-aimbot,flick,-3.438337364146153,0.7556,1
0.5,300,error,humanised-aimbot,flick,-3.635491334714031,0.7758,1
0.5,300,error,humanised-aimbot,flick,-3.8854139850749063,0.796,1
0.5,300,error,humanised-aimbot,flick,-4.138471768537202,0.8162,1
0.5,300,error,humanised-aimbot,flick,-4.362665484489393,0.8362,1
0.5,300,error,humanised-aimbot,flick,-4.653523084444474,0.8564,1
0.5,300,error,humanised-aimbot,flick,-4.990508056346993,0.8766,1
0.5,300,error,humanised-aimbot,flick,-5.393384856943492,0.8968,1
0.5,300,error,humanised-aimbot,flick,-5.8265506301706536,0.917,1
0.5,300,error,humanised-aimbot,flick,-6.427510761254041,0.937,1
0.5,300,error,humanised-aimbot,flick,-7.195281734726813,0.9572,1
0.5,300,error,humanised-aimbot,flick,-8.365422534781588,0.9774,1
0.5,300,error,humanised-aimbot,flick,-12.077620942206517,0.9976,1
0.5,300,error,humanised-aimbot,flick,-inf,1,1
0.5,300,error,adaptive-aimbot,flick,inf,0,0
0.5,300,error,adaptive-aimbot,flick,2.216489203533503,0,1
0.5,300,error,adaptive-aimbot,flick,2.076690626929083,0.0002,1
0.5,300,error,adaptive-aimbot,flick,1.96614542564884,0.0004,1
0.5,300,error,adaptive-aimbot,flick,1.8416243540309882,0.0006,1
0.5,300,error,adaptive-aimbot,flick,1.7955707061107646,0.0008,1
0.5,300,error,adaptive-aimbot,flick,1.733323424737812,0.001,1
0.5,300,error,adaptive-aimbot,flick,1.3575475787611815,0.0012,1
0.5,300,error,adaptive-aimbot,flick,1.2488384651826887,0.0014,1
0.5,300,error,adaptive-aimbot,flick,1.2301362968667913,0.0016,1
0.5,300,error,adaptive-aimbot,flick,1.1865446635352792,0.0018,1
0.5,300,error,adaptive-aimbot,flick,1.1555054369519648,0.002,1
0.5,300,error,adaptive-aimbot,flick,1.1526273670378069,0.0022,1
0.5,300,error,adaptive-aimbot,flick,1.0389735055783103,0.0024,1
0.5,300,error,adaptive-aimbot,flick,1.0139977340229867,0.0026,1
0.5,300,error,adaptive-aimbot,flick,1.0097441934257516,0.0028,1
0.5,300,error,adaptive-aimbot,flick,0.847129269780046,0.003,1
0.5,300,error,adaptive-aimbot,flick,0.8271492595289083,0.0032,1
0.5,300,error,adaptive-aimbot,flick,0.7256488875964503,0.0034,1
0.5,300,error,adaptive-aimbot,flick,0.7191220630443523,0.0036,1
0.5,300,error,adaptive-aimbot,flick,0.71816977033756,0.0038,1
0.5,300,error,adaptive-aimbot,flick,0.7144135929607918,0.004,1
0.5,300,error,adaptive-aimbot,flick,0.6982848090890895,0.0042,1
0.5,300,error,adaptive-aimbot,flick,0.6883705938112232,0.0044,1
0.5,300,error,adaptive-aimbot,flick,0.6786457229940092,0.0046,1
0.5,300,error,adaptive-aimbot,flick,0.665165884600149,0.0048,1
0.5,300,error,adaptive-aimbot,flick,0.6209107926975652,0.005,1
0.5,300,error,adaptive-aimbot,flick,0.6121373451101995,0.0052,1
0.5,300,error,adaptive-aimbot,flick,0.606362205503559,0.0054,1
0.5,300,error,adaptive-aimbot,flick,0.5641901780257027,0.0056,1
0.5,300,error,adaptive-aimbot,flick,0.5311827888067057,0.0058,1
0.5,300,error,adaptive-aimbot,flick,0.5130922366022915,0.006,1
0.5,300,error,adaptive-aimbot,flick,0.5110528672812904,0.0062,1
0.5,300,error,adaptive-aimbot,flick,0.5090787288041166,0.0064,1
0.5,300,error,adaptive-aimbot,flick,0.5064300533794244,0.0066,1
0.5,300,error,adaptive-aimbot,flick,0.4819740360693652,0.0068,1
0.5,300,error,adaptive-aimbot,flick,0.46492752218944694,0.007,1
0.5,300,error,adaptive-aimbot,flick,0.4558752402785875,0.0072,1
0.5,300,error,adaptive-aimbot,flick,0.45187876158294904,0.0074,1
0.5,300,error,adaptive-aimbot,flick,0.44762815874401024,0.0076,1
0.5,300,error,adaptive-aimbot,flick,0.4333755092956036,0.0078,1
0.5,300,error,adaptive-aimbot,flick,0.41849643083150156,0.008,1
0.5,300,error,adaptive-aimbot,flick,0.40530553825697374,0.0082,1
0.5,300,error,adaptive-aimbot,flick,0.4052621881789162,0.0084,1
0.5,300,error,adaptive-aimbot,flick,0.3969202000600204,0.0086,1
0.5,300,error,adaptive-aimbot,flick,0.3942435730086432,0.0088,1
0.5,300,error,adaptive-aimbot,flick,0.391860308670616,0.009,1
0.5,300,error,adaptive-aimbot,flick,0.3911173074550291,0.0092,1
0.5,300,error,adaptive-aimbot,flick,0.38550612523314565,0.0094,1
0.5,300,error,adaptive-aimbot,flick,0.38185856714394006,0.0096,1
0.5,300,error,adaptive-aimbot,flick,0.3813178825751129,0.0098,1
0.5,300,error,adaptive-aimbot,flick,0.37359792178967094,0.01,1
0.5,300,error,adaptive-aimbot,flick,0.3704794770117399,0.0102,1
0.5,300,error,adaptive-aimbot,flick,0.08381960169573202,0.0302,1
0.5,300,error,adaptive-aimbot,flick,0.001367729845951106,0.0502,1
0.5,300,error,adaptive-aimbot,flick,-0.01025358702434506,0.0704,1
0.5,300,error,adaptive-aimbot,flick,-0.04424491533103705,0.0906,1
0.5,300,error,adaptive-aimbot,flick,-0.08383832366485107,0.1106,1
0.5,300,error,adaptive-aimbot,flick,-0.1498364141443409,0.1308,1
0.5,300,error,adaptive-aimbot,flick,-0.2164671022346148,0.151,1
0.5,300,error,adaptive-aimbot,flick,-0.29172701435579,0.171,1
0.5,300,error,adaptive-aimbot,flick,-0.3603446317828304,0.1912,1
0.5,300,error,adaptive-aimbot,flick,-0.43373354107520823,0.2114,1
0.5,300,error,adaptive-aimbot,flick,-0.5079379671162226,0.2316,1
0.5,300,error,adaptive-aimbot,flick,-0.5858304057566477,0.2518,1
0.5,300,error,adaptive-aimbot,flick,-0.6618484613997255,0.272,1
0.5,300,error,adaptive-aimbot,flick,-0.7385881966273906,0.2922,1
0.5,300,error,adaptive-aimbot,flick,-0.813461410701917,0.3124,1
0.5,300,error,adaptive-aimbot,flick,-0.8938740527054354,0.3326,1
0.5,300,error,adaptive-aimbot,flick,-0.9795225024337785,0.3526,1
0.5,300,error,adaptive-aimbot,flick,-1.0723918324833481,0.3728,1
0.5,300,error,adaptive-aimbot,flick,-1.1678056354308155,0.393,1
0.5,300,error,adaptive-aimbot,flick,-1.243672119430522,0.4132,1
0.5,300,error,adaptive-aimbot,flick,-1.354506103609035,0.4334,1
0.5,300,error,adaptive-aimbot,flick,-1.4572734613323521,0.4534,1
0.5,300,error,adaptive-aimbot,flick,-1.55442104444783,0.4736,1
0.5,300,error,adaptive-aimbot,flick,-1.6657185930420388,0.4938,1
0.5,300,error,adaptive-aimbot,flick,-1.7849368981662812,0.5138,1
0.5,300,error,adaptive-aimbot,flick,-1.8798204215113916,0.5338,1
0.5,300,error,adaptive-aimbot,flick,-2.0135560203988203,0.554,1
0.5,300,error,adaptive-aimbot,flick,-2.1341415954878125,0.5742,1
0.5,300,error,adaptive-aimbot,flick,-2.26011148903764,0.5944,1
0.5,300,error,adaptive-aimbot,flick,-2.3979869570674466,0.6146,1
0.5,300,error,adaptive-aimbot,flick,-2.5427550599842283,0.6346,1
0.5,300,error,adaptive-aimbot,flick,-2.684089092737793,0.6548,1
0.5,300,error,adaptive-aimbot,flick,-2.8318917077646644,0.675,1
0.5,300,error,adaptive-aimbot,flick,-2.970029683914431,0.6952,1
0.5,300,error,adaptive-aimbot,flick,-3.097238127767075,0.7154,1
0.5,300,error,adaptive-aimbot,flick,-3.2622437237891693,0.7354,1
0.5,300,error,adaptive-aimbot,flick,-3.438337364146153,0.7556,1
0.5,300,error,adaptive-aimbot,flick,-3.635491334714031,0.7758,1
0.5,300,error,adaptive-aimbot,flick,-3.8854139850749063,0.796,1
0.5,300,error,adaptive-aimbot,flick,-4.138471768537202,0.8162,1
0.5,300,error,adaptive-aimbot,flick,-4.362665484489393,0.8362,1
0.5,300,error,adaptive-aimbot,flick,-4.653523084444474,0.8564,1
0.5,300,error,adaptive-aimbot,flick,-4.990508056346993,0.8766,1
0.5,300,error,adaptive-aimbot,flick,-5.393384856943492,0.8968,1
0.5,300,error,adaptive-aimbot,flick,-5.8265506301706536,0.917,1
0.5,300,error,adaptive-aimbot,flick,-6.427510761254041,0.937,1
0.5,300,error,adaptive-aimbot,flick,-7.195281734726813,0.9572,1
0.5,300,error,adaptive-aimbot,flick,-8.365422534781588,0.9774,1
0.5,300,error,adaptive-aimbot,flick,-12.077620942206517,0.9976,1
0.5,300,error,adaptive-aimbot,flick,-inf,1,1
0.5,300,error,smoothing-aimbot,flick,inf,0,0
0.5,300,error,smoothing-aimbot,flick,2.216489203533503,0,0.002
0.5,300,error,smoothing-aimbot,flick,2.076690626929083,0.0002,0.002
0.5,300,error,smoothing-aimbot,flick,1.96614542564884,0.0004,0.002
0.5,300,error,smoothing-aimbot,flick,1.8416243540309882,0.0006,0.002
0.5,300,error,smoothing-aimbot,flick,1.7955707061107646,0.0008,0.002
0.5,300,error,smoothing-aimbot,flick,1.733323424737812,0.001,0.002
0.5,300,error,smoothing-aimbot,flick,1.3575475787611815,0.0012,0.002
0.5,300,error,smoothing-aimbot,flick,1.2488384651826887,0.0014,0.002
0.5,300,error,smoothing-aimbot,flick,1.2301362968667913,0.0016,0.002
0.5,300,error,smoothing-aimbot,flick,1.1865446635352792,0.0018,0.002
0.5,300,error,smoothing-aimbot,flick,1.1555054369519648,0.002,0.002
0.5,300,error,smoothing-aimbot,flick,1.1526273670378069,0.0022,0.002
0.5,300,error,smoothing-aimbot,flick,1.0389735055783103,0.0024,0.002
0.5,300,error,smoothing-aimbot,flick,1.0139977340229867,0.0026,0.002
0.5,300,error,smoothing-aimbot,flick,1.0097441934257516,0.0028,0.002
0.5,300,error,smoothing-aimbot,flick,0.847129269780046,0.003,0.002
0.5,300,error,smoothing-aimbot,flick,0.8271492595289083,0.0032,0.002
0.5,300,error,smoothing-aimbot,flick,0.7256488875964503,0.0034,0.002
0.5,300,error,smoothing-aimbot,flick,0.7191220630443523,0.0036,0.002
0.5,300,error,smoothing-aimbot,flick,0.71816977033756,0.0038,0.002
0.5,300,error,smoothing-aimbot,flick,0.7144135929607918,0.004,0.002
0.5,300,error,smoothing-aimbot,flick,0.6982848090890895,0.0042,0.002
0.5,300,error,smoothing-aimbot,flick,0.6883705938112232,0.0044,0.002
0.5,300,error,smoothing-aimbot,flick,0.6786457229940092,0.0046,0.002
0.5,300,error,smoothing-aimbot,flick,0.665165884600149,0.0048,0.004
0.5,300,error,smoothing-aimbot,flick,0.6209107926975652,0.005,0.004
0.5,300,error,smoothing-aimbot,flick,0.6121373451101995,0.0052,0.004
0.5,300,error,smoothing-aimbot,flick,0.606362205503559,0.0054,0.004
0.5,300,error,smoothing-aimbot,flick,0.5641901780257027,0.0056,0.004
0.5,300,error,smoothing-aimbot,flick,0.5311827888067057,0.0058,0.004
0.5,300,error,smoothing-aimbot,flick,0.5130922366022915,0.006,0.004
0.5,300,error,smoothing-aimbot,flick,0.5110528672812904,0.0062,0.004
0.5,300,error,smoothing-aimbot,flick,0.5090787288041166,0.0064,0.004
0.5,300,error,smoothing-aimbot,flick,0.5064300533794244,0.0066,0.004
0.5,300,error,smoothing-aimbot,flick,0.4819740360693652,0.0068,0.004
0.5,300,error,smoothing-aimbot,flick,0.46492752218944694,0.007,0.004
0.5,300,error,smoothing-aimbot,flick,0.4558752402785875,0.0072,0.004
0.5,300,error,smoothing-aimbot,flick,0.45187876158294904,0.0074,0.004
0.5,300,error,smoothing-aimbot,flick,0.44762815874401024,0.0076,0.004
0.5,300,error,smoothing-aimbot,flick,0.4333755092956036,0.0078,0.004
0.5,300,error,smoothing-aimbot,flick,0.41849643083150156,0.008,0.004
0.5,300,error,smoothing-aimbot,flick,0.40530553825697374,0.0082,0.004
0.5,300,error,smoothing-aimbot,flick,0.4052621881789162,0.0084,0.004
0.5,300,error,smoothing-aimbot,flick,0.3969202000600204,0.0086,0.004
0.5,300,error,smoothing-aimbot,flick,0.3942435730086432,0.0088,0.004
0.5,300,error,smoothing-aimbot,flick,0.391860308670616,0.009,0.004
0.5,300,error,smoothing-aimbot,flick,0.3911173074550291,0.0092,0.004
0.5,300,error,smoothing-aimbot,flick,0.38550612523314565,0.0094,0.004
0.5,300,error,smoothing-aimbot,flick,0.38185856714394006,0.0096,0.004
0.5,300,error,smoothing-aimbot,flick,0.3813178825751129,0.0098,0.004
0.5,300,error,smoothing-aimbot,flick,0.37359792178967094,0.01,0.004
0.5,300,error,smoothing-aimbot,flick,0.3704794770117399,0.0102,0.004
0.5,300,error,smoothing-aimbot,flick,0.08381960169573202,0.0302,0.014
0.5,300,error,smoothing-aimbot,flick,0.001367729845951106,0.0502,0.026
0.5,300,error,smoothing-aimbot,flick,-0.01025358702434506,0.0704,0.032
0.5,300,error,smoothing-aimbot,flick,-0.04424491533103705,0.0906,0.036
0.5,300,error,smoothing-aimbot,flick,-0.08383832366485107,0.1106,0.036
0.5,300,error,smoothing-aimbot,flick,-0.1498364141443409,0.1308,0.046
0.5,300,error,smoothing-aimbot,flick,-0.2164671022346148,0.151,0.046
0.5,300,error,smoothing-aimbot,flick,-0.29172701435579,0.171,0.052
0.5,300,error,smoothing-aimbot,flick,-0.3603446317828304,0.1912,0.056
0.5,300,error,smoothing-aimbot,flick,-0.43373354107520823,0.2114,0.058
0.5,300,error,smoothing-aimbot,flick,-0.5079379671162226,0.2316,0.062
0.5,300,error,smoothing-aimbot,flick,-0.5858304057566477,0.2518,0.062
0.5,300,error,smoothing-aimbot,flick,-0.6618484613997255,0.272,0.068
0.5,300,error,smoothing-aimbot,flick,-0.7385881966273906,0.2922,0.07
0.5,300,error,smoothing-aimbot,flick,-0.813461410701917,0.3124,0.07
0.5,300,error,smoothing-aimbot,flick,-0.8938740527054354,0.3326,0.074
0.5,300,error,smoothing-aimbot,flick,-0.9795225024337785,0.3526,0.074
0.5,300,error,smoothing-aimbot,flick,-1.0723918324833481,0.3728,0.076
0.5,300,error,smoothing-aimbot,flick,-1.1678056354308155,0.393,0.08
0.5,300,error,smoothing-aimbot,flick,-1.243672119430522,0.4132,0.088
0.5,300,error,smoothing-aimbot,flick,-1.354506103609035,0.4334,0.09
0.5,300,error,smoothing-aimbot,flick,-1.4572734613323521,0.4534,0.098
0.5,300,error,smoothing-aimbot,flick,-1.55442104444783,0.4736,0.102
0.5,300,error,smoothing-aimbot,flick,-1.6657185930420388,0.4938,0.104
0.5,300,error,smoothing-aimbot,flick,-1.7849368981662812,0.5138,0.106
0.5,300,error,smoothing-aimbot,flick,-1.8798204215113916,0.5338,0.11
0.5,300,error,smoothing-aimbot,flick,-2.0135560203988203,0.554,0.114
0.5,300,error,smoothing-aimbot,flick,-2.1341415954878125,0.5742,0.12
0.5,300,error,smoothing-aimbot,flick,-2.26011148903764,0.5944,0.124
0.5,300,error,smoothing-aimbot,flick,-2.3979869570674466,0.6146,0.13
0.5,300,error,smoothing-aimbot,flick,-2.5427550599842283,0.6346,0.136
0.5,300,error,smoothing-aimbot,flick,-2.684089092737793,0.6548,0.144
0.5,300,error,smoothing-aimbot,flick,-2.8318917077646644,0.675,0.156
0.5,300,error,smoothing-aimbot,flick,-2.970029683914431,0.6952,0.158
0.5,300,error,smoothing-aimbot,flick,-3.097238127767075,0.7154,0.164
0.5,300,error,smoothing-aimbot,flick,-3.2622437237891693,0.7354,0.17
0.5,300,error,smoothing-aimbot,flick,-3.438337364146153,0.7556,0.178
0.5,300,error,smoothing-aimbot,flick,-3.635491334714031,0.7758,0.184
0.5,300,error,smoothing-aimbot,flick,-3.8854139850749063,0.796,0.192
0.5,300,error,smoothing-aimbot,flick,-4.138471768537202,0.8162,0.198
0.5,300,error,smoothing-aimbot,flick,-4.362665484489393,0.8362,0.208
0.5,300,error,smoothing-aimbot,flick,-4.653523084444474,0.8564,0.22
0.5,300,error,smoothing-aimbot,flick,-4.990508056346993,0.8766,0.232
0.5,300,error,smoothing-aimbot,flick,-5.393384856943492,0.8968,0.25
0.5,300,error,smoothing-aimbot,flick,-5.8265506301706536,0.917,0.274
0.5,300,error,smoothing-aimbot,flick,-6.427510761254041,0.937,0.29
0.5,300,error,smoothing-aimbot,flick,-7.195281734726813,0.9572,0.314
0.5,300,error,smoothing-aimbot,flick,-8.365422534781588,0.9774,0.344
0.5,300,error,smoothing-aimbot,flick,-12.077620942206517,0.9976,0.454
0.5,300,error,smoothing-aimbot,flick,-inf,1,1
0.5,300,steps,smoothing-aimbot,flick,inf,0,0
0.5,300,steps,smoothing-aimbot,flick,0.8685490920166434,0,1
0.5,300,steps,smoothing-aimbot,flick,0.6352031989598115,0.0002,1
0.5,300,steps,smoothing-aimbot,flick,0.5741526802537058,0.0004,1
0.5,300,steps,smoothing-aimbot,flick,0.5269930152751692,0.0006,1
0.5,300,steps,smoothing-aimbot,flick,0.47227017791575227,0.0008,1
0.5,300,steps,smoothing-aimbot,flick,0.46746522813253255,0.001,1
0.5,300,steps,smoothing-aimbot,flick,0.4618243555057089,0.0012,1
0.5,300,steps,smoothing-aimbot,flick,0.4373755906754013,0.0014,1
0.5,300,steps,smoothing-aimbot,flick,0.4272150491272034,0.0016,1
0.5,300,steps,smoothing-aimbot,flick,0.42322354615718094,0.0018,1
0.5,300,steps,smoothing-aimbot,flick,0.4216670027308304,0.002,1
0.5,300,steps,smoothing-aimbot,flick,0.41275101649774565,0.0022,1
0.5,300,steps,smoothing-aimbot,flick,0.41084378075158323,0.0024,1
0.5,300,steps,smoothing-aimbot,flick,0.4031393296424059,0.0026,1
0.5,300,steps,smoothing-aimbot,flick,0.3562604041377548,0.0028,1
0.5,300,steps,smoothing-aimbot,flick,0.33988895354144866,0.003,1
0.5,300,steps,smoothing-aimbot,flick,0.3317907822511622,0.0032,1
0.5,300,steps,smoothing-aimbot,flick,0.3305577768666273,0.0034,1
0.5,300,steps,smoothing-aimbot,flick,0.312523037452502,0.0036,1
0.5,300,steps,smoothing-aimbot,flick,0.3115994104716511,0.0038,1
0.5,300,steps,smoothing-aimbot,flick,0.3060271009330994,0.004,1
0.5,300,steps,smoothing-aimbot,flick,0.30599117196953585,0.0042,1
0.5,300,steps,smoothing-aimbot,flick,0.2890979393653402,0.0044,1
0.5,300,steps,smoothing-aimbot,flick,0.2867900681702671,0.0046,1
0.5,300,steps,smoothing-aimbot,flick,0.2846999763462428,0.0048,1
0.5,300,steps,smoothing-aimbot,flick,0.27749109598180005,0.005,1
0.5,300,steps,smoothing-aimbot,flick,0.2715064689046603,0.0052,1
0.5,300,steps,smoothing-aimbot,flick,0.2631901408742746,0.0054,1
0.5,300,steps,smoothing-aimbot,flick,0.25879920573303417,0.0056,1
0.5,300,steps,smoothing-aimbot,flick,0.25683582828025053,0.0058,1
0.5,300,steps,smoothing-aimbot,flick,0.24377067281884834,0.006,1
0.5,300,steps,smoothing-aimbot,flick,0.24263011258550557,0.0062,1
0.5,300,steps,smoothing-aimbot,flick,0.24097911458465102,0.0064,1
0.5,300,steps,smoothing-aimbot,flick,0.23977015111435954,0.0066,1
0.5,300,steps,smoothing-aimbot,flick,0.23941566994838168,0.0068,1
0.5,300,steps,smoothing-aimbot,flick,0.23584790541560766,0.007,1
0.5,300,steps,smoothing-aimbot,flick,0.23583670276662083,0.0072,1
0.5,300,steps,smoothing-aimbot,flick,0.23529261224098055,0.0074,1
0.5,300,steps,smoothing-aimbot,flick,0.23447554339158194,0.0076,1
0.5,300,steps,smoothing-aimbot,flick,0.23233885307483157,0.0078,1
0.5,300,steps,smoothing-aimbot,flick,0.23041816930255857,0.008,1
0.5,300,steps,smoothing-aimbot,flick,0.22237089762271034,0.0082,1
0.5,300,steps,smoothing-aimbot,flick,0.2209466181401806,0.0084,1
0.5,300,steps,smoothing-aimbot,flick,0.21831711025245798,0.0086,1
0.5,300,steps,smoothing-aimbot,flick,0.21491667651219573,0.0088,1
0.5,300,steps,smoothing-aimbot,flick,0.21257759084013694,0.009,1
0.5,300,steps,smoothing-aimbot,flick,0.21121705894446702,0.0092,1
0.5,300,steps,smoothing-aimbot,flick,0.21102447602000618,0.0094,1
0.5,300,steps,smoothing-aimbot,flick,0.2090602610728108,0.0096,1
0.5,300,steps,smoothing-aimbot,flick,0.20744030783678902,0.0098,1
0.5,300,steps,smoothing-aimbot,flick,0.20455007852525597,0.01,1
0.5,300,steps,smoothing-aimbot,flick,0.20306427110288133,0.0102,1
0.5,300,steps,smoothing-aimbot,flick,0.11901293856512778,0.0302,1
0.5,300,steps,smoothing-aimbot,flick,0.08502789728664732,0.0502,1
0.5,300,steps,smoothing-aimbot,flick,0.061350177506983204,0.0704,1
0.5,300,steps,smoothing-aimbot,flick,0.04689193612900935,0.0906,1
0.5,300,steps,smoothing-aimbot,flick,0.03510354420457798,0.1106,1
0.5,300,steps,smoothing-aimbot,flick,0.025619009320014697,0.1308,1
0.5,300,steps,smoothing-aimbot,flick,0.018415678499553865,0.151,1
0.5,300,steps,smoothing-aimbot,flick,0.013298879236038627,0.171,1
0.5,300,steps,smoothing-aimbot,flick,0.009327418325472209,0.1912,1
0.5,300,steps,smoothing-aimbot,flick,0.005659161160691571,0.2114,1
0.5,300,steps,smoothing-aimbot,flick,0.0031953203706607133,0.2316,1
0.5,300,steps,smoothing-aimbot,flick,0.0012986185919282185,0.2518,1
0.5,300,steps,smoothing-aimbot,flick,0.00025182324380607654,0.272,1
0.5,300,steps,smoothing-aimbot,flick,-0.0000004321637442137711,0.701,1
0.5,300,steps,smoothing-aimbot,flick,-0.00042868866271400925,0.721,1
0.5,300,steps,smoothing-aimbot,flick,-0.00133778937971788,0.741,1
0.5,300,steps,smoothing-aimbot,flick,-0.0027793131727277677,0.761,1
0.5,300,steps,smoothing-aimbot,flick,-0.0049507598350332065,0.781,1
0.5,300,steps,smoothing-aimbot,flick,-0.007442651520423652,0.801,1
0.5,300,steps,smoothing-aimbot,flick,-0.011413264034134219,0.8212,1
0.5,300,steps,smoothing-aimbot,flick,-0.016028833978582627,0.8414,1
0.5,300,steps,smoothing-aimbot,flick,-0.022142692851297566,0.8614,1
0.5,300,steps,smoothing-aimbot,flick,-0.03044685062787246,0.8816,1
0.5,300,steps,smoothing-aimbot,flick,-0.03930906620991446,0.9018,1
0.5,300,steps,smoothing-aimbot,flick,-0.051060687996328104,0.922,1
0.5,300,steps,smoothing-aimbot,flick,-0.07160929087689744,0.9422,1
0.5,300,steps,smoothing-aimbot,flick,-0.10504376090060652,0.9622,1
0.5,300,steps,smoothing-aimbot,flick,-0.16834387123510203,0.9824,1
0.5,300,steps,smoothing-aimbot,flick,-inf,1,1
0.5,300,error,fast-adaptive-aimbot,flick,inf,0,0
0.5,300,error,fast-adaptive-aimbot,flick,2.216489203533503,0,1
0.5,300,error,fast-adaptive-aimbot,flick,2.076690626929083,0.0002,1
0.5,300,error,fast-adaptive-aimbot,flick,1.96614542564884,0.0004,1
0.5,300,error,fast-adaptive-aimbot,flick,1.8416243540309882,0.0006,1
0.5,300,error,fast-adaptive-aimbot,flick,1.7955707061107646,0.0008,1
0.5,300,error,fast-adaptive-aimbot,flick,1.733323424737812,0.001,1
0.5,300,error,fast-adaptive-aimbot,flick,1.3575475787611815,0.0012,1
0.5,300,error,fast-adaptive-aimbot,flick,1.2488384651826887,0.0014,1
0.5,300,error,fast-adaptive-aimbot,flick,1.2301362968667913,0.0016,1
0.5,300,error,fast-adaptive-aimbot,flick,1.1865446635352792,0.0018,1
0.5,300,error,fast-adaptive-aimbot,flick,1.1555054369519648,0.002,1
0.5,300,error,fast-adaptive-aimbot,flick,1.1526273670378069,0.0022,1
0.5,300,error,fast-adaptive-aimbot,flick,1.0389735055783103,0.0024,1
0.5,300,error,fast-adaptive-aimbot,flick,1.0139977340229867,0.0026,1
0.5,300,error,fast-adaptive-aimbot,flick,1.0097441934257516,0.0028,1
0.5,300,error,fast-adaptive-aimbot,flick,0.847129269780046,0.003,1
0.5,300,error,fast-adaptive-aimbot,flick,0.8271492595289083,0.0032,1
0.5,300,error,fast-adaptive-aimbot,flick,0.7256488875964503,0.0034,1
0.5,300,error,fast-adaptive-aimbot,flick,0.7191220630443523,0.0036,1
0.5,300,error,fast-adaptive-aimbot,flick,0.71816977033756,0.0038,1
0.5,300,error,fast-adaptive-aimbot,flick,0.7144135929607918,0.004,1
0.5,300,error,fast-adaptive-aimbot,flick,0.6982848090890895,0.0042,1
0.5,300,error,fast-adaptive-aimbot,flick,0.6883705938112232,0.0044,1
0.5,300,error,fast-adaptive-aimbot,flick,0.6786457229940092,0.0046,1
0.5,300,error,fast-adaptive-aimbot,flick,0.665165884600149,0.0048,1
0.5,300,error,fast-adaptive-aimbot,flick,0.6209107926975652,0.005,1
0.5,300,error,fast-adaptive-aimbot,flick,0.6121373451101995,0.0052,1
0.5,300,error,fast-adaptive-aimbot,flick,0.606362205503559,0.0054,1
0.5,300,error,fast-adaptive-aimbot,flick,0.5641901780257027,0.0056,1
0.5,300,error,fast-adaptive-aimbot,flick,0.5311827888067057,0.0058,1
0.5,300,error,fast-adaptive-aimbot,flick,0.5130922366022915,0.006,1
0.5,300,error,fast-adaptive-aimbot,flick,0.5110528672812904,0.0062,1
0.5,300,error,fast-adaptive-aimbot,flick,0.5090787288041166,0.0064,1
0.5,300,error,fast-adaptive-aimbot,flick,0.5064300533794244,0.0066,1
0.5,300,error,fast-adaptive-aimbot,flick,0.4819740360693652,0.0068,1
0.5,300,error,fast-adaptive-aimbot,flick,0.46492752218944694,0.007,1
0.5,300,error,fast-adaptive-aimbot,flick,0.4558752402785875,0.0072,1
0.5,300,error,fast-adaptive-aimbot,flick,0.45187876158294904,0.0074,1
0.5,300,error,fast-adaptive-aimbot,flick,0.44762815874401024,0.0076,1
0.5,300,error,fast-adaptive-aimbot,flick,0.4333755092956036,0.0078,1
0.5,300,error,fast-adaptive-aimbot,flick,0.41849643083150156,0.008,1
0.5,300,error,fast-adaptive-aimbot,flick,0.40530553825697374,0.0082,1
0.5,300,error,fast-adaptive-aimbot,flick,0.4052621881789162,0.0084,1
0.5,300,error,fast-adaptive-aimbot,flick,0.3969202000600204,0.0086,1
0.5,300,error,fast-adaptive-aimbot,flick,0.3942435730086432,0.0088,1
0.5,300,error,fast-adaptive-aimbot,flick,0.391860308670616,0.009,1
0.5,300,error,fast-adaptive-aimbot,flick,0.3911173074550291,0.0092,1
0.5,300,error,fast-adaptive-aimbot,flick,0.38550612523314565,0.0094,1
0.5,300,error,fast-adaptive-aimbot,flick,0.38185856714394006,0.0096,1
0.5,300,error,fast-adaptive-aimbot,flick,0.3813178825751129,0.0098,1
0.5,300,error,fast-adaptive-aimbot,flick,0.37359792178967094,0.01,1
0.5,300,error,fast-adaptive-aimbot,flick,0.3704794770117399,0.0102,1
0.5,300,error,fast-adaptive-aimbot,flick,0.08381960169573202,0.0302,1
0.5,300,error,fast-adaptive-aimbot,flick,0.001367729845951106,0.0502,1
0.5,300,error,fast-adaptive-aimbot,flick,-0.01025358702434506,0.0704,1
0.5,300,error,fast-adaptive-aimbot,flick,-0.04424491533103705,0.0906,1
0.5,300,error,fast-adaptive-aimbot,flick,-0.08383832366485107,0.1106,1
0.5,300,error,fast-adaptive-aimbot,flick,-0.1498364141443409,0.1308,1
0.5,300,error,fast-adaptive-aimbot,flick,-0.2164671022346148,0.151,1
0.5,300,error,fast-adaptive-aimbot,flick,-0.29172701435579,0.171,1
0.5,300,error,fast-adaptive-aimbot,flick,-0.3603446317828304,0.1912,1
0.5,300,error,fast-adaptive-aimbot,flick,-0.43373354107520823,0.2114,1
0.5,300,error,fast-adaptive-aimbot,flick,-0.5079379671162226,0.2316,1
0.5,300,error,fast-adaptive-aimbot,flick,-0.5858304057566477,0.2518,1
0.5,300,error,fast-adaptive-aimbot,flick,-0.6618484613997255,0.272,1
0.5,300,error,fast-adaptive-aimbot,flick,-0.7385881966273906,0.2922,1
0.5,300,error,fast-adaptive-aimbot,flick,-0.813461410701917,0.3124,1
0.5,300,error,fast-adaptive-aimbot,flick,-0.8938740527054354,0.3326,1
0.5,300,error,fast-adaptive-aimbot,flick,-0.9795225024337785,0.3526,1
0.5,300,error,fast-adaptive-aimbot,flick,-1.0723918324833481,0.3728,1
0.5,300,error,fast-adaptive-aimbot,flick,-1.1678056354308155,0.393,1
0.5,300,error,fast-adaptive-aimbot,flick,-1.243672119430522,0.4132,1
0.5,300,error,fast-adaptive-aimbot,flick,-1.354506103609035,0.4334,1
0.5,300,error,fast-adaptive-aimbot,flick,-1.4572734613323521,0.4534,1
0.5,300,error,fast-adaptive-aimbot,flick,-1.55442104444783,0.4736,1
0.5,300,error,fast-adaptive-aimbot,flick,-1.6657185930420388,0.4938,1
0.5,300,error,fast-adaptive-aimbot,flick,-1.7849368981662812,0.5138,1
0.5,300,error,fast-adaptive-aimbot,flick,-1.8798204215113916,0.5338,1
0.5,300,error,fast-adaptive-aimbot,flick,-2.0135560203988203,0.554,1
0.5,300,error,fast-adaptive-aimbot,flick,-2.1341415954878125,0.5742,1
0.5,300,error,fast-adaptive-aimbot,flick,-2.26011148903764,0.5944,1
0.5,300,error,fast-adaptive-aimbot,flick,-2.3979869570674466,0.6146,1
0.5,300,error,fast-adaptive-aimbot,flick,-2.5427550599842283,0.6346,1
0.5,300,error,fast-adaptive-aimbot,flick,-2.684089092737793,0.6548,1
0.5,300,error,fast-adaptive-aimbot,flick,-2.8318917077646644,0.675,1
0.5,300,error,fast-adaptive-aimbot,flick,-2.970029683914431,0.6952,1
0.5,300,error,fast-adaptive-aimbot,flick,-3.097238127767075,0.7154,1
0.5,300,error,fast-adaptive-aimbot,flick,-3.2622437237891693,0.7354,1
0.5,300,error,fast-adaptive-aimbot,flick,-3.438337364146153,0.7556,1
0.5,300,error,fast-adaptive-aimbot,flick,-3.635491334714031,0.7758,1
0.5,300,error,fast-adaptive-aimbot,flick,-3.8854139850749063,0.796,1
0.5,300,error,fast-adaptive-aimbot,flick,-4.138471768537202,0.8162,1
0.5,300,error,fast-adaptive-aimbot,flick,-4.362665484489393,0.8362,1
0.5,300,error,fast-adaptive-aimbot,flick,-4.653523084444474,0.8564,1
0.5,300,error,fast-adaptive-aimbot,flick,-4.990508056346993,0.8766,1
0.5,300,error,fast-adaptive-aimbot,flick,-5.393384856943492,0.8968,1
0.5,300,error,fast-adaptive-aimbot,flick,-5.8265506301706536,0.917,1
0.5,300,error,fast-adaptive-aimbot,flick,-6.427510761254041,0.937,1
0.5,300,error,fast-adaptive-aimbot,flick,-7.195281734726813,0.9572,1
0.5,300,error,fast-adaptive-aimbot,flick,-8.365422534781588,0.9774,1
0.5,300,error,fast-adaptive-aimbot,flick,-12.077620942206517,0.9976,1
0.5,300,error,fast-adaptive-aimbot,flick,-inf,1,1
0.5,900,error,recoil-macro,spray,inf,0,0
0.5,900,error,recoil-macro,spray,3.4096456409573443,0,0.57
0.5,900,error,recoil-macro,spray,3.398903635820678,0.0002,0.57
0.5,900,error,recoil-macro,spray,2.7167739450279176,0.0004,0.652
0.5,900,error,recoil-macro,spray,2.534159234674602,0.0006,0.668
0.5,900,error,recoil-macro,spray,2.360729293429434,0.0008,0.692
0.5,900,error,recoil-macro,spray,2.331595799769561,0.001,0.692
0.5,900,error,recoil-macro,spray,2.259459535888755,0.0012,0.702
0.5,900,error,recoil-macro,spray,2.2537679182711545,0.0014,0.702
0.5,900,error,recoil-macro,spray,2.1193378724856435,0.0016,0.718
0.5,900,error,recoil-macro,spray,2.0835400517724088,0.0018,0.72
0.5,900,error,recoil-macro,spray,2.0534332096968475,0.002,0.726
0.5,900,error,recoil-macro,spray,2.0433386136785723,0.0022,0.726
0.5,900,error,recoil-macro,spray,1.9788009505570052,0.0024,0.744
0.5,900,error,recoil-macro,spray,1.8185683272370714,0.0026,0.754
0.5,900,error,recoil-macro,spray,1.7752125363612066,0.0028,0.754
0.5,900,error,recoil-macro,spray,1.7707271839426373,0.003,0.754
0.5,900,error,recoil-macro,spray,1.7463069310308013,0.0032,0.76
0.5,900,error,recoil-macro,spray,1.7253607055221458,0.0034,0.764
0.5,900,error,recoil-macro,spray,1.713790899912066,0.0036,0.764
0.5,900,error,recoil-macro,spray,1.6911348068760566,0.0038,0.766
0.5,900,error,recoil-macro,spray,1.6480913782518258,0.004,0.77
0.5,900,error,recoil-macro,spray,1.643809943689716,0.0042,0.772
0.5,900,error,recoil-macro,spray,1.6294314306649078,0.0044,0.774
0.5,900,error,recoil-macro,spray,1.6034157427317755,0.0046,0.786
0.5,900,error,recoil-macro,spray,1.5684331637458997,0.0048,0.794
0.5,900,error,recoil-macro,spray,1.5444146287602096,0.005,0.8
0.5,900,error,recoil-macro,spray,1.5143329406848403,0.0052,0.802
0.5,900,error,recoil-macro,spray,1.482460423529176,0.0054,0.804
0.5,900,error,recoil-macro,spray,1.479532031542015,0.0056,0.804
0.5,900,error,recoil-macro,spray,1.4725430709488425,0.0058,0.81
0.5,900,error,recoil-macro,spray,1.434261526013401,0.006,0.812
0.5,900,error,recoil-macro,spray,1.3970941315323677,0.0062,0.82
0.5,900,error,recoil-macro,spray,1.393975489264179,0.0064,0.822
0.5,900,error,recoil-macro,spray,1.3286543961850674,0.0066,0.826
0.5,900,error,recoil-macro,spray,1.278935921302326,0.0068,0.828
0.5,900,error,recoil-macro,spray,1.2665894699486007,0.007,0.828
0.5,900,error,recoil-macro,spray,1.2505902652404015,0.0072,0.832
0.5,900,error,recoil-macro,spray,1.2406736028864638,0.0074,0.834
0.5,900,error,recoil-macro,spray,1.210193153759856,0.0076,0.838
0.5,900,error,recoil-macro,spray,1.1983398718260385,0.0078,0.838
0.5,900,error,recoil-macro,spray,1.197016786284299,0.008,0.838
0.5,900,error,recoil-macro,spray,1.1918776512447642,0.0082,0.838
0.5,900,error,recoil-macro,spray,1.1823331177376761,0.0084,0.838
0.5,900,error,recoil-macro,spray,1.1697576412230353,0.0086,0.84
0.5,900,error,recoil-macro,spray,1.14536649881196,0.0088,0.848
0.5,900,error,recoil-macro,spray,1.1392807058302001,0.009,0.848
0.5,900,error,recoil-macro,spray,1.1296959404230487,0.0092,0.848
0.5,900,error,recoil-macro,spray,1.1223101114849134,0.0094,0.848
0.5,900,error,recoil-macro,spray,1.1218001496933452,0.0096,0.848
0.5,900,error,recoil-macro,spray,1.0789010098937244,0.0098,0.86
0.5,900,error,recoil-macro,spray,1.0715720941541589,0.01,0.86
0.5,900,error,recoil-macro,spray,1.0655910648456368,0.0102,0.86
0.5,900,error,recoil-macro,spray,0.5604444939788027,0.0302,0.922
0.5,900,error,recoil-macro,spray,0.3631582376780419,0.0502,0.95
0.5,900,error,recoil-macro,spray,0.233290997043801,0.0704,0.964
0.5,900,error,recoil-macro,spray,0.14733553978128727,0.0906,0.976
0.5,900,error,recoil-macro,spray,0.09965210702343055,0.1106,0.976
0.5,900,error,recoil-macro,spray,0.0584130992245625,0.1308,0.978
0.5,900,error,recoil-macro,spray,0.035019796682117375,0.151,0.98
0.5,900,error,recoil-macro,spray,0.01653829866949978,0.171,0.98
0.5,900,error,recoil-macro,spray,0.00468464570730798,0.1912,0.984
0.5,900,error,recoil-macro,spray,0.00022828827232814516,0.2114,0.986
0.5,900,error,recoil-macro,spray,-0.0007068127273179402,0.2316,0.988
0.5,900,error,recoil-macro,spray,-0.0052556572718570555,0.2518,0.988
0.5,900,error,recoil-macro,spray,-0.013592262272116856,0.272,0.99
0.5,900,error,recoil-macro,spray,-0.027370251239339952,0.2922,0.99
0.5,900,error,recoil-macro,spray,-0.0420251718598796,0.3124,0.992
0.5,900,error,recoil-macro,spray,-0.0624146755906011,0.3326,0.996
0.5,900,error,recoil-macro,spray,-0.08052168407324081,0.3526,0.996
0.5,900,error,recoil-macro,spray,-0.10186275233543492,0.3728,0.996
0.5,900,error,recoil-macro,spray,-0.12499968582949043,0.393,0.996
0.5,900,error,recoil-macro,spray,-0.15232119069630298,0.4132,0.996
0.5,900,error,recoil-macro,spray,-0.18461077949436266,0.4334,0.996
0.5,900,error,recoil-macro,spray,-0.2127035600645247,0.4534,0.996
0.5,900,error,recoil-macro,spray,-0.24781998494169988,0.4736,0.998
0.5,900,error,recoil-macro,spray,-0.28468473603008065,0.4938,0.998
0.5,900,error,recoil-macro,spray,-0.3255300274508197,0.5138,1
0.5,900,error,recoil-macro,spray,-0.3650829527577448,0.5338,1
0.5,900,error,recoil-macro,spray,-0.40782442266934327,0.554,1
0.5,900,error,recoil-macro,spray,-0.45952746514205284,0.5742,1
0.5,900,error,recoil-macro,spray,-0.5253694071642825,0.5944,1
0.5,900,error,recoil-macro,spray,-0.5797738358627619,0.6146,1
0.5,900,error,recoil-macro,spray,-0.633799188742565,0.6346,1
0.5,900,error,recoil-macro,spray,-0.6957824707581346,0.6548,1
0.5,900,error,recoil-macro,spray,-0.7453513350037372,0.675,1
0.5,900,error,recoil-macro,spray,-0.81604676669669,0.6952,1
0.5,900,error,recoil-macro,spray,-0.8961868072413778,0.7154,1
0.5,900,error,recoil-macro,spray,-0.9673619141768695,0.7354,1
0.5,900,error,recoil-macro,spray,-1.0566349198826743,0.7556,1
0.5,900,error,recoil-macro,spray,-1.1398965752899184,0.7758,1
0.5,900,error,recoil-macro,spray,-1.2403805675360167,0.796,1
0.5,900,error,recoil-macro,spray,-1.3815698375616758,0.8162,1
0.5,900,error,recoil-macro,spray,-1.5104015454128374,0.8362,1
0.5,900,error,recoil-macro,spray,-1.6477506463362397,0.8564,1
0.5,900,error,recoil-macro,spray,-1.8159356638355195,0.8766,1
0.5,900,error,recoil-macro,spray,-1.995845117706619,0.8968,1
0.5,900,error,recoil-macro,spray,-2.2305567452607495,0.917,1
0.5,900,error,recoil-macro,spray,-2.6072405397461953,0.937,1
0.5,900,error,recoil-macro,spray,-3.0410156353564375,0.9572,1
0.5,900,error,recoil-macro,spray,-3.7829217539372397,0.9774,1
0.5,900,error,recoil-macro,spray,-5.694184898478702,0.9976,1
0.5,900,error,recoil-macro,spray,-inf,1,1
0.5,900,error,flick-aimbot,flick,inf,0,0
0.5,900,error,flick-aimbot,flick,0.9999908602273128,0,1
0.5,900,error,flick-aimbot,flick,0.7344698532212837,0.0002,1
0.5,900,error,flick-aimbot,flick,0.48346821305399734,0.0004,1
0.5,900,error,flick-aimbot,flick,0.4373249412776274,0.0006,1
0.5,900,error,flick-aimbot,flick,0.33404424876833727,0.0008,1
0.5,900,error,flick-aimbot,flick,0.2745584499436222,0.001,1
0.5,900,error,flick-aimbot,flick,0.2522591428436067,0.0012,1
0.5,900,error,flick-aimbot,flick,0.22508739451223736,0.0014,1
0.5,900,error,flick-aimbot,flick,0.20341151429800083,0.0016,1
0.5,900,error,flick-aimbot,flick,0.1305263230148154,0.0018,1
0.5,900,error,flick-aimbot,flick,0.1294716790239316,0.002,1
0.5,900,error,flick-aimbot,flick,0.10532476088165482,0.0022,1
0.5,900,error,flick-aimbot,flick,0.07851083542768257,0.0024,1
0.5,900,error,flick-aimbot,flick,0.07587012011253,0.0026,1
0.5,900,error,flick-aimbot,flick,0.06820772109112526,0.0028,1
0.5,900,error,flick-aimbot,flick,0.05807090240466972,0.003,1
0.5,900,error,flick-aimbot,flick,0.04982650149190763,0.0032,1
0.5,900,error,flick-aimbot,flick,0.04494323701534922,0.0034,1
0.5,900,error,flick-aimbot,flick,0.04119005292359393,0.0036,1
0.5,900,error,flick-aimbot,flick,0.020265904403413155,0.0038,1
0.5,900,error,flick-aimbot,flick,0.017705999221157048,0.004,1
0.5,900,error,flick-aimbot,flick,0.015386872430376557,0.0042,1
0.5,900,error,flick-aimbot,flick,0.01394541512009832,0.0044,1
0.5,900,error,flick-aimbot,flick,0.010588834573417739,0.0046,1
0.5,900,error,flick-aimbot,flick,0.007861771778002147,0.0048,1
0.5,900,error,flick-aimbot,flick,0.004790620628194421,0.005,1
0.5,900,error,flick-aimbot,flick,0.00010280041403439492,0.0052,1
0.5,900,error,flick-aimbot,flick,-0.0015262205852112167,0.0054,1
0.5,900,error,flick-aimbot,flick,-0.0051605927268318155,0.0056,1
0.5,900,error,flick-aimbot,flick,-0.0109239260900856,0.0058,1
0.5,900,error,flick-aimbot,flick,-0.018413250672562075,0.006,1
0.5,900,error,flick-aimbot,flick,-0.021817015738416354,0.0062,1
0.5,900,error,flick-aimbot,flick,-0.022808417622118892,0.0064,1
0.5,900,error,flick-aimbot,flick,-0.02535972039586891,0.0066,1
0.5,900,error,flick-aimbot,flick,-0.02605583649815748,0.0068,1
0.5,900,error,flick-aimbot,flick,-0.028390285464263327,0.007,1
0.5,900,error,flick-aimbot,flick,-0.028967768435791096,0.0072,1
0.5,900,error,flick-aimbot,flick,-0.03321537046899069,0.0074,1
0.5,900,error,flick-aimbot,flick,-0.034444824281755555,0.0076,1
0.5,900,error,flick-aimbot,flick,-0.04067831329953562,0.0078,1
0.5,900,error,flick-aimbot,flick,-0.04126398639057138,0.008,1
0.5,900,error,flick-aimbot,flick,-0.04200218670823242,0.0082,1
0.5,900,error,flick-aimbot,flick,-0.0438806091121183,0.0084,1
0.5,900,error,flick-aimbot,flick,-0.04597091482056592,0.0086,1
0.5,900,error,flick-aimbot,flick,-0.05887662269775161,0.0088,1
0.5,900,error,flick-aimbot,flick,-0.061323823198085825,0.009,1
0.5,900,error,flick-aimbot,flick,-0.0659035769123253,0.0092,1
0.5,900,error,flick-aimbot,flick,-0.07414710474030767,0.0094,1
0.5,900,error,flick-aimbot,flick,-0.07849460810233184,0.0096,1
0.5,900,error,flick-aimbot,flick,-0.08129321531123873,0.0098,1
0.5,900,error,flick-aimbot,flick,-0.0845981071188854,0.01,1
0.5,900,error,flick-aimbot,flick,-0.08470327075403457,0.0102,1
0.5,900,error,flick-aimbot,flick,-0.4263223349571834,0.0302,1
0.5,900,error,flick-aimbot,flick,-0.7486059938846212,0.0502,1
0.5,900,error,flick-aimbot,flick,-1.0345287152253362,0.0704,1
0.5,900,error,flick-aimbot,flick,-1.2995720628899396,0.0906,1
0.5,900,error,flick-aimbot,flick,-1.5856770678168326,0.1106,1
0.5,900,error,flick-aimbot,flick,-1.7970840817765514,0.1308,1
0.5,900,error,flick-aimbot,flick,-2.003503015274039,0.151,1
0.5,900,error,flick-aimbot,flick,-2.2222789779309826,0.171,1
0.5,900,error,flick-aimbot,flick,-2.422260272714648,0.1912,1
0.5,900,error,flick-aimbot,flick,-2.6066373450757796,0.2114,1
0.5,900,error,flick-aimbot,flick,-2.81732118923951,0.2316,1
0.5,900,error,flick-aimbot,flick,-3.011351086586029,0.2518,1
0.5,900,error,flick-aimbot,flick,-3.1621684544934436,0.272,1
0.5,900,error,flick-aimbot,flick,-3.3233302389557067,0.2922,1
0.5,900,error,flick-aimbot,flick,-3.490734967223878,0.3124,1
0.5,900,error,flick-aimbot,flick,-3.6741098667552694,0.3326,1
0.5,900,error,flick-aimbot,flick,-3.8600526871629817,0.3526,1
0.5,900,error,flick-aimbot,flick,-4.039900672715319,0.3728,1
0.5,900,error,flick-aimbot,flick,-4.204771091213731,0.393,1
0.5,900,error,flick-aimbot,flick,-4.386294505540778,0.4132,1
0.5,900,error,flick-aimbot,flick,-4.589371798909357,0.4334,1
0.5,900,error,flick-aimbot,flick,-4.7797272373740265,0.4534,1
0.5,900,error,flick-aimbot,flick,-4.949859706545233,0.4736,1
0.5,900,error,flick-aimbot,flick,-5.148670319514472,0.4938,1
0.5,900,error,flick-aimbot,flick,-5.33604699920503,0.5138,1
0.5,900,error,flick-aimbot,flick,-5.574926391838766,0.5338,1
0.5,900,error,flick-aimbot,flick,-5.7980901959904285,0.554,1
0.5,900,error,flick-aimbot,flick,-5.994102922890964,0.5742,1
0.5,900,error,flick-aimbot,flick,-6.189289483540337,0.5944,1
0.5,900,error,flick-aimbot,flick,-6.382415456919294,0.6146,1
0.5,900,error,flick-aimbot,flick,-6.611667027250464,0.6346,1
0.5,900,error,flick-aimbot,flick,-6.801791027555394,0.6548,1
0.5,900,error,flick-aimbot,flick,-7.086857060261179,0.675,1
0.5,900,error,flick-aimbot,flick,-7.348039165390577,0.6952,1
0.5,900,error,flick-aimbot,flick,-7.558435124871576,0.7154,1
0.5,900,error,flick-aimbot,flick,-7.784217150419061,0.7354,1
0.5,900,error,flick-aimbot,flick,-8.099158006340764,0.7556,1
0.5,900,error,flick-aimbot,flick,-8.457414933441003,0.7758,1
0.5,900,error,flick-aimbot,flick,-8.791419009935074,0.796,1
0.5,900,error,flick-aimbot,flick,-9.170849195732842,0.8162,1
0.5,900,error,flick-aimbot,flick,-9.550814250364713,0.8362,1
0.5,900,error,flick-aimbot,flick,-9.92256318117516,0.8564,1
0.5,900,error,flick-aimbot,flick,-10.433942643193214,0.8766,1
0.5,900,error,flick-aimbot,flick,-11.058156125072282,0.8968,1
0.5,900,error,flick-aimbot,flick,-11.696650715898622,0.917,1
0.5,900,error,flick-aimbot,flick,-12.489056895558008,0.937,1
0.5,900,error,flick-aimbot,flick,-13.763624927080192,0.9572,1
0.5,900,error,flick-aimbot,flick,-15.679274231280765,0.9774,1
0.5,900,error,flick-aimbot,flick,-21.458959668828367,0.9976,1
0.5,900,error,flick-aimbot,flick,-inf,1,1
0.5,900,error,humanised-aimbot,flick,inf,0,0
0.5,900,error,humanised-aimbot,flick,0.9999908602273128,0,1
0.5,900,error,humanised-aimbot,flick,0.7344698532212837,0.0002,1
0.5,900,error,humanised-aimbot,flick,0.48346821305399734,0.0004,1
0.5,900,error,humanised-aimbot,flick,0.4373249412776274,0.0006,1
0.5,900,error,humanised-aimbot,flick,0.33404424876833727,0.0008,1
0.5,900,error,humanised-aimbot,flick,0.2745584499436222,0.001,1
0.5,900,error,humanised-aimbot,flick,0.2522591428436067,0.0012,1
0.5,900,error,humanised-aimbot,flick,0.22508739451223736,0.0014,1
0.5,900,error,humanised-aimbot,flick,0.20341151429800083,0.0016,1
0.5,900,error,humanised-aimbot,flick,0.1305263230148154,0.0018,1
0.5,900,error,humanised-aimbot,flick,0.1294716790239316,0.002,1
0.5,900,error,humanised-aimbot,flick,0.10532476088165482,0.0022,1
0.5,900,error,humanised-aimbot,flick,0.07851083542768257,0.0024,1
0.5,900,error,humanised-aimbot,flick,0.07587012011253,0.0026,1
0.5,900,error,humanised-aimbot,flick,0.06820772109112526,0.0028,1
0.5,900,error,humanised-aimbot,flick,0.05807090240466972,0.003,1
0.5,900,error,humanised-aimbot,flick,0.04982650149190763,0.0032,1
0.5,900,error,humanised-aimbot,flick,0.04494323701534922,0.0034,1
0.5,900,error,humanised-aimbot,flick,0.04119005292359393,0.0036,1
0.5,900,error,humanised-aimbot,flick,0.020265904403413155,0.0038,1
0.5,900,error,humanised-aimbot,flick,0.017705999221157048,0.004,1
0.5,900,error,humanised-aimbot,flick,0.015386872430376557,0.0042,1
0.5,900,error,humanised-aimbot,flick,0.01394541512009832,0.0044,1
0.5,900,error,humanised-aimbot,flick,0.010588834573417739,0.0046,1
0.5,900,error,humanised-aimbot,flick,0.007861771778002147,0.0048,1
0.5,900,error,humanised-aimbot,flick,0.004790620628194421,0.005,1
0.5,900,error,humanised-aimbot,flick,0.00010280041403439492,0.0052,1
0.5,900,error,humanised-aimbot,flick,-0.0015262205852112167,0.0054,1
0.5,900,error,humanised-aimbot,flick,-0.0051605927268318155,0.0056,1
0.5,900,error,humanised-aimbot,flick,-0.0109239260900856,0.0058,1
0.5,900,error,humanised-aimbot,flick,-0.018413250672562075,0.006,1
0.5,900,error,humanised-aimbot,flick,-0.021817015738416354,0.0062,1
0.5,900,error,humanised-aimbot,flick,-0.022808417622118892,0.0064,1
0.5,900,error,humanised-aimbot,flick,-0.02535972039586891,0.0066,1
0.5,900,error,humanised-aimbot,flick,-0.02605583649815748,0.0068,1
0.5,900,error,humanised-aimbot,flick,-0.028390285464263327,0.007,1
0.5,900,error,humanised-aimbot,flick,-0.028967768435791096,0.0072,1
0.5,900,error,humanised-aimbot,flick,-0.03321537046899069,0.0074,1
0.5,900,error,humanised-aimbot,flick,-0.034444824281755555,0.0076,1
0.5,900,error,humanised-aimbot,flick,-0.04067831329953562,0.0078,1
0.5,900,error,humanised-aimbot,flick,-0.04126398639057138,0.008,1
0.5,900,error,humanised-aimbot,flick,-0.04200218670823242,0.0082,1
0.5,900,error,humanised-aimbot,flick,-0.0438806091121183,0.0084,1
0.5,900,error,humanised-aimbot,flick,-0.04597091482056592,0.0086,1
0.5,900,error,humanised-aimbot,flick,-0.05887662269775161,0.0088,1
0.5,900,error,humanised-aimbot,flick,-0.061323823198085825,0.009,1
0.5,900,error,humanised-aimbot,flick,-0.0659035769123253,0.0092,1
0.5,900,error,humanised-aimbot,flick,-0.07414710474030767,0.0094,1
0.5,900,error,humanised-aimbot,flick,-0.07849460810233184,0.0096,1
0.5,900,error,humanised-aimbot,flick,-0.08129321531123873,0.0098,1
0.5,900,error,humanised-aimbot,flick,-0.0845981071188854,0.01,1
0.5,900,error,humanised-aimbot,flick,-0.08470327075403457,0.0102,1
0.5,900,error,humanised-aimbot,flick,-0.4263223349571834,0.0302,1
0.5,900,error,humanised-aimbot,flick,-0.7486059938846212,0.0502,1
0.5,900,error,humanised-aimbot,flick,-1.0345287152253362,0.0704,1
0.5,900,error,humanised-aimbot,flick,-1.2995720628899396,0.0906,1
0.5,900,error,humanised-aimbot,flick,-1.5856770678168326,0.1106,1
0.5,900,error,humanised-aimbot,flick,-1.7970840817765514,0.1308,1
0.5,900,error,humanised-aimbot,flick,-2.003503015274039,0.151,1
0.5,900,error,humanised-aimbot,flick,-2.2222789779309826,0.171,1
0.5,900,error,humanised-aimbot,flick,-2.422260272714648,0.1912,1
0.5,900,error,humanised-aimbot,flick,-2.6066373450757796,0.2114,1
0.5,900,error,humanised-aimbot,flick,-2.81732118923951,0.2316,1
0.5,900,error,humanised-aimbot,flick,-3.011351086586029,0.2518,1
0.5,900,error,humanised-aimbot,flick,-3.1621684544934436,0.272,1
0.5,900,error,humanised-aimbot,flick,-3.3233302389557067,0.2922,1
0.5,900,error,humanised-aimbot,flick,-3.490734967223878,0.3124,1
0.5,900,error,humanised-aimbot,flick,-3.6741098667552694,0.3326,1
0.5,900,error,humanised-aimbot,flick,-3.8600526871629817,0.3526,1
0.5,900,error,humanised-aimbot,flick,-4.039900672715319,0.3728,1
0.5,900,error,humanised-aimbot,flick,-4.204771091213731,0.393,1
0.5,900,error,humanised-aimbot,flick,-4.386294505540778,0.4132,1
0.5,900,error,humanised-aimbot,flick,-4.589371798909357,0.4334,1
0.5,900,error,humanised-aimbot,flick,-4.7797272373740265,0.4534,1
0.5,900,error,humanised-aimbot,flick,-4.949859706545233,0.4736,1
0.5,900,error,humanised-aimbot,flick,-5.148670319514472,0.4938,1
0.5,900,error,humanised-aimbot,flick,-5.33604699920503,0.5138,1
0.5,900,error,humanised-aimbot,flick,-5.574926391838766,0.5338,1
0.5,900,error,humanised-aimbot,flick,-5.7980901959904285,0.554,1
0.5,900,error,humanised-aimbot,flick,-5.994102922890964,0.5742,1
0.5,900,error,humanised-aimbot,flick,-6.189289483540337,0.5944,1
0.5,900,error,humanised-aimbot,flick,-6.382415456919294,0.6146,1
0.5,900,error,humanised-aimbot,flick,-6.611667027250464,0.6346,1
0.5,900,error,humanised-aimbot,flick,-6.801791027555394,0.6548,1
0.5,900,error,humanised-aimbot,flick,-7.086857060261179,0.675,1
0.5,900,error,humanised-aimbot,flick,-7.348039165390577,0.6952,1
0.5,900,error,humanised-aimbot,flick,-7.558435124871576,0.7154,1
0.5,900,error,humanised-aimbot,flick,-7.784217150419061,0.7354,1
0.5,900,error,humanised-aimbot,flick,-8.099158006340764,0.7556,1
0.5,900,error,humanised-aimbot,flick,-8.457414933441003,0.7758,1
0.5,900,error,humanised-aimbot,flick,-8.791419009935074,0.796,1
0.5,900,error,humanised-aimbot,flick,-9.170849195732842,0.8162,1
0.5,900,error,humanised-aimbot,flick,-9.550814250364713,0.8362,1
0.5,900,error,humanised-aimbot,flick,-9.92256318117516,0.8564,1
0.5,900,error,humanised-aimbot,flick,-10.433942643193214,0.8766,1
0.5,900,error,humanised-aimbot,flick,-11.058156125072282,0.8968,1
0.5,900,error,humanised-aimbot,flick,-11.696650715898622,0.917,1
0.5,900,error,humanised-aimbot,flick,-12.489056895558008,0.937,1
0.5,900,error,humanised-aimbot,flick,-13.763624927080192,0.9572,1
0.5,900,error,humanised-aimbot,flick,-15.679274231280765,0.9774,1
0.5,900,error,humanised-aimbot,flick,-21.458959668828367,0.9976,1
0.5,900,error,humanised-aimbot,flick,-inf,1,1
0.5,900,error,adaptive-aimbot,flick,inf,0,0
0.5,900,error,adaptive-aimbot,flick,0.9999908602273128,0,1
0.5,900,error,adaptive-aimbot,flick,0.7344698532212837,0.0002,1
0.5,900,error,adaptive-aimbot,flick,0.48346821305399734,0.0004,1
0.5,900,error,adaptive-aimbot,flick,0.4373249412776274,0.0006,1
0.5,900,error,adaptive-aimbot,flick,0.33404424876833727,0.0008,1
0.5,900,error,adaptive-aimbot,flick,0.2745584499436222,0.001,1
0.5,900,error,adaptive-aimbot,flick,0.2522591428436067,0.0012,1
0.5,900,error,adaptive-aimbot,flick,0.22508739451223736,0.0014,1
0.5,900,error,adaptive-aimbot,flick,0.20341151429800083,0.0016,1
0.5,900,error,adaptive-aimbot,flick,0.1305263230148154,0.0018,1
0.5,900,error,adaptive-aimbot,flick,0.1294716790239316,0.002,1
0.5,900,error,adaptive-aimbot,flick,0.10532476088165482,0.0022,1
0.5,900,error,adaptive-aimbot,flick,0.07851083542768257,0.0024,1
0.5,900,error,adaptive-aimbot,flick,0.07587012011253,0.0026,1
0.5,900,error,adaptive-aimbot,flick,0.06820772109112526,0.0028,1
0.5,900,error,adaptive-aimbot,flick,0.05807090240466972,0.003,1
0.5,900,error,adaptive-aimbot,flick,0.04982650149190763,0.0032,1
0.5,900,error,adaptive-aimbot,flick,0.04494323701534922,0.0034,1
0.5,900,error,adaptive-aimbot,flick,0.04119005292359393,0.0036,1
0.5,900,error,adaptive-aimbot,flick,0.020265904403413155,0.0038,1
0.5,900,error,adaptive-aimbot,flick,0.017705999221157048,0.004,1
0.5,900,error,adaptive-aimbot,flick,0.015386872430376557,0.0042,1
0.5,900,error,adaptive-aimbot,flick,0.01394541512009832,0.0044,1
0.5,900,error,adaptive-aimbot,flick,0.010588834573417739,0.0046,1
0.5,900,error,adaptive-aimbot,flick,0.007861771778002147,0.0048,1
0.5,900,error,adaptive-aimbot,flick,0.004790620628194421,0.005,1
0.5,900,error,adaptive-aimbot,flick,0.00010280041403439492,0.0052,1
0.5,900,error,adaptive-aimbot,flick,-0.0015262205852112167,0.0054,1
0.5,900,error,adaptive-aimbot,flick,-0.0051605927268318155,0.0056,1
0.5,900,error,adaptive-aimbot,flick,-0.0109239260900856,0.0058,1
0.5,900,error,adaptive-aimbot,flick,-0.018413250672562075,0.006,1
0.5,900,error,adaptive-aimbot,flick,-0.021817015738416354,0.0062,1
0.5,900,error,adaptive-aimbot,flick,-0.022808417622118892,0.0064,1
0.5,900,error,adaptive-aimbot,flick,-0.02535972039586891,0.0066,1
0.5,900,error,adaptive-aimbot,flick,-0.02605583649815748,0.0068,1
0.5,900,error,adaptive-aimbot,flick,-0.028390285464263327,0.007,1
0.5,900,error,adaptive-aimbot,flick,-0.028967768435791096,0.0072,1
0.5,900,error,adaptive-aimbot,flick,-0.03321537046899069,0.0074,1
0.5,900,error,adaptive-aimbot,flick,-0.034444824281755555,0.0076,1
0.5,900,error,adaptive-aimbot,flick,-0.04067831329953562,0.0078,1
0.5,900,error,adaptive-aimbot,flick,-0.04126398639057138,0.008,1
0.5,900,error,adaptive-aimbot,flick,-0.04200218670823242,0.0082,1
0.5,900,error,adaptive-aimbot,flick,-0.0438806091121183,0.0084,1
0.5,900,error,adaptive-aimbot,flick,-0.04597091482056592,0.0086,1
0.5,900,error,adaptive-aimbot,flick,-0.05887662269775161,0.0088,1
0.5,900,error,adaptive-aimbot,flick,-0.061323823198085825,0.009,1
0.5,900,error,adaptive-aimbot,flick,-0.0659035769123253,0.0092,1
0.5,900,error,adaptive-aimbot,flick,-0.07414710474030767,0.0094,1
0.5,900,error,adaptive-aimbot,flick,-0.07849460810233184,0.0096,1
0.5,900,error,adaptive-aimbot,flick,-0.08129321531123873,0.0098,1
0.5,900,error,adaptive-aimbot,flick,-0.0845981071188854,0.01,1
0.5,900,error,adaptive-aimbot,flick,-0.08470327075403457,0.0102,1
0.5,900,error,adaptive-aimbot,flick,-0.4263223349571834,0.0302,1
0.5,900,error,adaptive-aimbot,flick,-0.7486059938846212,0.0502,1
0.5,900,error,adaptive-aimbot,flick,-1.0345287152253362,0.0704,1
0.5,900,error,adaptive-aimbot,flick,-1.2995720628899396,0.0906,1
0.5,900,error,adaptive-aimbot,flick,-1.5856770678168326,0.1106,1
0.5,900,error,adaptive-aimbot,flick,-1.7970840817765514,0.1308,1
0.5,900,error,adaptive-aimbot,flick,-2.003503015274039,0.151,1
0.5,900,error,adaptive-aimbot,flick,-2.2222789779309826,0.171,1
0.5,900,error,adaptive-aimbot,flick,-2.422260272714648,0.1912,1
0.5,900,error,adaptive-aimbot,flick,-2.6066373450757796,0.2114,1
0.5,900,error,adaptive-aimbot,flick,-2.81732118923951,0.2316,1
0.5,900,error,adaptive-aimbot,flick,-3.011351086586029,0.2518,1
0.5,900,error,adaptive-aimbot,flick,-3.1621684544934436,0.272,1
0.5,900,error,adaptive-aimbot,flick,-3.3233302389557067,0.2922,1
0.5,900,error,adaptive-aimbot,flick,-3.490734967223878,0.3124,1
0.5,900,error,adaptive-aimbot,flick,-3.6741098667552694,0.3326,1
0.5,900,error,adaptive-aimbot,flick,-3.8600526871629817,0.3526,1
0.5,900,error,adaptive-aimbot,flick,-4.039900672715319,0.3728,1
0.5,900,error,adaptive-aimbot,flick,-4.204771091213731,0.393,1
0.5,900,error,adaptive-aimbot,flick,-4.386294505540778,0.4132,1
0.5,900,error,adaptive-aimbot,flick,-4.589371798909357,0.4334,1
0.5,900,error,adaptive-aimbot,flick,-4.7797272373740265,0.4534,1
0.5,900,error,adaptive-aimbot,flick,-4.949859706545233,0.4736,1
0.5,900,error,adaptive-aimbot,flick,-5.148670319514472,0.4938,1
0.5,900,error,adaptive-aimbot,flick,-5.33604699920503,0.5138,1
0.5,900,error,adaptive-aimbot,flick,-5.574926391838766,0.5338,1
0.5,900,error,adaptive-aimbot,flick,-5.7980901959904285,0.554,1
0.5,900,error,adaptive-aimbot,flick,-5.994102922890964,0.5742,1
0.5,900,error,adaptive-aimbot,flick,-6.189289483540337,0.5944,1
0.5,900,error,adaptive-aimbot,flick,-6.382415456919294,0.6146,1
0.5,900,error,adaptive-aimbot,flick,-6.611667027250464,0.6346,1
0.5,900,error,adaptive-aimbot,flick,-6.801791027555394,0.6548,1
0.5,900,error,adaptive-aimbot,flick,-7.086857060261179,0.675,1
0.5,900,error,adaptive-aimbot,flick,-7.348039165390577,0.6952,1
0.5,900,error,adaptive-aimbot,flick,-7.558435124871576,0.7154,1
0.5,900,error,adaptive-aimbot,flick,-7.784217150419061,0.7354,1
0.5,900,error,adaptive-aimbot,flick,-8.099158006340764,0.7556,1
0.5,900,error,adaptive-aimbot,flick,-8.457414933441003,0.7758,1
0.5,900,error,adaptive-aimbot,flick,-8.791419009935074,0.796,1
0.5,900,error,adaptive-aimbot,flick,-9.170849195732842,0.8162,1
0.5,900,error,adaptive-aimbot,flick,-9.550814250364713,0.8362,1
0.5,900,error,adaptive-aimbot,flick,-9.92256318117516,0.8564,1
0.5,900,error,adaptive-aimbot,flick,-10.433942643193214,0.8766,1
0.5,900,error,adaptive-aimbot,flick,-11.058156125072282,0.8968,1
0.5,900,error,adaptive-aimbot,flick,-11.696650715898622,0.917,1
0.5,900,error,adaptive-aimbot,flick,-12.489056895558008,0.937,1
0.5,900,error,adaptive-aimbot,flick,-13.763624927080192,0.9572,1
0.5,900,error,adaptive-aimbot,flick,-15.679274231280765,0.9774,1
0.5,900,error,adaptive-aimbot,flick,-21.458959668828367,0.9976,1
0.5,900,error,adaptive-aimbot,flick,-inf,1,1
0.5,900,error,smoothing-aimbot,flick,inf,0,0
0.5,900,error,smoothing-aimbot,flick,0.9999908602273128,0,0
0.5,900,error,smoothing-aimbot,flick,0.7344698532212837,0.0002,0
0.5,900,error,smoothing-aimbot,flick,0.48346821305399734,0.0004,0
0.5,900,error,smoothing-aimbot,flick,0.4373249412776274,0.0006,0
0.5,900,error,smoothing-aimbot,flick,0.33404424876833727,0.0008,0
0.5,900,error,smoothing-aimbot,flick,0.2745584499436222,0.001,0
0.5,900,error,smoothing-aimbot,flick,0.2522591428436067,0.0012,0
0.5,900,error,smoothing-aimbot,flick,0.22508739451223736,0.0014,0
0.5,900,error,smoothing-aimbot,flick,0.20341151429800083,0.0016,0
0.5,900,error,smoothing-aimbot,flick,0.1305263230148154,0.0018,0
0.5,900,error,smoothing-aimbot,flick,0.1294716790239316,0.002,0
0.5,900,error,smoothing-aimbot,flick,0.10532476088165482,0.0022,0
0.5,900,error,smoothing-aimbot,flick,0.07851083542768257,0.0024,0
0.5,900,error,smoothing-aimbot,flick,0.07587012011253,0.0026,0
0.5,900,error,smoothing-aimbot,flick,0.06820772109112526,0.0028,0
0.5,900,error,smoothing-aimbot,flick,0.05807090240466972,0.003,0
0.5,900,error,smoothing-aimbot,flick,0.04982650149190763,0.0032,0
0.5,900,error,smoothing-aimbot,flick,0.04494323701534922,0.0034,0
0.5,900,error,smoothing-aimbot,flick,0.04119005292359393,0.0036,0
0.5,900,error,smoothing-aimbot,flick,0.020265904403413155,0.0038,0
0.5,900,error,smoothing-aimbot,flick,0.017705999221157048,0.004,0
0.5,900,error,smoothing-aimbot,flick,0.015386872430376557,0.0042,0
0.5,900,error,smoothing-aimbot,flick,0.01394541512009832,0.0044,0
0.5,900,error,smoothing-aimbot,flick,0.010588834573417739,0.0046,0
0.5,900,error,smoothing-aimbot,flick,0.007861771778002147,0.0048,0
0.5,900,error,smoothing-aimbot,flick,0.004790620628194421,0.005,0
0.5,900,error,smoothing-aimbot,flick,0.00010280041403439492,0.0052,0.002
0.5,900,error,smoothing-aimbot,flick,-0.0015262205852112167,0.0054,0.002
0.5,900,error,smoothing-aimbot,flick,-0.0051605927268318155,0.0056,0.002
0.5,900,error,smoothing-aimbot,flick,-0.0109239260900856,0.0058,0.002
0.5,900,error,smoothing-aimbot,flick,-0.018413250672562075,0.006,0.002
0.5,900,error,smoothing-aimbot,flick,-0.021817015738416354,0.0062,0.002
0.5,900,error,smoothing-aimbot,flick,-0.022808417622118892,0.0064,0.002
0.5,900,error,smoothing-aimbot,flick,-0.02535972039586891,0.0066,0.002
0.5,900,error,smoothing-aimbot,flick,-0.02605583649815748,0.0068,0.002
0.5,900,error,smoothing-aimbot,flick,-0.028390285464263327,0.007,0.002
0.5,900,error,smoothing-aimbot,flick,-0.028967768435791096,0.0072,0.002
0.5,900,error,smoothing-aimbot,flick,-0.03321537046899069,0.0074,0.002
0.5,900,error,smoothing-aimbot,flick,-0.034444824281755555,0.0076,0.002
0.5,900,error,smoothing-aimbot,flick,-0.04067831329953562,0.0078,0.002
0.5,900,error,smoothing-aimbot,flick,-0.04126398639057138,0.008,0.002
0.5,900,error,smoothing-aimbot,flick,-0.04200218670823242,0.0082,0.002
0.5,900,error,smoothing-aimbot,flick,-0.0438806091121183,0.0084,0.002
0.5,900,error,smoothing-aimbot,flick,-0.04597091482056592,0.0086,0.002
0.5,900,error,smoothing-aimbot,flick,-0.05887662269775161,0.0088,0.002
0.5,900,error,smoothing-aimbot,flick,-0.061323823198085825,0.009,0.002
0.5,900,error,smoothing-aimbot,flick,-0.0659035769123253,0.0092,0.002
0.5,900,error,smoothing-aimbot,flick,-0.07414710474030767,0.0094,0.002
0.5,900,error,smoothing-aimbot,flick,-0.07849460810233184,0.0096,0.002
0.5,900,error,smoothing-aimbot,flick,-0.08129321531123873,0.0098,0.002
0.5,900,error,smoothing-aimbot,flick,-0.0845981071188854,0.01,0.002
0.5,900,error,smoothing-aimbot,flick,-0.08470327075403457,0.0102,0.002
0.5,900,error,smoothing-aimbot,flick,-0.4263223349571834,0.0302,0.004
0.5,900,error,smoothing-aimbot,flick,-0.7486059938846212,0.0502,0.004
0.5,900,error,smoothing-aimbot,flick,-1.0345287152253362,0.0704,0.006
0.5,900,error,smoothing-aimbot,flick,-1.2995720628899396,0.0906,0.006
0.5,900,error,smoothing-aimbot,flick,-1.5856770678168326,0.1106,0.006
0.5,900,error,smoothing-aimbot,flick,-1.7970840817765514,0.1308,0.006
0.5,900,error,smoothing-aimbot,flick,-2.003503015274039,0.151,0.006
0.5,900,error,smoothing-aimbot,flick,-2.2222789779309826,0.171,0.008
0.5,900,error,smoothing-aimbot,flick,-2.422260272714648,0.1912,0.008
0.5,900,error,smoothing-aimbot,flick,-2.6066373450757796,0.2114,0.008
0.5,900,error,smoothing-aimbot,flick,-2.81732118923951,0.2316,0.008
0.5,900,error,smoothing-aimbot,flick,-3.011351086586029,0.2518,0.012
0.5,900,error,smoothing-aimbot,flick,-3.1621684544934436,0.272,0.014
0.5,900,error,smoothing-aimbot,flick,-3.3233302389557067,0.2922,0.016
0.5,900,error,smoothing-aimbot,flick,-3.490734967223878,0.3124,0.016
0.5,900,error,smoothing-aimbot,flick,-3.6741098667552694,0.3326,0.016
0.5,900,error,smoothing-aimbot,flick,-3.8600526871629817,0.3526,0.016
0.5,900,error,smoothing-aimbot,flick,-4.039900672715319,0.3728,0.016
0.5,900,error,smoothing-aimbot,flick,-4.204771091213731,0.393,0.016
0.5,900,error,smoothing-aimbot,flick,-4.386294505540778,0.4132,0.016
0.5,900,error,smoothing-aimbot,flick,-4.589371798909357,0.4334,0.018
0.5,900,error,smoothing-aimbot,flick,-4.7797272373740265,0.4534,0.02
0.5,900,error,smoothing-aimbot,flick,-4.949859706545233,0.4736,0.02
0.5,900,error,smoothing-aimbot,flick,-5.148670319514472,0.4938,0.022
0.5,900,error,smoothing-aimbot,flick,-5.33604699920503,0.5138,0.022
0.5,900,error,smoothing-aimbot,flick,-5.574926391838766,0.5338,0.026
0.5,900,error,smoothing-aimbot,flick,-5.7980901959904285,0.554,0.028
0.5,900,error,smoothing-aimbot,flick,-5.994102922890964,0.5742,0.028
0.5,900,error,smoothing-aimbot,flick,-6.189289483540337,0.5944,0.03
0.5,900,error,smoothing-aimbot,flick,-6.382415456919294,0.6146,0.03
0.5,900,error,smoothing-aimbot,flick,-6.611667027250464,0.6346,0.03
0.5,900,error,smoothing-aimbot,flick,-6.801791027555394,0.6548,0.03
0.5,900,error,smoothing-aimbot,flick,-7.086857060261179,0.675,0.032
0.5,900,error,smoothing-aimbot,flick,-7.348039165390577,0.6952,0.036
0.5,900,error,smoothing-aimbot,flick,-7.558435124871576,0.7154,0.036
0.5,900,error,smoothing-aimbot,flick,-7.784217150419061,0.7354,0.038
0.5,900,error,smoothing-aimbot,flick,-8.099158006340764,0.7556,0.038
0.5,900,error,smoothing-aimbot,flick,-8.457414933441003,0.7758,0.038
0.5,900,error,smoothing-aimbot,flick,-8.791419009935074,0.796,0.042
0.5,900,error,smoothing-aimbot,flick,-9.170849195732842,0.8162,0.046
0.5,900,error,smoothing-aimbot,flick,-9.550814250364713,0.8362,0.05
0.5,900,error,smoothing-aimbot,flick,-9.92256318117516,0.8564,0.056
0.5,900,error,smoothing-aimbot,flick,-10.433942643193214,0.8766,0.062
0.5,900,error,smoothing-aimbot,flick,-11.058156125072282,0.8968,0.064
0.5,900,error,smoothing-aimbot,flick,-11.696650715898622,0.917,0.068
0.5,900,error,smoothing-aimbot,flick,-12.489056895558008,0.937,0.074
0.5,900,error,smoothing-aimbot,flick,-13.763624927080192,0.9572,0.084
0.5,900,error,smoothing-aimbot,flick,-15.679274231280765,0.9774,0.1
0.5,900,error,smoothing-aimbot,flick,-21.458959668828367,0.9976,0.17
0.5,900,error,smoothing-aimbot,flick,-inf,1,1
0.5,900,steps,smoothing-aimbot,flick,inf,0,0
0.5,900,steps,smoothing-aimbot,flick,1.8151877260310505,0,1
0.5,900,steps,smoothing-aimbot,flick,1.3541477139831302,0.0002,1
0.5,900,steps,smoothing-aimbot,flick,1.272888076359613,0.0004,1
0.5,900,steps,smoothing-aimbot,flick,0.9269770714811957,0.0006,1
0.5,900,steps,smoothing-aimbot,flick,0.6935568068176725,0.0008,1
0.5,900,steps,smoothing-aimbot,flick,0.6471937771571994,0.001,1
0.5,900,steps,smoothing-aimbot,flick,0.6452029991149368,0.0012,1
0.5,900,steps,smoothing-aimbot,flick,0.6187835804349721,0.0014,1
0.5,900,steps,smoothing-aimbot,flick,0.5668833816556563,0.0016,1
0.5,900,steps,smoothing-aimbot,flick,0.5591268033771183,0.0018,1
0.5,900,steps,smoothing-aimbot,flick,0.5397939359630938,0.002,1
0.5,900,steps,smoothing-aimbot,flick,0.5014229660421594,0.0022,1
0.5,900,steps,smoothing-aimbot,flick,0.4858671220832651,0.0024,1
0.5,900,steps,smoothing-aimbot,flick,0.4768974945228105,0.0026,1
0.5,900,steps,smoothing-aimbot,flick,0.45795669397757954,0.0028,1
0.5,900,steps,smoothing-aimbot,flick,0.44062927098313137,0.003,1
0.5,900,steps,smoothing-aimbot,flick,0.43449847088734633,0.0032,1
0.5,900,steps,smoothing-aimbot,flick,0.4229221204022831,0.0034,1
0.5,900,steps,smoothing-aimbot,flick,0.41890555624441383,0.0036,1
0.5,900,steps,smoothing-aimbot,flick,0.4025457151513395,0.0038,1
0.5,900,steps,smoothing-aimbot,flick,0.39590446171856875,0.004,1
0.5,900,steps,smoothing-aimbot,flick,0.39418995574189536,0.0042,1
0.5,900,steps,smoothing-aimbot,flick,0.37189165647446254,0.0044,1
0.5,900,steps,smoothing-aimbot,flick,0.36715459113216586,0.0046,1
0.5,900,steps,smoothing-aimbot,flick,0.36537344201221905,0.0048,1
0.5,900,steps,smoothing-aimbot,flick,0.36348129454586936,0.005,1
0.5,900,steps,smoothing-aimbot,flick,0.3581061452810799,0.0052,1
0.5,900,steps,smoothing-aimbot,flick,0.34118643948944904,0.0054,1
0.5,900,steps,smoothing-aimbot,flick,0.32219387936640803,0.0056,1
0.5,900,steps,smoothing-aimbot,flick,0.32078900581321457,0.0058,1
0.5,900,steps,smoothing-aimbot,flick,0.31514042625325406,0.006,1
0.5,900,steps,smoothing-aimbot,flick,0.31126134617127355,0.0062,1
0.5,900,steps,smoothing-aimbot,flick,0.31022395433997585,0.0064,1
0.5,900,steps,smoothing-aimbot,flick,0.3036732670068753,0.0066,1
0.5,900,steps,smoothing-aimbot,flick,0.30353117579704303,0.0068,1
0.5,900,steps,smoothing-aimbot,flick,0.29790791294234026,0.007,1
0.5,900,steps,smoothing-aimbot,flick,0.29781731739468154,0.0072,1
0.5,900,steps,smoothing-aimbot,flick,0.28757196417728687,0.0074,1
0.5,900,steps,smoothing-aimbot,flick,0.28602453402276495,0.0076,1
0.5,900,steps,smoothing-aimbot,flick,0.28537424246561754,0.0078,1
0.5,900,steps,smoothing-aimbot,flick,0.281875041668729,0.008,1
0.5,900,steps,smoothing-aimbot,flick,0.2754004103367833,0.0082,1
0.5,900,steps,smoothing-aimbot,flick,0.2751986538381649,0.0084,1
0.5,900,steps,smoothing-aimbot,flick,0.2751717257799973,0.0086,1
0.5,900,steps,smoothing-aimbot,flick,0.27423495164249134,0.0088,1
0.5,900,steps,smoothing-aimbot,flick,0.27422695092066096,0.009,1
0.5,900,steps,smoothing-aimbot,flick,0.2736392854129255,0.0092,1
0.5,900,steps,smoothing-aimbot,flick,0.27324611573525104,0.0094,1
0.5,900,steps,smoothing-aimbot,flick,0.2723944652090619,0.0096,1
0.5,900,steps,smoothing-aimbot,flick,0.27171161973031394,0.0098,1
0.5,900,steps,smoothing-aimbot,flick,0.2622297467250075,0.01,1
0.5,900,steps,smoothing-aimbot,flick,0.25851619546253446,0.0102,1
0.5,900,steps,smoothing-aimbot,flick,0.1368399059354709,0.0302,1
0.5,900,steps,smoothing-aimbot,flick,0.09616750969862164,0.0502,1
0.5,900,steps,smoothing-aimbot,flick,0.07107130093250075,0.0704,1
0.5,900,steps,smoothing-aimbot,flick,0.0541158561513095,0.0906,1
0.5,900,steps,smoothing-aimbot,flick,0.041660358572490806,0.1106,1
0.5,900,steps,smoothing-aimbot,flick,0.031224598733925257,0.1308,1
0.5,900,steps,smoothing-aimbot,flick,0.021889504672587243,0.151,1
0.5,900,steps,smoothing-aimbot,flick,0.015918561906393697,0.171,1
0.5,900,steps,smoothing-aimbot,flick,0.01134367270186763,0.1912,1
0.5,900,steps,smoothing-aimbot,flick,0.007652748494758926,0.2114,1
0.5,900,steps,smoothing-aimbot,flick,0.005015179617658206,0.2316,1
0.5,900,steps,smoothing-aimbot,flick,0.0031372004767502445,0.2518,1
0.5,900,steps,smoothing-aimbot,flick,0.0017654672758223274,0.272,1
0.5,900,steps,smoothing-aimbot,flick,0.0005232080131176505,0.2922,1
0.5,900,steps,smoothing-aimbot,flick,0.000043789800431527005,0.3124,1
0.5,900,steps,smoothing-aimbot,flick,-0.00000006564951408059491,0.6876,1
0.5,900,steps,smoothing-aimbot,flick,-0.00031571542601535575,0.7076,1
0.5,900,steps,smoothing-aimbot,flick,-0.0011433412459226733,0.7276,1
0.5,900,steps,smoothing-aimbot,flick,-0.002428921110569775,0.7476,1
0.5,900,steps,smoothing-aimbot,flick,-0.004361083301656011,0.7678,1
0.5,900,steps,smoothing-aimbot,flick,-0.007121720602131604,0.788,1
0.5,900,steps,smoothing-aimbot,flick,-0.010644805315523776,0.808,1
0.5,900,steps,smoothing-aimbot,flick,-0.015469142492290103,0.8282,1
0.5,900,steps,smoothing-aimbot,flick,-0.021940468585437235,0.8484,1
0.5,900,steps,smoothing-aimbot,flick,-0.028373579357992867,0.8686,1
0.5,900,steps,smoothing-aimbot,flick,-0.03824222813874034,0.8888,1
0.5,900,steps,smoothing-aimbot,flick,-0.04943771157551649,0.9088,1
0.5,900,steps,smoothing-aimbot,flick,-0.06543178129852412,0.929,1
0.5,900,steps,smoothing-aimbot,flick,-0.08727356604644547,0.9492,1
0.5,900,steps,smoothing-aimbot,flick,-0.13008296631629365,0.9694,1
0.5,900,steps,smoothing-aimbot,flick,-0.2353339617822355,0.9896,1
0.5,900,steps,smoothing-aimbot,flick,-inf,1,1
0.5,900,error,fast-adaptive-aimbot,flick,inf,0,0
0.5,900,error,fast-adaptive-aimbot,flick,0.9999908602273128,0,1
0.5,900,error,fast-adaptive-aimbot,flick,0.7344698532212837,0.0002,1
0.5,900,error,fast-adaptive-aimbot,flick,0.48346821305399734,0.0004,1
0.5,900,error,fast-adaptive-aimbot,flick,0.4373249412776274,0.0006,1
0.5,900,error,fast-adaptive-aimbot,flick,0.33404424876833727,0.0008,1
0.5,900,error,fast-adaptive-aimbot,flick,0.2745584499436222,0.001,1
0.5,900,error,fast-adaptive-aimbot,flick,0.2522591428436067,0.0012,1
0.5,900,error,fast-adaptive-aimbot,flick,0.22508739451223736,0.0014,1
0.5,900,error,fast-adaptive-aimbot,flick,0.20341151429800083,0.0016,1
0.5,900,error,fast-adaptive-aimbot,flick,0.1305263230148154,0.0018,1
0.5,900,error,fast-adaptive-aimbot,flick,0.1294716790239316,0.002,1
0.5,900,error,fast-adaptive-aimbot,flick,0.10532476088165482,0.0022,1
0.5,900,error,fast-adaptive-aimbot,flick,0.07851083542768257,0.0024,1
0.5,900,error,fast-adaptive-aimbot,flick,0.07587012011253,0.0026,1
0.5,900,error,fast-adaptive-aimbot,flick,0.06820772109112526,0.0028,1
0.5,900,error,fast-adaptive-aimbot,flick,0.05807090240466972,0.003,1
0.5,900,error,fast-adaptive-aimbot,flick,0.04982650149190763,0.0032,1
0.5,900,error,fast-adaptive-aimbot,flick,0.04494323701534922,0.0034,1
0.5,900,error,fast-adaptive-aimbot,flick,0.04119005292359393,0.0036,1
0.5,900,error,fast-adaptive-aimbot,flick,0.020265904403413155,0.0038,1
0.5,900,error,fast-adaptive-aimbot,flick,0.017705999221157048,0.004,1
0.5,900,error,fast-adaptive-aimbot,flick,0.015386872430376557,0.0042,1
0.5,900,error,fast-adaptive-aimbot,flick,0.01394541512009832,0.0044,1
0.5,900,error,fast-adaptive-aimbot,flick,0.010588834573417739,0.0046,1
0.5,900,error,fast-adaptive-aimbot,flick,0.007861771778002147,0.0048,1
0.5,900,error,fast-adaptive-aimbot,flick,0.004790620628194421,0.005,1
0.5,900,error,fast-adaptive-aimbot,flick,0.00010280041403439492,0.0052,1
0.5,900,error,fast-adaptive-aimbot,flick,-0.0015262205852112167,0.0054,1
0.5,900,error,fast-adaptive-aimbot,flick,-0.0051605927268318155,0.0056,1
0.5,900,error,fast-adaptive-aimbot,flick,-0.0109239260900856,0.0058,1
0.5,900,error,fast-adaptive-aimbot,flick,-0.018413250672562075,0.006,1
0.5,900,error,fast-adaptive-aimbot,flick,-0.021817015738416354,0.0062,1
0.5,900,error,fast-adaptive-aimbot,flick,-0.022808417622118892,0.0064,1
0.5,900,error,fast-adaptive-aimbot,flick,-0.02535972039586891,0.0066,1
0.5,900,error,fast-adaptive-aimbot,flick,-0.02605583649815748,0.0068,1
0.5,900,error,fast-adaptive-aimbot,flick,-0.028390285464263327,0.007,1
0.5,900,error,fast-adaptive-aimbot,flick,-0.028967768435791096,0.0072,1
0.5,900,error,fast-adaptive-aimbot,flick,-0.03321537046899069,0.0074,1
0.5,900,error,fast-adaptive-aimbot,flick,-0.034444824281755555,0.0076,1
0.5,900,error,fast-adaptive-aimbot,flick,-0.04067831329953562,0.0078,1
0.5,900,error,fast-adaptive-aimbot,flick,-0.04126398639057138,0.008,1
0.5,900,error,fast-adaptive-aimbot,flick,-0.04200218670823242,0.0082,1
0.5,900,error,fast-adaptive-aimbot,flick,-0.0438806091121183,0.0084,1
0.5,900,error,fast-adaptive-aimbot,flick,-0.04597091482056592,0.0086,1
0.5,900,error,fast-adaptive-aimbot,flick,-0.05887662269775161,0.0088,1
0.5,900,error,fast-adaptive-aimbot,flick,-0.061323823198085825,0.009,1
0.5,900,error,fast-adaptive-aimbot,flick,-0.0659035769123253,0.0092,1
0.5,900,error,fast-adaptive-aimbot,flick,-0.07414710474030767,0.0094,1
0.5,900,error,fast-adaptive-aimbot,flick,-0.07849460810233184,0.0096,1
0.5,900,error,fast-adaptive-aimbot,flick,-0.08129321531123873,0.0098,1
0.5,900,error,fast-adaptive-aimbot,flick,-0.0845981071188854,0.01,1
0.5,900,error,fast-adaptive-aimbot,flick,-0.08470327075403457,0.0102,1
0.5,900,error,fast-adaptive-aimbot,flick,-0.4263223349571834,0.0302,1
0.5,900,error,fast-adaptive-aimbot,flick,-0.7486059938846212,0.0502,1
0.5,900,error,fast-adaptive-aimbot,flick,-1.0345287152253362,0.0704,1
0.5,900,error,fast-adaptive-aimbot,flick,-1.2995720628899396,0.0906,1
0.5,900,error,fast-adaptive-aimbot,flick,-1.5856770678168326,0.1106,1
0.5,900,error,fast-adaptive-aimbot,flick,-1.7970840817765514,0.1308,1
0.5,900,error,fast-adaptive-aimbot,flick,-2.003503015274039,0.151,1
0.5,900,error,fast-adaptive-aimbot,flick,-2.2222789779309826,0.171,1
0.5,900,error,fast-adaptive-aimbot,flick,-2.422260272714648,0.1912,1
0.5,900,error,fast-adaptive-aimbot,flick,-2.6066373450757796,0.2114,1
0.5,900,error,fast-adaptive-aimbot,flick,-2.81732118923951,0.2316,1
0.5,900,error,fast-adaptive-aimbot,flick,-3.011351086586029,0.2518,1
0.5,900,error,fast-adaptive-aimbot,flick,-3.1621684544934436,0.272,1
0.5,900,error,fast-adaptive-aimbot,flick,-3.3233302389557067,0.2922,1
0.5,900,error,fast-adaptive-aimbot,flick,-3.490734967223878,0.3124,1
0.5,900,error,fast-adaptive-aimbot,flick,-3.6741098667552694,0.3326,1
0.5,900,error,fast-adaptive-aimbot,flick,-3.8600526871629817,0.3526,1
0.5,900,error,fast-adaptive-aimbot,flick,-4.039900672715319,0.3728,1
0.5,900,error,fast-adaptive-aimbot,flick,-4.204771091213731,0.393,1
0.5,900,error,fast-adaptive-aimbot,flick,-4.386294505540778,0.4132,1
0.5,900,error,fast-adaptive-aimbot,flick,-4.589371798909357,0.4334,1
0.5,900,error,fast-adaptive-aimbot,flick,-4.7797272373740265,0.4534,1
0.5,900,error,fast-adaptive-aimbot,flick,-4.949859706545233,0.4736,1
0.5,900,error,fast-adaptive-aimbot,flick,-5.148670319514472,0.4938,1
0.5,900,error,fast-adaptive-aimbot,flick,-5.33604699920503,0.5138,1
0.5,900,error,fast-adaptive-aimbot,flick,-5.574926391838766,0.5338,1
0.5,900,error,fast-adaptive-aimbot,flick,-5.7980901959904285,0.554,1
0.5,900,error,fast-adaptive-aimbot,flick,-5.994102922890964,0.5742,1
0.5,900,error,fast-adaptive-aimbot,flick,-6.189289483540337,0.5944,1
0.5,900,error,fast-adaptive-aimbot,flick,-6.382415456919294,0.6146,1
0.5,900,error,fast-adaptive-aimbot,flick,-6.611667027250464,0.6346,1
0.5,900,error,fast-adaptive-aimbot,flick,-6.801791027555394,0.6548,1
0.5,900,error,fast-adaptive-aimbot,flick,-7.086857060261179,0.675,1
0.5,900,error,fast-adaptive-aimbot,flick,-7.348039165390577,0.6952,1
0.5,900,error,fast-adaptive-aimbot,flick,-7.558435124871576,0.7154,1
0.5,900,error,fast-adaptive-aimbot,flick,-7.784217150419061,0.7354,1
0.5,900,error,fast-adaptive-aimbot,flick,-8.099158006340764,0.7556,1
0.5,900,error,fast-adaptive-aimbot,flick,-8.457414933441003,0.7758,1
0.5,900,error,fast-adaptive-aimbot,flick,-8.791419009935074,0.796,1
0.5,900,error,fast-adaptive-aimbot,flick,-9.170849195732842,0.8162,1
0.5,900,error,fast-adaptive-aimbot,flick,-9.550814250364713,0.8362,1
0.5,900,error,fast-adaptive-aimbot,flick,-9.92256318117516,0.8564,1
0.5,900,error,fast-adaptive-aimbot,flick,-10.433942643193214,0.8766,1
0.5,900,error,fast-adaptive-aimbot,flick,-11.058156125072282,0.8968,1
0.5,900,error,fast-adaptive-aimbot,flick,-11.696650715898622,0.917,1
0.5,900,error,fast-adaptive-aimbot,flick,-12.489056895558008,0.937,1
0.5,900,error,fast-adaptive-aimbot,flick,-13.763624927080192,0.9572,1
0.5,900,error,fast-adaptive-aimbot,flick,-15.679274231280765,0.9774,1
0.5,900,error,fast-adaptive-aimbot,flick,-21.458959668828367,0.9976,1
0.5,900,error,fast-adaptive-aimbot,flick,-inf,1,1
1,30,error,recoil-macro,spray,inf,0,0
1,30,error,recoil-macro,spray,0,0,0
1,30,error,recoil-macro,spray,-inf,1,1
1,30,error,flick-aimbot,flick,inf,0,0
1,30,error,flick-aimbot,flick,4.4407256389846355,0,1
1,30,error,flick-aimbot,flick,4.213379780313363,0.0002,1
1,30,error,flick-aimbot,flick,4.162162404141258,0.0004,1
1,30,error,flick-aimbot,flick,3.623984636695936,0.0006,1
1,30,error,flick-aimbot,flick,3.604596942705698,0.0008,1
1,30,error,flick-aimbot,flick,3.352313468916012,0.001,1
1,30,error,flick-aimbot,flick,3.1633731744399687,0.0012,1
1,30,error,flick-aimbot,flick,2.86889389440002,0.0014,1
1,30,error,flick-aimbot,flick,2.7839435856813766,0.0016,1
1,30,error,flick-aimbot,flick,2.7457169719507775,0.0018,1
1,30,error,flick-aimbot,flick,2.561430559532747,0.002,1
1,30,error,flick-aimbot,flick,2.2792121626333195,0.0022,1
1,30,error,flick-aimbot,flick,2.1866262098881415,0.0024,1
1,30,error,flick-aimbot,flick,2.0473424476973836,0.0026,1
1,30,error,flick-aimbot,flick,2.0156129056631173,0.0028,1
1,30,error,flick-aimbot,flick,1.9459229822323594,0.003,1
1,30,error,flick-aimbot,flick,1.8414711027299995,0.0032,1
1,30,error,flick-aimbot,flick,1.8366072557276105,0.0034,1
1,30,error,flick-aimbot,flick,1.7692612026645111,0.0036,1
1,30,error,flick-aimbot,flick,1.7646325265894516,0.0038,1
1,30,error,flick-aimbot,flick,1.758090216561647,0.004,1
1,30,error,flick-aimbot,flick,1.6694057448034634,0.0042,1
1,30,error,flick-aimbot,flick,1.6669174980145387,0.0044,1
1,30,error,flick-aimbot,flick,1.6640137284157084,0.0046,1
1,30,error,flick-aimbot,flick,1.6572754640284495,0.0048,1
1,30,error,flick-aimbot,flick,1.6066573810712743,0.005,1
1,30,error,flick-aimbot,flick,1.6027916814405543,0.0052,1
1,30,error,flick-aimbot,flick,1.56509981175119,0.0054,1
1,30,error,flick-aimbot,flick,1.5584855524299106,0.0056,1
1,30,error,flick-aimbot,flick,1.5447543491536455,0.0058,1
1,30,error,flick-aimbot,flick,1.5433886984043002,0.006,1
1,30,error,flick-aimbot,flick,1.5407897654407068,0.0062,1
1,30,error,flick-aimbot,flick,1.5033064902770545,0.0064,1
1,30,error,flick-aimbot,flick,1.4977859078624156,0.0066,1
1,30,error,flick-aimbot,flick,1.48555221677699,0.0068,1
1,30,error,flick-aimbot,flick,1.4627449960947225,0.007,1
1,30,error,flick-aimbot,flick,1.4521265070302956,0.0072,1
1,30,error,flick-aimbot,flick,1.4472691790671899,0.0074,1
1,30,error,flick-aimbot,flick,1.4048263918883026,0.0076,1
1,30,error,flick-aimbot,flick,1.3975810688573649,0.0078,1
1,30,error,flick-aimbot,flick,1.3550002329486255,0.008,1
1,30,error,flick-aimbot,flick,1.3392203796249353,0.0082,1
1,30,error,flick-aimbot,flick,1.2447070473824462,0.0084,1
1,30,error,flick-aimbot,flick,1.2425519787558923,0.0086,1
1,30,error,flick-aimbot,flick,1.2132237870908427,0.0088,1
1,30,error,flick-aimbot,flick,1.1934742911707976,0.009,1
1,30,error,flick-aimbot,flick,1.1419934181199574,0.0092,1
1,30,error,flick-aimbot,flick,1.1382036147764323,0.0094,1
1,30,error,flick-aimbot,flick,1.1218141007905849,0.0096,1
1,30,error,flick-aimbot,flick,1.1201830344303716,0.0098,1
1,30,error,flick-aimbot,flick,1.111476453492585,0.01,1
1,30,error,flick-aimbot,flick,1.1048693597796362,0.0102,1
1,30,error,flick-aimbot,flick,0.48858089956056794,0.0302,1
1,30,error,flick-aimbot,flick,0.2568023743586241,0.0502,1
1,30,error,flick-aimbot,flick,0.14524933790722755,0.0704,1
1,30,error,flick-aimbot,flick,0.0736006664735853,0.0906,1
1,30,error,flick-aimbot,flick,0.03459746712973178,0.1106,1
1,30,error,flick-aimbot,flick,0.011029344481697822,0.1308,1
1,30,error,flick-aimbot,flick,0.0010656177946118358,0.151,1
1,30,error,flick-aimbot,flick,-0.001099912444685286,0.171,1
1,30,error,flick-aimbot,flick,-0.008101601508674046,0.1912,1
1,30,error,flick-aimbot,flick,-0.022416401229835577,0.2114,1
1,30,error,flick-aimbot,flick,-0.03519082318840405,0.2316,1
1,30,error,flick-aimbot,flick,-0.05604258635000862,0.2518,1
1,30,error,flick-aimbot,flick,-0.08098277055609042,0.272,1
1,30,error,flick-aimbot,flick,-0.1114369404140249,0.2922,1
1,30,error,flick-aimbot,flick,-0.143634533422672,0.3124,1
1,30,error,flick-aimbot,flick,-0.1830083738425322,0.3326,1
1,30,error,flick-aimbot,flick,-0.2221368810509073,0.3526,1
1,30,error,flick-aimbot,flick,-0.26757511829541775,0.3728,1
1,30,error,flick-aimbot,flick,-0.3192887125663319,0.393,1
1,30,error,flick-aimbot,flick,-0.3694277116243775,0.4132,1
1,30,error,flick-aimbot,flick,-0.43358707647258027,0.4334,1
1,30,error,flick-aimbot,flick,-0.49296707999039635,0.4534,1
1,30,error,flick-aimbot,flick,-0.5550243894783986,0.4736,1
1,30,error,flick-aimbot,flick,-0.6151176439670114,0.4938,1
1,30,error,flick-aimbot,flick,-0.66827226779614,0.5138,1
1,30,error,flick-aimbot,flick,-0.7295923965685474,0.5338,1
1,30,error,flick-aimbot,flick,-0.8086065103188865,0.554,1
1,30,error,flick-aimbot,flick,-0.8914786436143403,0.5742,1
1,30,error,flick-aimbot,flick,-0.9873334086642912,0.5944,1
1,30,error,flick-aimbot,flick,-1.0815617198609193,0.6146,1
1,30,error,flick-aimbot,flick,-1.17639629193437,0.6346,1
1,30,error,flick-aimbot,flick,-1.2729986489221239,0.6548,1
1,30,error,flick-aimbot,flick,-1.3850896173416019,0.675,1
1,30,error,flick-aimbot,flick,-1.491578121400044,0.6952,1
1,30,error,flick-aimbot,flick,-1.6124828857485547,0.7154,1
1,30,error,flick-aimbot,flick,-1.7243882869753855,0.7354,1
1,30,error,flick-aimbot,flick,-1.8506707407943777,0.7556,1
1,30,error,flick-aimbot,flick,-1.988840617379941,0.7758,1
1,30,error,flick-aimbot,flick,-2.1387259244790613,0.796,1
1,30,error,flick-aimbot,flick,-2.3002759944013116,0.8162,1
1,30,error,flick-aimbot,flick,-2.4715221990893754,0.8362,1
1,30,error,flick-aimbot,flick,-2.669474356180426,0.8564,1
1,30,error,flick-aimbot,flick,-2.922262264364958,0.8766,1
1,30,error,flick-aimbot,flick,-3.233134090333041,0.8968,1
1,30,error,flick-aimbot,flick,-3.5548498701836824,0.917,1
1,30,error,flick-aimbot,flick,-4.183412592071769,0.937,1
1,30,error,flick-aimbot,flick,-4.789512335471854,0.9572,1
1,30,error,flick-aimbot,flick,-5.866763788378103,0.9774,1
1,30,error,flick-aimbot,flick,-9.410789938464285,0.9976,1
1,30,error,flick-aimbot,flick,-inf,1,1
1,30,error,humanised-aimbot,flick,inf,0,0
1,30,error,humanised-aimbot,flick,4.4407256389846355,0,0.682
1,30,error,humanised-aimbot,flick,4.213379780313363,0.0002,0.7
1,30,error,humanised-aimbot,flick,4.162162404141258,0.0004,0.708
1,30,error,humanised-aimbot,flick,3.623984636695936,0.0006,0.768
1,30,error,humanised-aimbot,flick,3.604596942705698,0.0008,0.772
1,30,error,humanised-aimbot,flick,3.352313468916012,0.001,0.798
1,30,error,humanised-aimbot,flick,3.1633731744399687,0.0012,0.808
1,30,error,humanised-aimbot,flick,2.86889389440002,0.0014,0.836
1,30,error,humanised-aimbot,flick,2.7839435856813766,0.0016,0.842
1,30,error,humanised-aimbot,flick,2.7457169719507775,0.0018,0.844
1,30,error,humanised-aimbot,flick,2.561430559532747,0.002,0.85
1,30,error,humanised-aimbot,flick,2.2792121626333195,0.0022,0.884
1,30,error,humanised-aimbot,flick,2.1866262098881415,0.0024,0.892
1,30,error,humanised-aimbot,flick,2.0473424476973836,0.0026,0.9
1,30,error,humanised-aimbot,flick,2.0156129056631173,0.0028,0.904
1,30,error,humanised-aimbot,flick,1.9459229822323594,0.003,0.91
1,30,error,humanised-aimbot,flick,1.8414711027299995,0.0032,0.922
1,30,error,humanised-aimbot,flick,1.8366072557276105,0.0034,0.922
1,30,error,humanised-aimbot,flick,1.7692612026645111,0.0036,0.932
1,30,error,humanised-aimbot,flick,1.7646325265894516,0.0038,0.932
1,30,error,humanised-aimbot,flick,1.758090216561647,0.004,0.932
1,30,error,humanised-aimbot,flick,1.6694057448034634,0.0042,0.94
1,30,error,humanised-aimbot,flick,1.6669174980145387,0.0044,0.94
1,30,error,humanised-aimbot,flick,1.6640137284157084,0.0046,0.94
1,30,error,humanised-aimbot,flick,1.6572754640284495,0.0048,0.94
1,30,error,humanised-aimbot,flick,1.6066573810712743,0.005,0.944
1,30,error,humanised-aimbot,flick,1.6027916814405543,0.0052,0.944
1,30,error,humanised-aimbot,flick,1.56509981175119,0.0054,0.944
1,30,error,humanised-aimbot,flick,1.5584855524299106,0.0056,0.948
1,30,error,humanised-aimbot,flick,1.5447543491536455,0.0058,0.948
1,30,error,humanised-aimbot,flick,1.5433886984043002,0.006,0.948
1,30,error,humanised-aimbot,flick,1.5407897654407068,0.0062,0.948
1,30,error,humanised-aimbot,flick,1.5033064902770545,0.0064,0.952
1,30,error,humanised-aimbot,flick,1.4977859078624156,0.0066,0.954
1,30,error,humanised-aimbot,flick,1.48555221677699,0.0068,0.954
1,30,error,humanised-aimbot,flick,1.4627449960947225,0.007,0.954
1,30,error,humanised-aimbot,flick,1.4521265070302956,0.0072,0.954
1,30,error,humanised-aimbot,flick,1.4472691790671899,0.0074,0.954
1,30,error,humanised-aimbot,flick,1.4048263918883026,0.0076,0.956
1,30,error,humanised-aimbot,flick,1.3975810688573649,0.0078,0.956
1,30,error,humanised-aimbot,flick,1.3550002329486255,0.008,0.96
1,30,error,humanised-aimbot,flick,1.3392203796249353,0.0082,0.96
1,30,error,humanised-aimbot,flick,1.2447070473824462,0.0084,0.964
1,30,error,humanised-aimbot,flick,1.2425519787558923,0.0086,0.964
1,30,error,humanised-aimbot,flick,1.2132237870908427,0.0088,0.964
1,30,error,humanised-aimbot,flick,1.1934742911707976,0.009,0.966
1,30,error,humanised-aimbot,flick,1.1419934181199574,0.0092,0.968
1,30,error,humanised-aimbot,flick,1.1382036147764323,0.0094,0.968
1,30,error,humanised-aimbot,flick,1.1218141007905849,0.0096,0.968
1,30,error,humanised-aimbot,flick,1.1201830344303716,0.0098,0.968
1,30,error,humanised-aimbot,flick,1.111476453492585,0.01,0.968
1,30,error,humanised-aimbot,flick,1.1048693597796362,0.0102,0.968
1,30,error,humanised-aimbot,flick,0.48858089956056794,0.0302,0.988
1,30,error,humanised-aimbot,flick,0.2568023743586241,0.0502,0.992
1,30,error,humanised-aimbot,flick,0.14524933790722755,0.0704,0.996
1,30,error,humanised-aimbot,flick,0.0736006664735853,0.0906,1
1,30,error,humanised-aimbot,flick,0.03459746712973178,0.1106,1
1,30,error,humanised-aimbot,flick,0.011029344481697822,0.1308,1
1,30,error,humanised-aimbot,flick,0.0010656177946118358,0.151,1
1,30,error,humanised-aimbot,flick,-0.001099912444685286,0.171,1
1,30,error,humanised-aimbot,flick,-0.008101601508674046,0.1912,1
1,30,error,humanised-aimbot,flick,-0.022416401229835577,0.2114,1
1,30,error,humanised-aimbot,flick,-0.03519082318840405,0.2316,1
1,30,error,humanised-aimbot,flick,-0.05604258635000862,0.2518,1
1,30,error,humanised-aimbot,flick,-0.08098277055609042,0.272,1
1,30,error,humanised-aimbot,flick,-0.1114369404140249,0.2922,1
1,30,error,humanised-aimbot,flick,-0.143634533422672,0.3124,1
1,30,error,humanised-aimbot,flick,-0.1830083738425322,0.3326,1
1,30,error,humanised-aimbot,flick,-0.2221368810509073,0.3526,1
1,30,error,humanised-aimbot,flick,-0.26757511829541775,0.3728,1
1,30,error,humanised-aimbot,flick,-0.3192887125663319,0.393,1
1,30,error,humanised-aimbot,flick,-0.3694277116243775,0.4132,1
1,30,error,humanised-aimbot,flick,-0.43358707647258027,0.4334,1
1,30,error,humanised-aimbot,flick,-0.49296707999039635,0.4534,1
1,30,error,humanised-aimbot,flick,-0.5550243894783986,0.4736,1
1,30,error,humanised-aimbot,flick,-0.6151176439670114,0.4938,1
1,30,error,humanised-aimbot,flick,-0.66827226779614,0.5138,1
1,30,error,humanised-aimbot,flick,-0.7295923965685474,0.5338,1
1,30,error,humanised-aimbot,flick,-0.8086065103188865,0.554,1
1,30,error,humanised-aimbot,flick,-0.8914786436143403,0.5742,1
1,30,error,humanised-aimbot,flick,-0.9873334086642912,0.5944,1
1,30,error,humanised-aimbot,flick,-1.0815617198609193,0.6146,1
1,30,error,humanised-aimbot,flick,-1.17639629193437,0.6346,1
1,30,error,humanised-aimbot,flick,-1.2729986489221239,0.6548,1
1,30,error,humanised-aimbot,flick,-1.3850896173416019,0.675,1
1,30,error,humanised-aimbot,flick,-1.491578121400044,0.6952,1
1,30,error,humanised-aimbot,flick,-1.6124828857485547,0.7154,1
1,30,error,humanised-aimbot,flick,-1.7243882869753855,0.7354,1
1,30,error,humanised-aimbot,flick,-1.8506707407943777,0.7556,1
1,30,error,humanised-aimbot,flick,-1.988840617379941,0.7758,1
1,30,error,humanised-aimbot,flick,-2.1387259244790613,0.796,1
1,30,error,humanised-aimbot,flick,-2.3002759944013116,0.8162,1
1,30,error,humanised-aimbot,flick,-2.4715221990893754,0.8362,1
1,30,error,humanised-aimbot,flick,-2.669474356180426,0.8564,1
1,30,error,humanised-aimbot,flick,-2.922262264364958,0.8766,1
1,30,error,humanised-aimbot,flick,-3.233134090333041,0.8968,1
1,30,error,humanised-aimbot,flick,-3.5548498701836824,0.917,1
1,30,error,humanised-aimbot,flick,-4.183412592071769,0.937,1
1,30,error,humanised-aimbot,flick,-4.789512335471854,0.9572,1
1,30,error,humanised-aimbot,flick,-5.866763788378103,0.9774,1
1,30,error,humanised-aimbot,flick,-9.410789938464285,0.9976,1
1,30,error,humanised-aimbot,flick,-inf,1,1
1,30,error,adaptive-aimbot,flick,inf,0,0
1,30,error,adaptive-aimbot,flick,4.4407256389846355,0,0.904
1,30,error,adaptive-aimbot,flick,4.213379780313363,0.0002,0.912
1,30,error,adaptive-aimbot,flick,4.162162404141258,0.0004,0.914
1,30,error,adaptive-aimbot,flick,3.623984636695936,0.0006,0.93
1,30,error,adaptive-aimbot,flick,3.604596942705698,0.0008,0.932
1,30,error,adaptive-aimbot,flick,3.352313468916012,0.001,0.944
1,30,error,adaptive-aimbot,flick,3.1633731744399687,0.0012,0.946
1,30,error,adaptive-aimbot,flick,2.86889389440002,0.0014,0.956
1,30,error,adaptive-aimbot,flick,2.7839435856813766,0.0016,0.958
1,30,error,adaptive-aimbot,flick,2.7457169719507775,0.0018,0.958
1,30,error,adaptive-aimbot,flick,2.561430559532747,0.002,0.966
1,30,error,adaptive-aimbot,flick,2.2792121626333195,0.0022,0.966
1,30,error,adaptive-aimbot,flick,2.1866262098881415,0.0024,0.968
1,30,error,adaptive-aimbot,flick,2.0473424476973836,0.0026,0.97
1,30,error,adaptive-aimbot,flick,2.0156129056631173,0.0028,0.97
1,30,error,adaptive-aimbot,flick,1.9459229822323594,0.003,0.97
1,30,error,adaptive-aimbot,flick,1.8414711027299995,0.0032,0.972
1,30,error,adaptive-aimbot,flick,1.8366072557276105,0.0034,0.972
1,30,error,adaptive-aimbot,flick,1.7692612026645111,0.0036,0.972
1,30,error,adaptive-aimbot,flick,1.7646325265894516,0.0038,0.972
1,30,error,adaptive-aimbot,flick,1.758090216561647,0.004,0.972
1,30,error,adaptive-aimbot,flick,1.6694057448034634,0.0042,0.974
1,30,error,adaptive-aimbot,flick,1.6669174980145387,0.0044,0.974
1,30,error,adaptive-aimbot,flick,1.6640137284157084,0.0046,0.974
1,30,error,adaptive-aimbot,flick,1.6572754640284495,0.0048,0.974
1,30,error,adaptive-aimbot,flick,1.6066573810712743,0.005,0.974
1,30,error,adaptive-aimbot,flick,1.6027916814405543,0.0052,0.974
1,30,error,adaptive-aimbot,flick,1.56509981175119,0.0054,0.974
1,30,error,adaptive-aimbot,flick,1.5584855524299106,0.0056,0.974
1,30,error,adaptive-aimbot,flick,1.5447543491536455,0.0058,0.974
1,30,error,adaptive-aimbot,flick,1.5433886984043002,0.006,0.974
1,30,error,adaptive-aimbot,flick,1.5407897654407068,0.0062,0.974
1,30,error,adaptive-aimbot,flick,1.5033064902770545,0.0064,0.974
1,30,error,adaptive-aimbot,flick,1.4977859078624156,0.0066,0.974
1,30,error,adaptive-aimbot,flick,1.48555221677699,0.0068,0.974
1,30,error,adaptive-aimbot,flick,1.4627449960947225,0.007,0.974
1,30,error,adaptive-aimbot,flick,1.4521265070302956,0.0072,0.974
1,30,error,adaptive-aimbot,flick,1.4472691790671899,0.0074,0.974
1,30,error,adaptive-aimbot,flick,1.4048263918883026,0.0076,0.974
1,30,error,adaptive-aimbot,flick,1.3975810688573649,0.0078,0.974
1,30,error,adaptive-aimbot,flick,1.3550002329486255,0.008,0.976
1,30,error,adaptive-aimbot,flick,1.3392203796249353,0.0082,0.976
1,30,error,adaptive-aimbot,flick,1.2447070473824462,0.0084,0.98
1,30,error,adaptive-aimbot,flick,1.2425519787558923,0.0086,0.98
1,30,error,adaptive-aimbot,flick,1.2132237870908427,0.0088,0.98
1,30,error,adaptive-aimbot,flick,1.1934742911707976,0.009,0.98
1,30,error,adaptive-aimbot,flick,1.1419934181199574,0.0092,0.98
1,30,error,adaptive-aimbot,flick,1.1382036147764323,0.0094,0.98
1,30,error,adaptive-aimbot,flick,1.1218141007905849,0.0096,0.982
1,30,error,adaptive-aimbot,flick,1.1201830344303716,0.0098,0.982
1,30,error,adaptive-aimbot,flick,1.111476453492585,0.01,0.984
1,30,error,adaptive-aimbot,flick,1.1048693597796362,0.0102,0.984
1,30,error,adaptive-aimbot,flick,0.48858089956056794,0.0302,0.992
1,30,error,adaptive-aimbot,flick,0.2568023743586241,0.0502,0.992
1,30,error,adaptive-aimbot,flick,0.14524933790722755,0.0704,0.996
1,30,error,adaptive-aimbot,flick,0.0736006664735853,0.0906,0.998
1,30,error,adaptive-aimbot,flick,0.03459746712973178,0.1106,0.998
1,30,error,adaptive-aimbot,flick,0.011029344481697822,0.1308,0.998
1,30,error,adaptive-aimbot,flick,0.0010656177946118358,0.151,0.998
1,30,error,adaptive-aimbot,flick,-0.001099912444685286,0.171,0.998
1,30,error,adaptive-aimbot,flick,-0.008101601508674046,0.1912,0.998
1,30,error,adaptive-aimbot,flick,-0.022416401229835577,0.2114,0.998
1,30,error,adaptive-aimbot,flick,-0.03519082318840405,0.2316,0.998
1,30,error,adaptive-aimbot,flick,-0.05604258635000862,0.2518,1
1,30,error,adaptive-aimbot,flick,-0.08098277055609042,0.272,1
1,30,error,adaptive-aimbot,flick,-0.1114369404140249,0.2922,1
1,30,error,adaptive-aimbot,flick,-0.143634533422672,0.3124,1
1,30,error,adaptive-aimbot,flick,-0.1830083738425322,0.3326,1
1,30,error,adaptive-aimbot,flick,-0.2221368810509073,0.3526,1
1,30,error,adaptive-aimbot,flick,-0.26757511829541775,0.3728,1
1,30,error,adaptive-aimbot,flick,-0.3192887125663319,0.393,1
1,30,error,adaptive-aimbot,flick,-0.3694277116243775,0.4132,1
1,30,error,adaptive-aimbot,flick,-0.43358707647258027,0.4334,1
1,30,error,adaptive-aimbot,flick,-0.49296707999039635,0.4534,1
1,30,error,adaptive-aimbot,flick,-0.5550243894783986,0.4736,1
1,30,error,adaptive-aimbot,flick,-0.6151176439670114,0.4938,1
1,30,error,adaptive-aimbot,flick,-0.66827226779614,0.5138,1
1,30,error,adaptive-aimbot,flick,-0.7295923965685474,0.5338,1
1,30,error,adaptive-aimbot,flick,-0.8086065103188865,0.554,1
1,30,error,adaptive-aimbot,flick,-0.8914786436143403,0.5742,1
1,30,error,adaptive-aimbot,flick,-0.9873334086642912,0.5944,1
1,30,error,adaptive-aimbot,flick,-1.0815617198609193,0.6146,1
1,30,error,adaptive-aimbot,flick,-1.17639629193437,0.6346,1
1,30,error,adaptive-aimbot,flick,-1.2729986489221239,0.6548,1
1,30,error,adaptive-aimbot,flick,-1.3850896173416019,0.675,1
1,30,error,adaptive-aimbot,flick,-1.491578121400044,0.6952,1
1,30,error,adaptive-aimbot,flick,-1.6124828857485547,0.7154,1
1,30,error,adaptive-aimbot,flick,-1.7243882869753855,0.7354,1
1,30,error,adaptive-aimbot,flick,-1.8506707407943777,0.7556,1
1,30,error,adaptive-aimbot,flick,-1.988840617379941,0.7758,1
1,30,error,adaptive-aimbot,flick,-2.1387259244790613,0.796,1
1,30,error,adaptive-aimbot,flick,-2.3002759944013116,0.8162,1
1,30,error,adaptive-aimbot,flick,-2.4715221990893754,0.8362,1
1,30,error,adaptive-aimbot,flick,-2.669474356180426,0.8564,1
1,30,error,adaptive-aimbot,flick,-2.922262264364958,0.8766,1
1,30,error,adaptive-aimbot,flick,-3.233134090333041,0.8968,1
1,30,error,adaptive-aimbot,flick,-3.5548498701836824,0.917,1
1,30,error,adaptive-aimbot,flick,-4.183412592071769,0.937,1
1,30,error,adaptive-aimbot,flick,-4.789512335471854,0.9572,1
1,30,error,adaptive-aimbot,flick,-5.866763788378103,0.9774,1
1,30,error,adaptive-aimbot,flick,-9.410789938464285,0.9976,1
1,30,error,adaptive-aimbot,flick,-inf,1,1
1,30,error,smoothing-aimbot,flick,inf,0,0
1,30,error,smoothing-aimbot,flick,4.4407256389846355,0,0.008
1,30,error,smoothing-aimbot,flick,4.213379780313363,0.0002,0.008
1,30,error,smoothing-aimbot,flick,4.162162404141258,0.0004,0.008
1,30,error,smoothing-aimbot,flick,3.623984636695936,0.0006,0.012
1,30,error,smoothing-aimbot,flick,3.604596942705698,0.0008,0.012
1,30,error,smoothing-aimbot,flick,3.352313468916012,0.001,0.014
1,30,error,smoothing-aimbot,flick,3.1633731744399687,0.0012,0.016
1,30,error,smoothing-aimbot,flick,2.86889389440002,0.0014,0.02
1,30,error,smoothing-aimbot,flick,2.7839435856813766,0.0016,0.02
1,30,error,smoothing-aimbot,flick,2.7457169719507775,0.0018,0.02
1,30,error,smoothing-aimbot,flick,2.561430559532747,0.002,0.02
1,30,error,smoothing-aimbot,flick,2.2792121626333195,0.0022,0.022
1,30,error,smoothing-aimbot,flick,2.1866262098881415,0.0024,0.022
1,30,error,smoothing-aimbot,flick,2.0473424476973836,0.0026,0.022
1,30,error,smoothing-aimbot,flick,2.0156129056631173,0.0028,0.022
1,30,error,smoothing-aimbot,flick,1.9459229822323594,0.003,0.024
1,30,error,smoothing-aimbot,flick,1.8414711027299995,0.0032,0.024
1,30,error,smoothing-aimbot,flick,1.8366072557276105,0.0034,0.024
1,30,error,smoothing-aimbot,flick,1.7692612026645111,0.0036,0.024
1,30,error,smoothing-aimbot,flick,1.7646325265894516,0.0038,0.024
1,30,error,smoothing-aimbot,flick,1.758090216561647,0.004,0.024
1,30,error,smoothing-aimbot,flick,1.6694057448034634,0.0042,0.024
1,30,error,smoothing-aimbot,flick,1.6669174980145387,0.0044,0.024
1,30,error,smoothing-aimbot,flick,1.6640137284157084,0.0046,0.024
1,30,error,smoothing-aimbot,flick,1.6572754640284495,0.0048,0.024
1,30,error,smoothing-aimbot,flick,1.6066573810712743,0.005,0.026
1,30,error,smoothing-aimbot,flick,1.6027916814405543,0.0052,0.026
1,30,error,smoothing-aimbot,flick,1.56509981175119,0.0054,0.026
1,30,error,smoothing-aimbot,flick,1.5584855524299106,0.0056,0.028
1,30,error,smoothing-aimbot,flick,1.5447543491536455,0.0058,0.028
1,30,error,smoothing-aimbot,flick,1.5433886984043002,0.006,0.028
1,30,error,smoothing-aimbot,flick,1.5407897654407068,0.0062,0.028
1,30,error,smoothing-aimbot,flick,1.5033064902770545,0.0064,0.028
1,30,error,smoothing-aimbot,flick,1.4977859078624156,0.0066,0.028
1,30,error,smoothing-aimbot,flick,1.48555221677699,0.0068,0.028
1,30,error,smoothing-aimbot,flick,1.4627449960947225,0.007,0.028
1,30,error,smoothing-aimbot,flick,1.4521265070302956,0.0072,0.028
1,30,error,smoothing-aimbot,flick,1.4472691790671899,0.0074,0.028
1,30,error,smoothing-aimbot,flick,1.4048263918883026,0.0076,0.028
1,30,error,smoothing-aimbot,flick,1.3975810688573649,0.0078,0.028
1,30,error,smoothing-aimbot,flick,1.3550002329486255,0.008,0.028
1,30,error,smoothing-aimbot,flick,1.3392203796249353,0.0082,0.028
1,30,error,smoothing-aimbot,flick,1.2447070473824462,0.0084,0.03
1,30,error,smoothing-aimbot,flick,1.2425519787558923,0.0086,0.03
1,30,error,smoothing-aimbot,flick,1.2132237870908427,0.0088,0.03
1,30,error,smoothing-aimbot,flick,1.1934742911707976,0.009,0.03
1,30,error,smoothing-aimbot,flick,1.1419934181199574,0.0092,0.03
1,30,error,smoothing-aimbot,flick,1.1382036147764323,0.0094,0.03
1,30,error,smoothing-aimbot,flick,1.1218141007905849,0.0096,0.032
1,30,error,smoothing-aimbot,flick,1.1201830344303716,0.0098,0.032
1,30,error,smoothing-aimbot,flick,1.111476453492585,0.01,0.034
1,30,error,smoothing-aimbot,flick,1.1048693597796362,0.0102,0.034
1,30,error,smoothing-aimbot,flick,0.48858089956056794,0.0302,0.052
1,30,error,smoothing-aimbot,flick,0.2568023743586241,0.0502,0.074
1,30,error,smoothing-aimbot,flick,0.14524933790722755,0.0704,0.088
1,30,error,smoothing-aimbot,flick,0.0736006664735853,0.0906,0.102
1,30,error,smoothing-aimbot,flick,0.03459746712973178,0.1106,0.104
1,30,error,smoothing-aimbot,flick,0.011029344481697822,0.1308,0.114
1,30,error,smoothing-aimbot,flick,0.0010656177946118358,0.151,0.124
1,30,error,smoothing-aimbot,flick,-0.001099912444685286,0.171,0.13
1,30,error,smoothing-aimbot,flick,-0.008101601508674046,0.1912,0.136
1,30,error,smoothing-aimbot,flick,-0.022416401229835577,0.2114,0.152
1,30,error,smoothing-aimbot,flick,-0.03519082318840405,0.2316,0.16
1,30,error,smoothing-aimbot,flick,-0.05604258635000862,0.2518,0.166
1,30,error,smoothing-aimbot,flick,-0.08098277055609042,0.272,0.17
1,30,error,smoothing-aimbot,flick,-0.1114369404140249,0.2922,0.18
1,30,error,smoothing-aimbot,flick,-0.143634533422672,0.3124,0.18
1,30,error,smoothing-aimbot,flick,-0.1830083738425322,0.3326,0.188
1,30,error,smoothing-aimbot,flick,-0.2221368810509073,0.3526,0.196
1,30,error,smoothing-aimbot,flick,-0.26757511829541775,0.3728,0.208
1,30,error,smoothing-aimbot,flick,-0.3192887125663319,0.393,0.22
1,30,error,smoothing-aimbot,flick,-0.3694277116243775,0.4132,0.228
1,30,error,smoothing-aimbot,flick,-0.43358707647258027,0.4334,0.232
1,30,error,smoothing-aimbot,flick,-0.49296707999039635,0.4534,0.232
1,30,error,smoothing-aimbot,flick,-0.5550243894783986,0.4736,0.24
1,30,error,smoothing-aimbot,flick,-0.6151176439670114,0.4938,0.252
1,30,error,smoothing-aimbot,flick,-0.66827226779614,0.5138,0.26
1,30,error,smoothing-aimbot,flick,-0.7295923965685474,0.5338,0.264
1,30,error,smoothing-aimbot,flick,-0.8086065103188865,0.554,0.276
1,30,error,smoothing-aimbot,flick,-0.8914786436143403,0.5742,0.278
1,30,error,smoothing-aimbot,flick,-0.9873334086642912,0.5944,0.284
1,30,error,smoothing-aimbot,flick,-1.0815617198609193,0.6146,0.3
1,30,error,smoothing-aimbot,flick,-1.17639629193437,0.6346,0.312
1,30,error,smoothing-aimbot,flick,-1.2729986489221239,0.6548,0.314
1,30,error,smoothing-aimbot,flick,-1.3850896173416019,0.675,0.326
1,30,error,smoothing-aimbot,flick,-1.491578121400044,0.6952,0.328
1,30,error,smoothing-aimbot,flick,-1.6124828857485547,0.7154,0.334
1,30,error,smoothing-aimbot,flick,-1.7243882869753855,0.7354,0.338
1,30,error,smoothing-aimbot,flick,-1.8506707407943777,0.7556,0.344
1,30,error,smoothing-aimbot,flick,-1.988840617379941,0.7758,0.35
1,30,error,smoothing-aimbot,flick,-2.1387259244790613,0.796,0.354
1,30,error,smoothing-aimbot,flick,-2.3002759944013116,0.8162,0.37
1,30,error,smoothing-aimbot,flick,-2.4715221990893754,0.8362,0.38
1,30,error,smoothing-aimbot,flick,-2.669474356180426,0.8564,0.394
1,30,error,smoothing-aimbot,flick,-2.922262264364958,0.8766,0.412
1,30,error,smoothing-aimbot,flick,-3.233134090333041,0.8968,0.43
1,30,error,smoothing-aimbot,flick,-3.5548498701836824,0.917,0.444
1,30,error,smoothing-aimbot,flick,-4.183412592071769,0.937,0.472
1,30,error,smoothing-aimbot,flick,-4.789512335471854,0.9572,0.492
1,30,error,smoothing-aimbot,flick,-5.866763788378103,0.9774,0.53
1,30,error,smoothing-aimbot,flick,-9.410789938464285,0.9976,0.65
1,30,error,smoothing-aimbot,flick,-inf,1,1
1,30,steps,smoothing-aimbot,flick,inf,0,0
1,30,steps,smoothing-aimbot,flick,0.8809892246719502,0,1
1,30,steps,smoothing-aimbot,flick,0.642703835956631,0.0002,1
1,30,steps,smoothing-aimbot,flick,0.6121257872001986,0.0004,1
1,30,steps,smoothing-aimbot,flick,0.5857865038882609,0.0006,1
1,30,steps,smoothing-aimbot,flick,0.4992290343342653,0.0008,1
1,30,steps,smoothing-aimbot,flick,0.49530056213689144,0.001,1
1,30,steps,smoothing-aimbot,flick,0.48012416293665233,0.0012,1
1,30,steps,smoothing-aimbot,flick,0.47259065273259176,0.0014,1
1,30,steps,smoothing-aimbot,flick,0.4557630520494138,0.0016,1
1,30,steps,smoothing-aimbot,flick,0.4377505842801071,0.0018,1
1,30,steps,smoothing-aimbot,flick,0.43177779647454656,0.002,1
1,30,steps,smoothing-aimbot,flick,0.4219626446974428,0.0022,1
1,30,steps,smoothing-aimbot,flick,0.41354881622804424,0.0024,1
1,30,steps,smoothing-aimbot,flick,0.3817507357103724,0.0026,1
1,30,steps,smoothing-aimbot,flick,0.3545392124004955,0.0028,1
1,30,steps,smoothing-aimbot,flick,0.33623995758805625,0.003,1
1,30,steps,smoothing-aimbot,flick,0.3063070043936015,0.0032,1
1,30,steps,smoothing-aimbot,flick,0.297848758355872,0.0034,1
1,30,steps,smoothing-aimbot,flick,0.2977445822153295,0.0036,1
1,30,steps,smoothing-aimbot,flick,0.2921614278337445,0.0038,1
1,30,steps,smoothing-aimbot,flick,0.2916563319581183,0.004,1
1,30,steps,smoothing-aimbot,flick,0.2874348849344761,0.0042,1
1,30,steps,smoothing-aimbot,flick,0.28629824533031,0.0044,1
1,30,steps,smoothing-aimbot,flick,0.2817100943337256,0.0046,1
1,30,steps,smoothing-aimbot,flick,0.2691243670779513,0.0048,1
1,30,steps,smoothing-aimbot,flick,0.263581125604143,0.005,1
1,30,steps,smoothing-aimbot,flick,0.26218566852346054,0.0052,1
1,30,steps,smoothing-aimbot,flick,0.2618485816080817,0.0054,1
1,30,steps,smoothing-aimbot,flick,0.25898374458290646,0.0056,1
1,30,steps,smoothing-aimbot,flick,0.2576962436467146,0.0058,1
1,30,steps,smoothing-aimbot,flick,0.2536000566861291,0.006,1
1,30,steps,smoothing-aimbot,flick,0.2534425930509238,0.0062,1
1,30,steps,smoothing-aimbot,flick,0.2521634521556973,0.0064,1
1,30,steps,smoothing-aimbot,flick,0.2500035182968357,0.0066,1
1,30,steps,smoothing-aimbot,flick,0.24951057943262633,0.0068,1
1,30,steps,smoothing-aimbot,flick,0.24934282932256596,0.007,1
1,30,steps,smoothing-aimbot,flick,0.2415857607650335,0.0072,1
1,30,steps,smoothing-aimbot,flick,0.22997988525151614,0.0074,1
1,30,steps,smoothing-aimbot,flick,0.22471439983760477,0.0076,1
1,30,steps,smoothing-aimbot,flick,0.2236637180276376,0.0078,1
1,30,steps,smoothing-aimbot,flick,0.22047464501834477,0.008,1
1,30,steps,smoothing-aimbot,flick,0.21929525806976452,0.0082,1
1,30,steps,smoothing-aimbot,flick,0.21776118309616135,0.0084,1
1,30,steps,smoothing-aimbot,flick,0.21625340358967218,0.0086,1
1,30,steps,smoothing-aimbot,flick,0.2130119513553839,0.0088,1
1,30,steps,smoothing-aimbot,flick,0.20959925283671987,0.009,1
1,30,steps,smoothing-aimbot,flick,0.20363813033884778,0.0092,1
1,30,steps,smoothing-aimbot,flick,0.20350174627145512,0.0094,1
1,30,steps,smoothing-aimbot,flick,0.200239315109497,0.0096,1
1,30,steps,smoothing-aimbot,flick,0.19961591756983904,0.0098,1
1,30,steps,smoothing-aimbot,flick,0.19396282092681796,0.01,1
1,30,steps,smoothing-aimbot,flick,0.19207857615728322,0.0102,1
1,30,steps,smoothing-aimbot,flick,0.10188084296289913,0.0302,1
1,30,steps,smoothing-aimbot,flick,0.06405969497539614,0.0502,1
1,30,steps,smoothing-aimbot,flick,0.044300157018058395,0.0704,1
1,30,steps,smoothing-aimbot,flick,0.031791365705665535,0.0906,1
1,30,steps,smoothing-aimbot,flick,0.020727459578007736,0.1106,1
1,30,steps,smoothing-aimbot,flick,0.012534694400649428,0.1308,1
1,30,steps,smoothing-aimbot,flick,0.0060440813689982675,0.151,1
1,30,steps,smoothing-aimbot,flick,0.002773563770770995,0.171,1
1,30,steps,smoothing-aimbot,flick,0.000998333144982259,0.1912,1
1,30,steps,smoothing-aimbot,flick,0.00009591290571189504,0.2114,1
1,30,steps,smoothing-aimbot,flick,-0.00000022151882989295492,0.789,1
1,30,steps,smoothing-aimbot,flick,-0.0005185722023457306,0.809,1
1,30,steps,smoothing-aimbot,flick,-0.0023070297065911345,0.8292,1
1,30,steps,smoothing-aimbot,flick,-0.0056890273551265915,0.8494,1
1,30,steps,smoothing-aimbot,flick,-0.009940485466045132,0.8696,1
1,30,steps,smoothing-aimbot,flick,-0.017300280096103945,0.8898,1
1,30,steps,smoothing-aimbot,flick,-0.02861014218797076,0.9098,1
1,30,steps,smoothing-aimbot,flick,-0.04290184850987567,0.93,1
1,30,steps,smoothing-aimbot,flick,-0.06729449442769381,0.9502,1
1,30,steps,smoothing-aimbot,flick,-0.09913061647461421,0.9704,1
1,30,steps,smoothing-aimbot,flick,-0.19659707587788908,0.9906,1
1,30,steps,smoothing-aimbot,flick,-inf,1,1
1,30,error,fast-adaptive-aimbot,flick,inf,0,0
1,30,error,fast-adaptive-aimbot,flick,4.4407256389846355,0,0.03
1,30,error,fast-adaptive-aimbot,flick,4.213379780313363,0.0002,0.03
1,30,error,fast-adaptive-aimbot,flick,4.162162404141258,0.0004,0.03
1,30,error,fast-adaptive-aimbot,flick,3.623984636695936,0.0006,0.048
1,30,error,fast-adaptive-aimbot,flick,3.604596942705698,0.0008,0.048
1,30,error,fast-adaptive-aimbot,flick,3.352313468916012,0.001,0.054
1,30,error,fast-adaptive-aimbot,flick,3.1633731744399687,0.0012,0.064
1,30,error,fast-adaptive-aimbot,flick,2.86889389440002,0.0014,0.072
1,30,error,fast-adaptive-aimbot,flick,2.7839435856813766,0.0016,0.076
1,30,error,fast-adaptive-aimbot,flick,2.7457169719507775,0.0018,0.076
1,30,error,fast-adaptive-aimbot,flick,2.561430559532747,0.002,0.084
1,30,error,fast-adaptive-aimbot,flick,2.2792121626333195,0.0022,0.098
1,30,error,fast-adaptive-aimbot,flick,2.1866262098881415,0.0024,0.1
1,30,error,fast-adaptive-aimbot,flick,2.0473424476973836,0.0026,0.11
1,30,error,fast-adaptive-aimbot,flick,2.0156129056631173,0.0028,0.112
1,30,error,fast-adaptive-aimbot,flick,1.9459229822323594,0.003,0.118
1,30,error,fast-adaptive-aimbot,flick,1.8414711027299995,0.0032,0.132
1,30,error,fast-adaptive-aimbot,flick,1.8366072557276105,0.0034,0.132
1,30,error,fast-adaptive-aimbot,flick,1.7692612026645111,0.0036,0.134
1,30,error,fast-adaptive-aimbot,flick,1.7646325265894516,0.0038,0.134
1,30,error,fast-adaptive-aimbot,flick,1.758090216561647,0.004,0.134
1,30,error,fast-adaptive-aimbot,flick,1.6694057448034634,0.0042,0.144
1,30,error,fast-adaptive-aimbot,flick,1.6669174980145387,0.0044,0.144
1,30,error,fast-adaptive-aimbot,flick,1.6640137284157084,0.0046,0.144
1,30,error,fast-adaptive-aimbot,flick,1.6572754640284495,0.0048,0.146
1,30,error,fast-adaptive-aimbot,flick,1.6066573810712743,0.005,0.156
1,30,error,fast-adaptive-aimbot,flick,1.6027916814405543,0.0052,0.156
1,30,error,fast-adaptive-aimbot,flick,1.56509981175119,0.0054,0.16
1,30,error,fast-adaptive-aimbot,flick,1.5584855524299106,0.0056,0.16
1,30,error,fast-adaptive-aimbot,flick,1.5447543491536455,0.0058,0.16
1,30,error,fast-adaptive-aimbot,flick,1.5433886984043002,0.006,0.162
1,30,error,fast-adaptive-aimbot,flick,1.5407897654407068,0.0062,0.162
1,30,error,fast-adaptive-aimbot,flick,1.5033064902770545,0.0064,0.162
1,30,error,fast-adaptive-aimbot,flick,1.4977859078624156,0.0066,0.162
1,30,error,fast-adaptive-aimbot,flick,1.48555221677699,0.0068,0.164
1,30,error,fast-adaptive-aimbot,flick,1.4627449960947225,0.007,0.168
1,30,error,fast-adaptive-aimbot,flick,1.4521265070302956,0.0072,0.168
1,30,error,fast-adaptive-aimbot,flick,1.4472691790671899,0.0074,0.168
1,30,error,fast-adaptive-aimbot,flick,1.4048263918883026,0.0076,0.176
1,30,error,fast-adaptive-aimbot,flick,1.3975810688573649,0.0078,0.176
1,30,error,fast-adaptive-aimbot,flick,1.3550002329486255,0.008,0.18
1,30,error,fast-adaptive-aimbot,flick,1.3392203796249353,0.0082,0.184
1,30,error,fast-adaptive-aimbot,flick,1.2447070473824462,0.0084,0.196
1,30,error,fast-adaptive-aimbot,flick,1.2425519787558923,0.0086,0.196
1,30,error,fast-adaptive-aimbot,flick,1.2132237870908427,0.0088,0.196
1,30,error,fast-adaptive-aimbot,flick,1.1934742911707976,0.009,0.2
1,30,error,fast-adaptive-aimbot,flick,1.1419934181199574,0.0092,0.206
1,30,error,fast-adaptive-aimbot,flick,1.1382036147764323,0.0094,0.206
1,30,error,fast-adaptive-aimbot,flick,1.1218141007905849,0.0096,0.212
1,30,error,fast-adaptive-aimbot,flick,1.1201830344303716,0.0098,0.212
1,30,error,fast-adaptive-aimbot,flick,1.111476453492585,0.01,0.216
1,30,error,fast-adaptive-aimbot,flick,1.1048693597796362,0.0102,0.216
1,30,error,fast-adaptive-aimbot,flick,0.48858089956056794,0.0302,0.316
1,30,error,fast-adaptive-aimbot,flick,0.2568023743586241,0.0502,0.388
1,30,error,fast-adaptive-aimbot,flick,0.14524933790722755,0.0704,0.44
1,30,error,fast-adaptive-aimbot,flick,0.0736006664735853,0.0906,0.468
1,30,error,fast-adaptive-aimbot,flick,0.03459746712973178,0.1106,0.5
1,30,error,fast-adaptive-aimbot,flick,0.011029344481697822,0.1308,0.518
1,30,error,fast-adaptive-aimbot,flick,0.0010656177946118358,0.151,0.552
1,30,error,fast-adaptive-aimbot,flick,-0.001099912444685286,0.171,0.572
1,30,error,fast-adaptive-aimbot,flick,-0.008101601508674046,0.1912,0.59
1,30,error,fast-adaptive-aimbot,flick,-0.022416401229835577,0.2114,0.622
1,30,error,fast-adaptive-aimbot,flick,-0.03519082318840405,0.2316,0.636
1,30,error,fast-adaptive-aimbot,flick,-0.05604258635000862,0.2518,0.648
1,30,error,fast-adaptive-aimbot,flick,-0.08098277055609042,0.272,0.67
1,30,error,fast-adaptive-aimbot,flick,-0.1114369404140249,0.2922,0.686
1,30,error,fast-adaptive-aimbot,flick,-0.143634533422672,0.3124,0.708
1,30,error,fast-adaptive-aimbot,flick,-0.1830083738425322,0.3326,0.72
1,30,error,fast-adaptive-aimbot,flick,-0.2221368810509073,0.3526,0.73
1,30,error,fast-adaptive-aimbot,flick,-0.26757511829541775,0.3728,0.75
1,30,error,fast-adaptive-aimbot,flick,-0.3192887125663319,0.393,0.774
1,30,error,fast-adaptive-aimbot,flick,-0.3694277116243775,0.4132,0.786
1,30,error,fast-adaptive-aimbot,flick,-0.43358707647258027,0.4334,0.794
1,30,error,fast-adaptive-aimbot,flick,-0.49296707999039635,0.4534,0.812
1,30,error,fast-adaptive-aimbot,flick,-0.5550243894783986,0.4736,0.82
1,30,error,fast-adaptive-aimbot,flick,-0.6151176439670114,0.4938,0.824
1,30,error,fast-adaptive-aimbot,flick,-0.66827226779614,0.5138,0.828
1,30,error,fast-adaptive-aimbot,flick,-0.7295923965685474,0.5338,0.846
1,30,error,fast-adaptive-aimbot,flick,-0.8086065103188865,0.554,0.854
1,30,error,fast-adaptive-aimbot,flick,-0.8914786436143403,0.5742,0.862
1,30,error,fast-adaptive-aimbot,flick,-0.9873334086642912,0.5944,0.868
1,30,error,fast-adaptive-aimbot,flick,-1.0815617198609193,0.6146,0.872
1,30,error,fast-adaptive-aimbot,flick,-1.17639629193437,0.6346,0.88
1,30,error,fast-adaptive-aimbot,flick,-1.2729986489221239,0.6548,0.886
1,30,error,fast-adaptive-aimbot,flick,-1.3850896173416019,0.675,0.898
1,30,error,fast-adaptive-aimbot,flick,-1.491578121400044,0.6952,0.902
1,30,error,fast-adaptive-aimbot,flick,-1.6124828857485547,0.7154,0.912
1,30,error,fast-adaptive-aimbot,flick,-1.7243882869753855,0.7354,0.924
1,30,error,fast-adaptive-aimbot,flick,-1.8506707407943777,0.7556,0.932
1,30,error,fast-adaptive-aimbot,flick,-1.988840617379941,0.7758,0.94
1,30,error,fast-adaptive-aimbot,flick,-2.1387259244790613,0.796,0.944
1,30,error,fast-adaptive-aimbot,flick,-2.3002759944013116,0.8162,0.948
1,30,error,fast-adaptive-aimbot,flick,-2.4715221990893754,0.8362,0.954
1,30,error,fast-adaptive-aimbot,flick,-2.669474356180426,0.8564,0.96
1,30,error,fast-adaptive-aimbot,flick,-2.922262264364958,0.8766,0.968
1,30,error,fast-adaptive-aimbot,flick,-3.233134090333041,0.8968,0.97
1,30,error,fast-adaptive-aimbot,flick,-3.5548498701836824,0.917,0.978
1,30,error,fast-adaptive-aimbot,flick,-4.183412592071769,0.937,0.986
1,30,error,fast-adaptive-aimbot,flick,-4.789512335471854,0.9572,0.986
1,30,error,fast-adaptive-aimbot,flick,-5.866763788378103,0.9774,0.992
1,30,error,fast-adaptive-aimbot,flick,-9.410789938464285,0.9976,0.994
1,30,error,fast-adaptive-aimbot,flick,-inf,1,1
1,120,error,recoil-macro,spray,inf,0,0
1,120,error,recoil-macro,spray,4.214345375489075,0,0.236
1,120,error,recoil-macro,spray,3.4716969292479156,0.0002,0.32
1,120,error,recoil-macro,spray,3.403482860170334,0.0004,0.332
1,120,error,recoil-macro,spray,3.1000091393836904,0.0006,0.374
1,120,error,recoil-macro,spray,3.0667253046842147,0.0008,0.382
1,120,error,recoil-macro,spray,2.9908753932675265,0.001,0.394
1,120,error,recoil-macro,spray,2.9177206273799,0.0012,0.402
1,120,error,recoil-macro,spray,2.7992627987982277,0.0014,0.414
1,120,error,recoil-macro,spray,2.6764818527936587,0.0016,0.42
1,120,error,recoil-macro,spray,2.548953860903441,0.0018,0.43
1,120,error,recoil-macro,spray,2.5091322966307996,0.002,0.432
1,120,error,recoil-macro,spray,2.4474568770411618,0.0022,0.44
1,120,error,recoil-macro,spray,2.4006087181468025,0.0024,0.448
1,120,error,recoil-macro,spray,2.278943313455228,0.0026,0.468
1,120,error,recoil-macro,spray,2.229930051690129,0.0028,0.478
1,120,error,recoil-macro,spray,2.1925033159765266,0.003,0.484
1,120,error,recoil-macro,spray,2.1791992117567016,0.0032,0.484
1,120,error,recoil-macro,spray,2.129247959184159,0.0034,0.49
1,120,error,recoil-macro,spray,2.1252366269395524,0.0036,0.49
1,120,error,recoil-macro,spray,2.1054025055959373,0.0038,0.496
1,120,error,recoil-macro,spray,2.0571110006236637,0.004,0.5
1,120,error,recoil-macro,spray,1.9220879040160979,0.0042,0.522
1,120,error,recoil-macro,spray,1.910632638357465,0.0044,0.522
1,120,error,recoil-macro,spray,1.8954291903114917,0.0046,0.526
1,120,error,recoil-macro,spray,1.86448168297426,0.0048,0.528
1,120,error,recoil-macro,spray,1.8621622520332592,0.005,0.528
1,120,error,recoil-macro,spray,1.8415326711045645,0.0052,0.532
1,120,error,recoil-macro,spray,1.808177657261919,0.0054,0.538
1,120,error,recoil-macro,spray,1.7964994226947268,0.0056,0.538
1,120,error,recoil-macro,spray,1.7650112157822244,0.0058,0.544
1,120,error,recoil-macro,spray,1.7606464703817388,0.006,0.544
1,120,error,recoil-macro,spray,1.7318111893557813,0.0062,0.55
1,120,error,recoil-macro,spray,1.7129969752935572,0.0064,0.556
1,120,error,recoil-macro,spray,1.7064959953981738,0.0066,0.558
1,120,error,recoil-macro,spray,1.6872907460516535,0.0068,0.564
1,120,error,recoil-macro,spray,1.6844633448427142,0.007,0.564
1,120,error,recoil-macro,spray,1.6754921622388215,0.0072,0.57
1,120,error,recoil-macro,spray,1.6053920181620613,0.0074,0.584
1,120,error,recoil-macro,spray,1.6013033032696131,0.0076,0.584
1,120,error,recoil-macro,spray,1.591177372172654,0.0078,0.586
1,120,error,recoil-macro,spray,1.5835396808178483,0.008,0.588
1,120,error,recoil-macro,spray,1.5684318556077141,0.0082,0.594
1,120,error,recoil-macro,spray,1.5392838282996142,0.0084,0.6
1,120,error,recoil-macro,spray,1.539202215830473,0.0086,0.6
1,120,error,recoil-macro,spray,1.5287883418520225,0.0088,0.604
1,120,error,recoil-macro,spray,1.526672775290013,0.009,0.604
1,120,error,recoil-macro,spray,1.5170881957088125,0.0092,0.608
1,120,error,recoil-macro,spray,1.5059226635692036,0.0094,0.61
1,120,error,recoil-macro,spray,1.4917618040042098,0.0096,0.614
1,120,error,recoil-macro,spray,1.4917319496426724,0.0098,0.614
1,120,error,recoil-macro,spray,1.4703119869546146,0.01,0.618
1,120,error,recoil-macro,spray,1.4634136723822089,0.0102,0.62
1,120,error,recoil-macro,spray,0.8217376924730981,0.0302,0.74
1,120,error,recoil-macro,spray,0.5711231991320757,0.0502,0.798
1,120,error,recoil-macro,spray,0.4069114755802796,0.0704,0.828
1,120,error,recoil-macro,spray,0.3075055841839848,0.0906,0.85
1,120,error,recoil-macro,spray,0.22179877679529492,0.1106,0.876
1,120,error,recoil-macro,spray,0.16166503034037324,0.1308,0.888
1,120,error,recoil-macro,spray,0.11429984217264776,0.151,0.898
1,120,error,recoil-macro,spray,0.07628085604389195,0.171,0.914
1,120,error,recoil-macro,spray,0.0506906295723898,0.1912,0.928
1,120,error,recoil-macro,spray,0.03411536956866676,0.2114,0.928
1,120,error,recoil-macro,spray,0.020312389915053086,0.2316,0.928
1,120,error,recoil-macro,spray,0.010392968465613587,0.2518,0.928
1,120,error,recoil-macro,spray,0.0035390019246719965,0.272,0.934
1,120,error,recoil-macro,spray,0.00047477294517293264,0.2922,0.936
1,120,error,recoil-macro,spray,-0.0005518349360717129,0.3124,0.942
1,120,error,recoil-macro,spray,-0.004789789233878348,0.3326,0.948
1,120,error,recoil-macro,spray,-0.010051393212302192,0.3526,0.952
1,120,error,recoil-macro,spray,-0.020428363206948005,0.3728,0.96
1,120,error,recoil-macro,spray,-0.03383063434720772,0.393,0.964
1,120,error,recoil-macro,spray,-0.04766055422537555,0.4132,0.966
1,120,error,recoil-macro,spray,-0.06255489601968753,0.4334,0.968
1,120,error,recoil-macro,spray,-0.07832190563977835,0.4534,0.97
1,120,error,recoil-macro,spray,-0.09941868277134074,0.4736,0.978
1,120,error,recoil-macro,spray,-0.12589241431031375,0.4938,0.986
1,120,error,recoil-macro,spray,-0.14866270765457093,0.5138,0.986
1,120,error,recoil-macro,spray,-0.17759742846446974,0.5338,0.986
1,120,error,recoil-macro,spray,-0.21264650040996158,0.554,0.988
1,120,error,recoil-macro,spray,-0.24803196080336143,0.5742,0.988
1,120,error,recoil-macro,spray,-0.28306844071342513,0.5944,0.99
1,120,error,recoil-macro,spray,-0.3258106313884714,0.6146,0.99
1,120,error,recoil-macro,spray,-0.36926223793295737,0.6346,0.994
1,120,error,recoil-macro,spray,-0.4240143770243129,0.6548,0.994
1,120,error,recoil-macro,spray,-0.48044268960702874,0.675,0.996
1,120,error,recoil-macro,spray,-0.5361687801868981,0.6952,0.996
1,120,error,recoil-macro,spray,-0.5994886196255511,0.7154,0.996
1,120,error,recoil-macro,spray,-0.6760003670170157,0.7354,0.996
1,120,error,recoil-macro,spray,-0.7520844598854743,0.7556,0.996
1,120,error,recoil-macro,spray,-0.85128845164591,0.7758,0.998
1,120,error,recoil-macro,spray,-0.9362858217229905,0.796,0.998
1,120,error,recoil-macro,spray,-1.0216661365465898,0.8162,0.998
1,120,error,recoil-macro,spray,-1.1376500862644368,0.8362,0.998
1,120,error,recoil-macro,spray,-1.2681976466898834,0.8564,0.998
1,120,error,recoil-macro,spray,-1.427774960028275,0.8766,0.998
1,120,error,recoil-macro,spray,-1.6283483059269925,0.8968,1
1,120,error,recoil-macro,spray,-1.8542280225826242,0.917,1
1,120,error,recoil-macro,spray,-2.1080661736134756,0.937,1
1,120,error,recoil-macro,spray,-2.4306135736868746,0.9572,1
1,120,error,recoil-macro,spray,-3.192432094173365,0.9774,1
1,120,error,recoil-macro,spray,-5.474328597014076,0.9976,1
1,120,error,recoil-macro,spray,-inf,1,1
1,120,error,flick-aimbot,flick,inf,0,0
1,120,error,flick-aimbot,flick,2.9785342960001686,0,1
1,120,error,flick-aimbot,flick,1.5489125330727644,0.0002,1
1,120,error,flick-aimbot,flick,1.4346364488555248,0.0004,1
1,120,error,flick-aimbot,flick,1.4016681224366219,0.0006,1
1,120,error,flick-aimbot,flick,1.193687822947064,0.0008,1
1,120,error,flick-aimbot,flick,1.0935179647467856,0.001,1
1,120,error,flick-aimbot,flick,1.0102995617081936,0.0012,1
1,120,error,flick-aimbot,flick,0.9718016769917595,0.0014,1
1,120,error,flick-aimbot,flick,0.8659383949115772,0.0016,1
1,120,error,flick-aimbot,flick,0.7310744022181417,0.0018,1
1,120,error,flick-aimbot,flick,0.697940126140614,0.002,1
1,120,error,flick-aimbot,flick,0.6434615222130733,0.0022,1
1,120,error,flick-aimbot,flick,0.6306814428982365,0.0024,1
1,120,error,flick-aimbot,flick,0.5981330786080893,0.0026,1
1,120,error,flick-aimbot,flick,0.5308212042406626,0.0028,1
1,120,error,flick-aimbot,flick,0.46180936277641366,0.003,1
1,120,error,flick-aimbot,flick,0.4529512401706026,0.0032,1
1,120,error,flick-aimbot,flick,0.3953061953904045,0.0034,1
1,120,error,flick-aimbot,flick,0.38302446388066447,0.0036,1
1,120,error,flick-aimbot,flick,0.36662256827549805,0.0038,1
1,120,error,flick-aimbot,flick,0.35782032762099963,0.004,1
1,120,error,flick-aimbot,flick,0.348237979768802,0.0042,1
1,120,error,flick-aimbot,flick,0.342022758982398,0.0044,1
1,120,error,flick-aimbot,flick,0.3319092870756032,0.0046,1
1,120,error,flick-aimbot,flick,0.32509443731240123,0.0048,1
1,120,error,flick-aimbot,flick,0.3198846673325716,0.005,1
1,120,error,flick-aimbot,flick,0.3107329690545569,0.0052,1
1,120,error,flick-aimbot,flick,0.2692692286503213,0.0054,1
1,120,error,flick-aimbot,flick,0.26839822866129925,0.0056,1
1,120,error,flick-aimbot,flick,0.26472332754885397,0.0058,1
1,120,error,flick-aimbot,flick,0.2564351695203123,0.006,1
1,120,error,flick-aimbot,flick,0.25293068345205616,0.0062,1
1,120,error,flick-aimbot,flick,0.2346863961674904,0.0064,1
1,120,error,flick-aimbot,flick,0.2335528759066432,0.0066,1
1,120,error,flick-aimbot,flick,0.2068293484353398,0.0068,1
1,120,error,flick-aimbot,flick,0.2031917830092477,0.007,1
1,120,error,flick-aimbot,flick,0.20190175691100146,0.0072,1
1,120,error,flick-aimbot,flick,0.20167458752821618,0.0074,1
1,120,error,flick-aimbot,flick,0.19992115311074782,0.0076,1
1,120,error,flick-aimbot,flick,0.19093032160367993,0.0078,1
1,120,error,flick-aimbot,flick,0.1852741475946403,0.008,1
1,120,error,flick-aimbot,flick,0.17859310087702374,0.0082,1
1,120,error,flick-aimbot,flick,0.168535167728826,0.0084,1
1,120,error,flick-aimbot,flick,0.1659054541283935,0.0086,1
1,120,error,flick-aimbot,flick,0.15833344806421984,0.0088,1
1,120,error,flick-aimbot,flick,0.15284563174397856,0.009,1
1,120,error,flick-aimbot,flick,0.15238076815784143,0.0092,1
1,120,error,flick-aimbot,flick,0.15143694151300302,0.0094,1
1,120,error,flick-aimbot,flick,0.1466943269933853,0.0096,1
1,120,error,flick-aimbot,flick,0.13251465990562494,0.0098,1
1,120,error,flick-aimbot,flick,0.13175371883298673,0.01,1
1,120,error,flick-aimbot,flick,0.12776888030908423,0.0102,1
1,120,error,flick-aimbot,flick,-0.003539333792807259,0.0302,1
1,120,error,flick-aimbot,flick,-0.06692191140707619,0.0502,1
1,120,error,flick-aimbot,flick,-0.15073670695500382,0.0704,1
1,120,error,flick-aimbot,flick,-0.2589414138208352,0.0906,1
1,120,error,flick-aimbot,flick,-0.3836614996520024,0.1106,1
1,120,error,flick-aimbot,flick,-0.5000254861324022,0.1308,1
1,120,error,flick-aimbot,flick,-0.6112007586939138,0.151,1
1,120,error,flick-aimbot,flick,-0.7126552371027659,0.171,1
1,120,error,flick-aimbot,flick,-0.8199510540975127,0.1912,1
1,120,error,flick-aimbot,flick,-0.926840647960193,0.2114,1
1,120,error,flick-aimbot,flick,-1.047400848534776,0.2316,1
1,120,error,flick-aimbot,flick,-1.1582796179538155,0.2518,1
1,120,error,flick-aimbot,flick,-1.2703130871674386,0.272,1
1,120,error,flick-aimbot,flick,-1.3883191053107702,0.2922,1
1,120,error,flick-aimbot,flick,-1.5092318536148057,0.3124,1
1,120,error,flick-aimbot,flick,-1.6486126229698568,0.3326,1
1,120,error,flick-aimbot,flick,-1.7700279947478288,0.3526,1
1,120,error,flick-aimbot,flick,-1.8603061092710516,0.3728,1
1,120,error,flick-aimbot,flick,-1.953298399352926,0.393,1
1,120,error,flick-aimbot,flick,-2.0821212547403722,0.4132,1
1,120,error,flick-aimbot,flick,-2.201055544370527,0.4334,1
1,120,error,flick-aimbot,flick,-2.340134434709396,0.4534,1
1,120,error,flick-aimbot,flick,-2.481419457969163,0.4736,1
1,120,error,flick-aimbot,flick,-2.6052119135390592,0.4938,1
1,120,error,flick-aimbot,flick,-2.72367055406641,0.5138,1
1,120,error,flick-aimbot,flick,-2.8470631669812185,0.5338,1
1,120,error,flick-aimbot,flick,-2.994994870740894,0.554,1
1,120,error,flick-aimbot,flick,-3.1662751105699827,0.5742,1
1,120,error,flick-aimbot,flick,-3.307235367156634,0.5944,1
1,120,error,flick-aimbot,flick,-3.436552788287382,0.6146,1
1,120,error,flick-aimbot,flick,-3.6171712109885545,0.6346,1
1,120,error,flick-aimbot,flick,-3.788842306761618,0.6548,1
1,120,error,flick-aimbot,flick,-3.969136021487329,0.675,1
1,120,error,flick-aimbot,flick,-4.159580146012034,0.6952,1
1,120,error,flick-aimbot,flick,-4.382952363049513,0.7154,1
1,120,error,flick-aimbot,flick,-4.585905533597104,0.7354,1
1,120,error,flick-aimbot,flick,-4.822719926976059,0.7556,1
1,120,error,flick-aimbot,flick,-5.054461223345138,0.7758,1
1,120,error,flick-aimbot,flick,-5.319511576802508,0.796,1
1,120,error,flick-aimbot,flick,-5.609621991468343,0.8162,1
1,120,error,flick-aimbot,flick,-5.988627366846458,0.8362,1
1,120,error,flick-aimbot,flick,-6.307587107863639,0.8564,1
1,120,error,flick-aimbot,flick,-6.744825266321926,0.8766,1
1,120,error,flick-aimbot,flick,-7.203020743789302,0.8968,1
1,120,error,flick-aimbot,flick,-7.741240537345731,0.917,1
1,120,error,flick-aimbot,flick,-8.384091867823514,0.937,1
1,120,error,flick-aimbot,flick,-9.290104246433744,0.9572,1
1,120,error,flick-aimbot,flick,-10.69969491605961,0.9774,1
1,120,error,flick-aimbot,flick,-15.552840276329135,0.9976,1
1,120,error,flick-aimbot,flick,-inf,1,1
1,120,error,humanised-aimbot,flick,inf,0,0
1,120,error,humanised-aimbot,flick,2.9785342960001686,0,1
1,120,error,humanised-aimbot,flick,1.5489125330727644,0.0002,1
1,120,error,humanised-aimbot,flick,1.4346364488555248,0.0004,1
1,120,error,humanised-aimbot,flick,1.4016681224366219,0.0006,1
1,120,error,humanised-aimbot,flick,1.193687822947064,0.0008,1
1,120,error,humanised-aimbot,flick,1.0935179647467856,0.001,1
1,120,error,humanised-aimbot,flick,1.0102995617081936,0.0012,1
1,120,error,humanised-aimbot,flick,0.9718016769917595,0.0014,1
1,120,error,humanised-aimbot,flick,0.8659383949115772,0.0016,1
1,120,error,humanised-aimbot,flick,0.7310744022181417,0.0018,1
1,120,error,humanised-aimbot,flick,0.697940126140614,0.002,1
1,120,error,humanised-aimbot,flick,0.6434615222130733,0.0022,1
1,120,error,humanised-aimbot,flick,0.6306814428982365,0.0024,1
1,120,error,humanised-aimbot,flick,0.5981330786080893,0.0026,1
1,120,error,humanised-aimbot,flick,0.5308212042406626,0.0028,1
1,120,error,humanised-aimbot,flick,0.46180936277641366,0.003,1
1,120,error,humanised-aimbot,flick,0.4529512401706026,0.0032,1
1,120,error,humanised-aimbot,flick,0.3953061953904045,0.0034,1
1,120,error,humanised-aimbot,flick,0.38302446388066447,0.0036,1
1,120,error,humanised-aimbot,flick,0.36662256827549805,0.0038,1
1,120,error,humanised-aimbot,flick,0.35782032762099963,0.004,1
1,120,error,humanised-aimbot,flick,0.348237979768802,0.0042,1
1,120,error,humanised-aimbot,flick,0.342022758982398,0.0044,1
1,120,error,humanised-aimbot,flick,0.3319092870756032,0.0046,1
1,120,error,humanised-aimbot,flick,0.32509443731240123,0.0048,1
1,120,error,humanised-aimbot,flick,0.3198846673325716,0.005,1
1,120,error,humanised-aimbot,flick,0.3107329690545569,0.0052,1
1,120,error,humanised-aimbot,flick,0.2692692286503213,0.0054,1
1,120,error,humanised-aimbot,flick,0.26839822866129925,0.0056,1
1,120,error,humanised-aimbot,flick,0.26472332754885397,0.0058,1
1,120,error,humanised-aimbot,flick,0.2564351695203123,0.006,1
1,120,error,humanised-aimbot,flick,0.25293068345205616,0.0062,1
1,120,error,humanised-aimbot,flick,0.2346863961674904,0.0064,1
1,120,error,humanised-aimbot,flick,0.2335528759066432,0.0066,1
1,120,error,humanised-aimbot,flick,0.2068293484353398,0.0068,1
1,120,error,humanised-aimbot,flick,0.2031917830092477,0.007,1
1,120,error,humanised-aimbot,flick,0.20190175691100146,0.0072,1
1,120,error,humanised-aimbot,flick,0.20167458752821618,0.0074,1
1,120,error,humanised-aimbot,flick,0.19992115311074782,0.0076,1
1,120,error,humanised-aimbot,flick,0.19093032160367993,0.0078,1
1,120,error,humanised-aimbot,flick,0.1852741475946403,0.008,1
1,120,error,humanised-aimbot,flick,0.17859310087702374,0.0082,1
1,120,error,humanised-aimbot,flick,0.168535167728826,0.0084,1
1,120,error,humanised-aimbot,flick,0.1659054541283935,0.0086,1
1,120,error,humanised-aimbot,flick,0.15833344806421984,0.0088,1
1,120,error,humanised-aimbot,flick,0.15284563174397856,0.009,1
1,120,error,humanised-aimbot,flick,0.15238076815784143,0.0092,1
1,120,error,humanised-aimbot,flick,0.15143694151300302,0.0094,1
1,120,error,humanised-aimbot,flick,0.1466943269933853,0.0096,1
1,120,error,humanised-aimbot,flick,0.13251465990562494,0.0098,1
1,120,error,humanised-aimbot,flick,0.13175371883298673,0.01,1
1,120,error,humanised-aimbot,flick,0.12776888030908423,0.0102,1
1,120,error,humanised-aimbot,flick,-0.003539333792807259,0.0302,1
1,120,error,humanised-aimbot,flick,-0.06692191140707619,0.0502,1
1,120,error,humanised-aimbot,flick,-0.15073670695500382,0.0704,1
1,120,error,humanised-aimbot,flick,-0.2589414138208352,0.0906,1
1,120,error,humanised-aimbot,flick,-0.3836614996520024,0.1106,1
1,120,error,humanised-aimbot,flick,-0.5000254861324022,0.1308,1
1,120,error,humanised-aimbot,flick,-0.6112007586939138,0.151,1
1,120,error,humanised-aimbot,flick,-0.7126552371027659,0.171,1
1,120,error,humanised-aimbot,flick,-0.8199510540975127,0.1912,1
1,120,error,humanised-aimbot,flick,-0.926840647960193,0.2114,1
1,120,error,humanised-aimbot,flick,-1.047400848534776,0.2316,1
1,120,error,humanised-aimbot,flick,-1.1582796179538155,0.2518,1
1,120,error,humanised-aimbot,flick,-1.2703130871674386,0.272,1
1,120,error,humanised-aimbot,flick,-1.3883191053107702,0.2922,1
1,120,error,humanised-aimbot,flick,-1.5092318536148057,0.3124,1
1,120,error,humanised-aimbot,flick,-1.6486126229698568,0.3326,1
1,120,error,humanised-aimbot,flick,-1.7700279947478288,0.3526,1
1,120,error,humanised-aimbot,flick,-1.8603061092710516,0.3728,1
1,120,error,humanised-aimbot,flick,-1.953298399352926,0.393,1
1,120,error,humanised-aimbot,flick,-2.0821212547403722,0.4132,1
1,120,error,humanised-aimbot,flick,-2.201055544370527,0.4334,1
1,120,error,humanised-aimbot,flick,-2.340134434709396,0.4534,1
1,120,error,humanised-aimbot,flick,-2.481419457969163,0.4736,1
1,120,error,humanised-aimbot,flick,-2.6052119135390592,0.4938,1
1,120,error,humanised-aimbot,flick,-2.72367055406641,0.5138,1
1,120,error,humanised-aimbot,flick,-2.8470631669812185,0.5338,1
1,120,error,humanised-aimbot,flick,-2.994994870740894,0.554,1
1,120,error,humanised-aimbot,flick,-3.1662751105699827,0.5742,1
1,120,error,humanised-aimbot,flick,-3.307235367156634,0.5944,1
1,120,error,humanised-aimbot,flick,-3.436552788287382,0.6146,1
1,120,error,humanised-aimbot,flick,-3.6171712109885545,0.6346,1
1,120,error,humanised-aimbot,flick,-3.788842306761618,0.6548,1
1,120,error,humanised-aimbot,flick,-3.969136021487329,0.675,1
1,120,error,humanised-aimbot,flick,-4.159580146012034,0.6952,1
1,120,error,humanised-aimbot,flick,-4.382952363049513,0.7154,1
1,120,error,humanised-aimbot,flick,-4.585905533597104,0.7354,1
1,120,error,humanised-aimbot,flick,-4.822719926976059,0.7556,1
1,120,error,humanised-aimbot,flick,-5.054461223345138,0.7758,1
1,120,error,humanised-aimbot,flick,-5.319511576802508,0.796,1
1,120,error,humanised-aimbot,flick,-5.609621991468343,0.8162,1
1,120,error,humanised-aimbot,flick,-5.988627366846458,0.8362,1
1,120,error,humanised-aimbot,flick,-6.307587107863639,0.8564,1
1,120,error,humanised-aimbot,flick,-6.744825266321926,0.8766,1
1,120,error,humanised-aimbot,flick,-7.203020743789302,0.8968,1
1,120,error,humanised-aimbot,flick,-7.741240537345731,0.917,1
1,120,error,humanised-aimbot,flick,-8.384091867823514,0.937,1
1,120,error,humanised-aimbot,flick,-9.290104246433744,0.9572,1
1,120,error,humanised-aimbot,flick,-10.69969491605961,0.9774,1
1,120,error,humanised-aimbot,flick,-15.552840276329135,0.9976,1
1,120,error,humanised-aimbot,flick,-inf,1,1
1,120,error,adaptive-aimbot,flick,inf,0,0
1,120,error,adaptive-aimbot,flick,2.9785342960001686,0,1
1,120,error,adaptive-aimbot,flick,1.5489125330727644,0.0002,1
1,120,error,adaptive-aimbot,flick,1.4346364488555248,0.0004,1
1,120,error,adaptive-aimbot,flick,1.4016681224366219,0.0006,1
1,120,error,adaptive-aimbot,flick,1.193687822947064,0.0008,1
1,120,error,adaptive-aimbot,flick,1.0935179647467856,0.001,1
1,120,error,adaptive-aimbot,flick,1.0102995617081936,0.0012,1
1,120,error,adaptive-aimbot,flick,0.9718016769917595,0.0014,1
1,120,error,adaptive-aimbot,flick,0.8659383949115772,0.0016,1
1,120,error,adaptive-aimbot,flick,0.7310744022181417,0.0018,1
1,120,error,adaptive-aimbot,flick,0.697940126140614,0.002,1
1,120,error,adaptive-aimbot,flick,0.6434615222130733,0.0022,1
1,120,error,adaptive-aimbot,flick,0.6306814428982365,0.0024,1
1,120,error,adaptive-aimbot,flick,0.5981330786080893,0.0026,1
1,120,error,adaptive-aimbot,flick,0.5308212042406626,0.0028,1
1,120,error,adaptive-aimbot,flick,0.46180936277641366,0.003,1
1,120,error,adaptive-aimbot,flick,0.4529512401706026,0.0032,1
1,120,error,adaptive-aimbot,flick,0.3953061953904045,0.0034,1
1,120,error,adaptive-aimbot,flick,0.38302446388066447,0.0036,1
1,120,error,adaptive-aimbot,flick,0.36662256827549805,0.0038,1
1,120,error,adaptive-aimbot,flick,0.35782032762099963,0.004,1
1,120,error,adaptive-aimbot,flick,0.348237979768802,0.0042,1
1,120,error,adaptive-aimbot,flick,0.342022758982398,0.0044,1
1,120,error,adaptive-aimbot,flick,0.3319092870756032,0.0046,1
1,120,error,adaptive-aimbot,flick,0.32509443731240123,0.0048,1
1,120,error,adaptive-aimbot,flick,0.3198846673325716,0.005,1
1,120,error,adaptive-aimbot,flick,0.3107329690545569,0.0052,1
1,120,error,adaptive-aimbot,flick,0.2692692286503213,0.0054,1
1,120,error,adaptive-aimbot,flick,0.26839822866129925,0.0056,1
1,120,error,adaptive-aimbot,flick,0.26472332754885397,0.0058,1
1,120,error,adaptive-aimbot,flick,0.2564351695203123,0.006,1
1,120,error,adaptive-aimbot,flick,0.25293068345205616,0.0062,1
1,120,error,adaptive-aimbot,flick,0.2346863961674904,0.0064,1
1,120,error,adaptive-aimbot,flick,0.2335528759066432,0.0066,1
1,120,error,adaptive-aimbot,flick,0.2068293484353398,0.0068,1
1,120,error,adaptive-aimbot,flick,0.2031917830092477,0.007,1
1,120,error,adaptive-aimbot,flick,0.20190175691100146,0.0072,1
1,120,error,adaptive-aimbot,flick,0.20167458752821618,0.0074,1
1,120,error,adaptive-aimbot,flick,0.19992115311074782,0.0076,1
1,120,error,adaptive-aimbot,flick,0.19093032160367993,0.0078,1
1,120,error,adaptive-aimbot,flick,0.1852741475946403,0.008,1
1,120,error,adaptive-aimbot,flick,0.17859310087702374,0.0082,1
1,120,error,adaptive-aimbot,flick,0.168535167728826,0.0084,1
1,120,error,adaptive-aimbot,flick,0.1659054541283935,0.0086,1
1,120,error,adaptive-aimbot,flick,0.15833344806421984,0.0088,1
1,120,error,adaptive-aimbot,flick,0.15284563174397856,0.009,1
1,120,error,adaptive-aimbot,flick,0.15238076815784143,0.0092,1
1,120,error,adaptive-aimbot,flick,0.15143694151300302,0.0094,1
1,120,error,adaptive-aimbot,flick,0.1466943269933853,0.0096,1
1,120,error,adaptive-aimbot,flick,0.13251465990562494,0.0098,1
1,120,error,adaptive-aimbot,flick,0.13175371883298673,0.01,1
1,120,error,adaptive-aimbot,flick,0.12776888030908423,0.0102,1
1,120,error,adaptive-aimbot,flick,-0.003539333792807259,0.0302,1
1,120,error,adaptive-aimbot,flick,-0.06692191140707619,0.0502,1
1,120,error,adaptive-aimbot,flick,-0.15073670695500382,0.0704,1
1,120,error,adaptive-aimbot,flick,-0.2589414138208352,0.0906,1
1,120,error,adaptive-aimbot,flick,-0.3836614996520024,0.1106,1
1,120,error,adaptive-aimbot,flick,-0.5000254861324022,0.1308,1
1,120,error,adaptive-aimbot,flick,-0.6112007586939138,0.151,1
1,120,error,adaptive-aimbot,flick,-0.7126552371027659,0.171,1
1,120,error,adaptive-aimbot,flick,-0.8199510540975127,0.1912,1
1,120,error,adaptive-aimbot,flick,-0.926840647960193,0.2114,1
1,120,error,adaptive-aimbot,flick,-1.047400848534776,0.2316,1
1,120,error,adaptive-aimbot,flick,-1.1582796179538155,0.2518,1
1,120,error,adaptive-aimbot,flick,-1.2703130871674386,0.272,1
1,120,error,adaptive-aimbot,flick,-1.3883191053107702,0.2922,1
1,120,error,adaptive-aimbot,flick,-1.5092318536148057,0.3124,1
1,120,error,adaptive-aimbot,flick,-1.6486126229698568,0.3326,1
1,120,error,adaptive-aimbot,flick,-1.7700279947478288,0.3526,1
1,120,error,adaptive-aimbot,flick,-1.8603061092710516,0.3728,1
1,120,error,adaptive-aimbot,flick,-1.953298399352926,0.393,1
1,120,error,adaptive-aimbot,flick,-2.0821212547403722,0.4132,1
1,120,error,adaptive-aimbot,flick,-2.201055544370527,0.4334,1
1,120,error,adaptive-aimbot,flick,-2.340134434709396,0.4534,1
1,120,error,adaptive-aimbot,flick,-2.481419457969163,0.4736,1
1,120,error,adaptive-aimbot,flick,-2.6052119135390592,0.4938,1
1,120,error,adaptive-aimbot,flick,-2.72367055406641,0.5138,1
1,120,error,adaptive-aimbot,flick,-2.8470631669812185,0.5338,1
1,120,error,adaptive-aimbot,flick,-2.994994870740894,0.554,1
1,120,error,adaptive-aimbot,flick,-3.1662751105699827,0.5742,1
1,120,error,adaptive-aimbot,flick,-3.307235367156634,0.5944,1
1,120,error,adaptive-aimbot,flick,-3.436552788287382,0.6146,1
1,120,error,adaptive-aimbot,flick,-3.6171712109885545,0.6346,1
1,120,error,adaptive-aimbot,flick,-3.788842306761618,0.6548,1
1,120,error,adaptive-aimbot,flick,-3.969136021487329,0.675,1
1,120,error,adaptive-aimbot,flick,-4.159580146012034,0.6952,1
1,120,error,adaptive-aimbot,flick,-4.382952363049513,0.7154,1
1,120,error,adaptive-aimbot,flick,-4.585905533597104,0.7354,1
1,120,error,adaptive-aimbot,flick,-4.822719926976059,0.7556,1
1,120,error,adaptive-aimbot,flick,-5.054461223345138,0.7758,1
1,120,error,adaptive-aimbot,flick,-5.319511576802508,0.796,1
1,120,error,adaptive-aimbot,flick,-5.609621991468343,0.8162,1
1,120,error,adaptive-aimbot,flick,-5.988627366846458,0.8362,1
1,120,error,adaptive-aimbot,flick,-6.307587107863639,0.8564,1
1,120,error,adaptive-aimbot,flick,-6.744825266321926,0.8766,1
1,120,error,adaptive-aimbot,flick,-7.203020743789302,0.8968,1
1,120,error,adaptive-aimbot,flick,-7.741240537345731,0.917,1
1,120,error,adaptive-aimbot,flick,-8.384091867823514,0.937,1
1,120,error,adaptive-aimbot,flick,-9.290104246433744,0.9572,1
1,120,error,adaptive-aimbot,flick,-10.69969491605961,0.9774,1
1,120,error,adaptive-aimbot,flick,-15.552840276329135,0.9976,1
1,120,error,adaptive-aimbot,flick,-inf,1,1
1,120,error,smoothing-aimbot,flick,inf,0,0
1,120,error,smoothing-aimbot,flick,2.9785342960001686,0,0
1,120,error,smoothing-aimbot,flick,1.5489125330727644,0.0002,0.004
1,120,error,smoothing-aimbot,flick,1.4346364488555248,0.0004,0.004
1,120,error,smoothing-aimbot,flick,1.4016681224366219,0.0006,0.004
1,120,error,smoothing-aimbot,flick,1.193687822947064,0.0008,0.004
1,120,error,smoothing-aimbot,flick,1.0935179647467856,0.001,0.004
1,120,error,smoothing-aimbot,flick,1.0102995617081936,0.0012,0.004
1,120,error,smoothing-aimbot,flick,0.9718016769917595,0.0014,0.004
1,120,error,smoothing-aimbot,flick,0.8659383949115772,0.0016,0.004
1,120,error,smoothing-aimbot,flick,0.7310744022181417,0.0018,0.004
1,120,error,smoothing-aimbot,flick,0.697940126140614,0.002,0.004
1,120,error,smoothing-aimbot,flick,0.6434615222130733,0.0022,0.004
1,120,error,smoothing-aimbot,flick,0.6306814428982365,0.0024,0.004
1,120,error,smoothing-aimbot,flick,0.5981330786080893,0.0026,0.004
1,120,error,smoothing-aimbot,flick,0.5308212042406626,0.0028,0.004
1,120,error,smoothing-aimbot,flick,0.46180936277641366,0.003,0.004
1,120,error,smoothing-aimbot,flick,0.4529512401706026,0.0032,0.004
1,120,error,smoothing-aimbot,flick,0.3953061953904045,0.0034,0.004
1,120,error,smoothing-aimbot,flick,0.38302446388066447,0.0036,0.004
1,120,error,smoothing-aimbot,flick,0.36662256827549805,0.0038,0.004
1,120,error,smoothing-aimbot,flick,0.35782032762099963,0.004,0.004
1,120,error,smoothing-aimbot,flick,0.348237979768802,0.0042,0.004
1,120,error,smoothing-aimbot,flick,0.342022758982398,0.0044,0.004
1,120,error,smoothing-aimbot,flick,0.3319092870756032,0.0046,0.004
1,120,error,smoothing-aimbot,flick,0.32509443731240123,0.0048,0.004
1,120,error,smoothing-aimbot,flick,0.3198846673325716,0.005,0.004
1,120,error,smoothing-aimbot,flick,0.3107329690545569,0.0052,0.004
1,120,error,smoothing-aimbot,flick,0.2692692286503213,0.0054,0.004
1,120,error,smoothing-aimbot,flick,0.26839822866129925,0.0056,0.004
1,120,error,smoothing-aimbot,flick,0.26472332754885397,0.0058,0.004
1,120,error,smoothing-aimbot,flick,0.2564351695203123,0.006,0.004
1,120,error,smoothing-aimbot,flick,0.25293068345205616,0.0062,0.004
1,120,error,smoothing-aimbot,flick,0.2346863961674904,0.0064,0.004
1,120,error,smoothing-aimbot,flick,0.2335528759066432,0.0066,0.004
1,120,error,smoothing-aimbot,flick,0.2068293484353398,0.0068,0.004
1,120,error,smoothing-aimbot,flick,0.2031917830092477,0.007,0.004
1,120,error,smoothing-aimbot,flick,0.20190175691100146,0.0072,0.004
1,120,error,smoothing-aimbot,flick,0.20167458752821618,0.0074,0.004
1,120,error,smoothing-aimbot,flick,0.19992115311074782,0.0076,0.004
1,120,error,smoothing-aimbot,flick,0.19093032160367993,0.0078,0.004
1,120,error,smoothing-aimbot,flick,0.1852741475946403,0.008,0.004
1,120,error,smoothing-aimbot,flick,0.17859310087702374,0.0082,0.006
1,120,error,smoothing-aimbot,flick,0.168535167728826,0.0084,0.006
1,120,error,smoothing-aimbot,flick,0.1659054541283935,0.0086,0.006
1,120,error,smoothing-aimbot,flick,0.15833344806421984,0.0088,0.006
1,120,error,smoothing-aimbot,flick,0.15284563174397856,0.009,0.006
1,120,error,smoothing-aimbot,flick,0.15238076815784143,0.0092,0.006
1,120,error,smoothing-aimbot,flick,0.15143694151300302,0.0094,0.006
1,120,error,smoothing-aimbot,flick,0.1466943269933853,0.0096,0.006
1,120,error,smoothing-aimbot,flick,0.13251465990562494,0.0098,0.006
1,120,error,smoothing-aimbot,flick,0.13175371883298673,0.01,0.006
1,120,error,smoothing-aimbot,flick,0.12776888030908423,0.0102,0.006
1,120,error,smoothing-aimbot,flick,-0.003539333792807259,0.0302,0.01
1,120,error,smoothing-aimbot,flick,-0.06692191140707619,0.0502,0.014
1,120,error,smoothing-aimbot,flick,-0.15073670695500382,0.0704,0.018
1,120,error,smoothing-aimbot,flick,-0.2589414138208352,0.0906,0.022
1,120,error,smoothing-aimbot,flick,-0.3836614996520024,0.1106,0.026
1,120,error,smoothing-aimbot,flick,-0.5000254861324022,0.1308,0.03
1,120,error,smoothing-aimbot,flick,-0.6112007586939138,0.151,0.03
1,120,error,smoothing-aimbot,flick,-0.7126552371027659,0.171,0.032
1,120,error,smoothing-aimbot,flick,-0.8199510540975127,0.1912,0.032
1,120,error,smoothing-aimbot,flick,-0.926840647960193,0.2114,0.032
1,120,error,smoothing-aimbot,flick,-1.047400848534776,0.2316,0.036
1,120,error,smoothing-aimbot,flick,-1.1582796179538155,0.2518,0.04
1,120,error,smoothing-aimbot,flick,-1.2703130871674386,0.272,0.04
1,120,error,smoothing-aimbot,flick,-1.3883191053107702,0.2922,0.042
1,120,error,smoothing-aimbot,flick,-1.5092318536148057,0.3124,0.046
1,120,error,smoothing-aimbot,flick,-1.6486126229698568,0.3326,0.046
1,120,error,smoothing-aimbot,flick,-1.7700279947478288,0.3526,0.048
1,120,error,smoothing-aimbot,flick,-1.8603061092710516,0.3728,0.048
1,120,error,smoothing-aimbot,flick,-1.953298399352926,0.393,0.048
1,120,error,smoothing-aimbot,flick,-2.0821212547403722,0.4132,0.052
1,120,error,smoothing-aimbot,flick,-2.201055544370527,0.4334,0.052
1,120,error,smoothing-aimbot,flick,-2.340134434709396,0.4534,0.052
1,120,error,smoothing-aimbot,flick,-2.481419457969163,0.4736,0.054
1,120,error,smoothing-aimbot,flick,-2.6052119135390592,0.4938,0.058
1,120,error,smoothing-aimbot,flick,-2.72367055406641,0.5138,0.066
1,120,error,smoothing-aimbot,flick,-2.8470631669812185,0.5338,0.068
1,120,error,smoothing-aimbot,flick,-2.994994870740894,0.554,0.07
1,120,error,smoothing-aimbot,flick,-3.1662751105699827,0.5742,0.072
1,120,error,smoothing-aimbot,flick,-3.307235367156634,0.5944,0.074
1,120,error,smoothing-aimbot,flick,-3.436552788287382,0.6146,0.078
1,120,error,smoothing-aimbot,flick,-3.6171712109885545,0.6346,0.084
1,120,error,smoothing-aimbot,flick,-3.788842306761618,0.6548,0.09
1,120,error,smoothing-aimbot,flick,-3.969136021487329,0.675,0.094
1,120,error,smoothing-aimbot,flick,-4.159580146012034,0.6952,0.098
1,120,error,smoothing-aimbot,flick,-4.382952363049513,0.7154,0.102
1,120,error,smoothing-aimbot,flick,-4.585905533597104,0.7354,0.104
1,120,error,smoothing-aimbot,flick,-4.822719926976059,0.7556,0.108
1,120,error,smoothing-aimbot,flick,-5.054461223345138,0.7758,0.112
1,120,error,smoothing-aimbot,flick,-5.319511576802508,0.796,0.114
1,120,error,smoothing-aimbot,flick,-5.609621991468343,0.8162,0.124
1,120,error,smoothing-aimbot,flick,-5.988627366846458,0.8362,0.132
1,120,error,smoothing-aimbot,flick,-6.307587107863639,0.8564,0.14
1,120,error,smoothing-aimbot,flick,-6.744825266321926,0.8766,0.15
1,120,error,smoothing-aimbot,flick,-7.203020743789302,0.8968,0.166
1,120,error,smoothing-aimbot,flick,-7.741240537345731,0.917,0.188
1,120,error,smoothing-aimbot,flick,-8.384091867823514,0.937,0.21
1,120,error,smoothing-aimbot,flick,-9.290104246433744,0.9572,0.238
1,120,error,smoothing-aimbot,flick,-10.69969491605961,0.9774,0.268
1,120,error,smoothing-aimbot,flick,-15.552840276329135,0.9976,0.388
1,120,error,smoothing-aimbot,flick,-inf,1,1
1,120,steps,smoothing-aimbot,flick,inf,0,0
1,120,steps,smoothing-aimbot,flick,1.232686563501699,0,1
1,120,steps,smoothing-aimbot,flick,0.9929711295609819,0.0002,1
1,120,steps,smoothing-aimbot,flick,0.7806061826345216,0.0004,1
1,120,steps,smoothing-aimbot,flick,0.640694645833116,0.0006,1
1,120,steps,smoothing-aimbot,flick,0.5929480000050071,0.0008,1
1,120,steps,smoothing-aimbot,flick,0.592034071102063,0.001,1
1,120,steps,smoothing-aimbot,flick,0.5869122326838323,0.0012,1
1,120,steps,smoothing-aimbot,flick,0.5856978553093455,0.0014,1
1,120,steps,smoothing-aimbot,flick,0.5731573049210308,0.0016,1
1,120,steps,smoothing-aimbot,flick,0.5351153550127162,0.0018,1
1,120,steps,smoothing-aimbot,flick,0.510907219378499,0.002,1
1,120,steps,smoothing-aimbot,flick,0.49848938676460053,0.0022,1
1,120,steps,smoothing-aimbot,flick,0.48986404903483516,0.0024,1
1,120,steps,smoothing-aimbot,flick,0.4882664943734285,0.0026,1
1,120,steps,smoothing-aimbot,flick,0.44429114980805867,0.0028,1
1,120,steps,smoothing-aimbot,flick,0.42025192743315015,0.003,1
1,120,steps,smoothing-aimbot,flick,0.4175966313970633,0.0032,1
1,120,steps,smoothing-aimbot,flick,0.4112862875482367,0.0034,1
1,120,steps,smoothing-aimbot,flick,0.3913990705790183,0.0036,1
1,120,steps,smoothing-aimbot,flick,0.38300204839640095,0.0038,1
1,120,steps,smoothing-aimbot,flick,0.37476138091812555,0.004,1
1,120,steps,smoothing-aimbot,flick,0.36577371006129683,0.0042,1
1,120,steps,smoothing-aimbot,flick,0.36567783194494907,0.0044,1
1,120,steps,smoothing-aimbot,flick,0.3572954245767103,0.0046,1
1,120,steps,smoothing-aimbot,flick,0.3542918404414774,0.0048,1
1,120,steps,smoothing-aimbot,flick,0.34814357892344183,0.005,1
1,120,steps,smoothing-aimbot,flick,0.3175368194985589,0.0052,1
1,120,steps,smoothing-aimbot,flick,0.314329417758977,0.0054,1
1,120,steps,smoothing-aimbot,flick,0.3080099216623697,0.0056,1
1,120,steps,smoothing-aimbot,flick,0.3018345557165943,0.0058,1
1,120,steps,smoothing-aimbot,flick,0.30147594622950985,0.006,1
1,120,steps,smoothing-aimbot,flick,0.2999301968725613,0.0062,1
1,120,steps,smoothing-aimbot,flick,0.28497715919079275,0.0064,1
1,120,steps,smoothing-aimbot,flick,0.28210709219298796,0.0066,1
1,120,steps,smoothing-aimbot,flick,0.2819532422196563,0.0068,1
1,120,steps,smoothing-aimbot,flick,0.27916396188580633,0.007,1
1,120,steps,smoothing-aimbot,flick,0.2769879631392735,0.0072,1
1,120,steps,smoothing-aimbot,flick,0.27398418610859054,0.0074,1
1,120,steps,smoothing-aimbot,flick,0.26637786618236076,0.0076,1
1,120,steps,smoothing-aimbot,flick,0.26481126634709223,0.0078,1
1,120,steps,smoothing-aimbot,flick,0.25418349833841847,0.008,1
1,120,steps,smoothing-aimbot,flick,0.25399416202966485,0.0082,1
1,120,steps,smoothing-aimbot,flick,0.25218023399722317,0.0084,1
1,120,steps,smoothing-aimbot,flick,0.24937457588218667,0.0086,1
1,120,steps,smoothing-aimbot,flick,0.2478443798478886,0.0088,1
1,120,steps,smoothing-aimbot,flick,0.24569648525045493,0.009,1
1,120,steps,smoothing-aimbot,flick,0.24273051744643573,0.0092,1
1,120,steps,smoothing-aimbot,flick,0.2422953609004037,0.0094,1
1,120,steps,smoothing-aimbot,flick,0.23472902346498326,0.0096,1
1,120,steps,smoothing-aimbot,flick,0.22679991978358996,0.0098,1
1,120,steps,smoothing-aimbot,flick,0.22347105003899065,0.01,1
1,120,steps,smoothing-aimbot,flick,0.2232290363950451,0.0102,1
1,120,steps,smoothing-aimbot,flick,0.12697770240298253,0.0302,1
1,120,steps,smoothing-aimbot,flick,0.08125839913853786,0.0502,1
1,120,steps,smoothing-aimbot,flick,0.05625120399148726,0.0704,1
1,120,steps,smoothing-aimbot,flick,0.040875675926708044,0.0906,1
1,120,steps,smoothing-aimbot,flick,0.031104559782665096,0.1106,1
1,120,steps,smoothing-aimbot,flick,0.022977861027399935,0.1308,1
1,120,steps,smoothing-aimbot,flick,0.01623700761371742,0.151,1
1,120,steps,smoothing-aimbot,flick,0.010035211603055877,0.171,1
1,120,steps,smoothing-aimbot,flick,0.006561018644669174,0.1912,1
1,120,steps,smoothing-aimbot,flick,0.0035542453601984836,0.2114,1
1,120,steps,smoothing-aimbot,flick,0.001639951283152566,0.2316,1
1,120,steps,smoothing-aimbot,flick,0.0003976093957406953,0.2518,1
1,120,steps,smoothing-aimbot,flick,-0.000000016886739035783857,0.7338,1
1,120,steps,smoothing-aimbot,flick,-0.0003601932451061338,0.7538,1
1,120,steps,smoothing-aimbot,flick,-0.0014110471240322893,0.7738,1
1,120,steps,smoothing-aimbot,flick,-0.0031935098249351035,0.794,1
1,120,steps,smoothing-aimbot,flick,-0.005846766234142787,0.8142,1
1,120,steps,smoothing-aimbot,flick,-0.009833947903586694,0.8342,1
1,120,steps,smoothing-aimbot,flick,-0.015238183118867954,0.8544,1
1,120,steps,smoothing-aimbot,flick,-0.02287289288060387,0.8746,1
1,120,steps,smoothing-aimbot,flick,-0.03207364266097863,0.8948,1
1,120,steps,smoothing-aimbot,flick,-0.04314068724554728,0.915,1
1,120,steps,smoothing-aimbot,flick,-0.05743368565046248,0.935,1
1,120,steps,smoothing-aimbot,flick,-0.08285826976155564,0.9552,1
1,120,steps,smoothing-aimbot,flick,-0.12247318182091557,0.9754,1
1,120,steps,smoothing-aimbot,flick,-0.28556764171959703,0.9956,1
1,120,steps,smoothing-aimbot,flick,-inf,1,1
1,120,error,fast-adaptive-aimbot,flick,inf,0,0
1,120,error,fast-adaptive-aimbot,flick,2.9785342960001686,0,0.07
1,120,error,fast-adaptive-aimbot,flick,1.5489125330727644,0.0002,0.164
1,120,error,fast-adaptive-aimbot,flick,1.4346364488555248,0.0004,0.172
1,120,error,fast-adaptive-aimbot,flick,1.4016681224366219,0.0006,0.174
1,120,error,fast-adaptive-aimbot,flick,1.193687822947064,0.0008,0.206
1,120,error,fast-adaptive-aimbot,flick,1.0935179647467856,0.001,0.212
1,120,error,fast-adaptive-aimbot,flick,1.0102995617081936,0.0012,0.224
1,120,error,fast-adaptive-aimbot,flick,0.9718016769917595,0.0014,0.23
1,120,error,fast-adaptive-aimbot,flick,0.8659383949115772,0.0016,0.26
1,120,error,fast-adaptive-aimbot,flick,0.7310744022181417,0.0018,0.282
1,120,error,fast-adaptive-aimbot,flick,0.697940126140614,0.002,0.286
1,120,error,fast-adaptive-aimbot,flick,0.6434615222130733,0.0022,0.3
1,120,error,fast-adaptive-aimbot,flick,0.6306814428982365,0.0024,0.3
1,120,error,fast-adaptive-aimbot,flick,0.5981330786080893,0.0026,0.306
1,120,error,fast-adaptive-aimbot,flick,0.5308212042406626,0.0028,0.332
1,120,error,fast-adaptive-aimbot,flick,0.46180936277641366,0.003,0.35
1,120,error,fast-adaptive-aimbot,flick,0.4529512401706026,0.0032,0.35
1,120,error,fast-adaptive-aimbot,flick,0.3953061953904045,0.0034,0.376
1,120,error,fast-adaptive-aimbot,flick,0.38302446388066447,0.0036,0.378
1,120,error,fast-adaptive-aimbot,flick,0.36662256827549805,0.0038,0.386
1,120,error,fast-adaptive-aimbot,flick,0.35782032762099963,0.004,0.386
1,120,error,fast-adaptive-aimbot,flick,0.348237979768802,0.0042,0.388
1,120,error,fast-adaptive-aimbot,flick,0.342022758982398,0.0044,0.39
1,120,error,fast-adaptive-aimbot,flick,0.3319092870756032,0.0046,0.392
1,120,error,fast-adaptive-aimbot,flick,0.32509443731240123,0.0048,0.392
1,120,error,fast-adaptive-aimbot,flick,0.3198846673325716,0.005,0.396
1,120,error,fast-adaptive-aimbot,flick,0.3107329690545569,0.0052,0.398
1,120,error,fast-adaptive-aimbot,flick,0.2692692286503213,0.0054,0.416
1,120,error,fast-adaptive-aimbot,flick,0.26839822866129925,0.0056,0.416
1,120,error,fast-adaptive-aimbot,flick,0.26472332754885397,0.0058,0.422
1,120,error,fast-adaptive-aimbot,flick,0.2564351695203123,0.006,0.424
1,120,error,fast-adaptive-aimbot,flick,0.25293068345205616,0.0062,0.424
1,120,error,fast-adaptive-aimbot,flick,0.2346863961674904,0.0064,0.434
1,120,error,fast-adaptive-aimbot,flick,0.2335528759066432,0.0066,0.434
1,120,error,fast-adaptive-aimbot,flick,0.2068293484353398,0.0068,0.444
1,120,error,fast-adaptive-aimbot,flick,0.2031917830092477,0.007,0.45
1,120,error,fast-adaptive-aimbot,flick,0.20190175691100146,0.0072,0.452
1,120,error,fast-adaptive-aimbot,flick,0.20167458752821618,0.0074,0.452
1,120,error,fast-adaptive-aimbot,flick,0.19992115311074782,0.0076,0.452
1,120,error,fast-adaptive-aimbot,flick,0.19093032160367993,0.0078,0.456
1,120,error,fast-adaptive-aimbot,flick,0.1852741475946403,0.008,0.46
1,120,error,fast-adaptive-aimbot,flick,0.17859310087702374,0.0082,0.464
1,120,error,fast-adaptive-aimbot,flick,0.168535167728826,0.0084,0.466
1,120,error,fast-adaptive-aimbot,flick,0.1659054541283935,0.0086,0.468
1,120,error,fast-adaptive-aimbot,flick,0.15833344806421984,0.0088,0.472
1,120,error,fast-adaptive-aimbot,flick,0.15284563174397856,0.009,0.472
1,120,error,fast-adaptive-aimbot,flick,0.15238076815784143,0.0092,0.472
1,120,error,fast-adaptive-aimbot,flick,0.15143694151300302,0.0094,0.474
1,120,error,fast-adaptive-aimbot,flick,0.1466943269933853,0.0096,0.474
1,120,error,fast-adaptive-aimbot,flick,0.13251465990562494,0.0098,0.482
1,120,error,fast-adaptive-aimbot,flick,0.13175371883298673,0.01,0.482
1,120,error,fast-adaptive-aimbot,flick,0.12776888030908423,0.0102,0.484
1,120,error,fast-adaptive-aimbot,flick,-0.003539333792807259,0.0302,0.618
1,120,error,fast-adaptive-aimbot,flick,-0.06692191140707619,0.0502,0.704
1,120,error,fast-adaptive-aimbot,flick,-0.15073670695500382,0.0704,0.734
1,120,error,fast-adaptive-aimbot,flick,-0.2589414138208352,0.0906,0.766
1,120,error,fast-adaptive-aimbot,flick,-0.3836614996520024,0.1106,0.788
1,120,error,fast-adaptive-aimbot,flick,-0.5000254861324022,0.1308,0.824
1,120,error,fast-adaptive-aimbot,flick,-0.6112007586939138,0.151,0.834
1,120,error,fast-adaptive-aimbot,flick,-0.7126552371027659,0.171,0.862
1,120,error,fast-adaptive-aimbot,flick,-0.8199510540975127,0.1912,0.874
1,120,error,fast-adaptive-aimbot,flick,-0.926840647960193,0.2114,0.88
1,120,error,fast-adaptive-aimbot,flick,-1.047400848534776,0.2316,0.89
1,120,error,fast-adaptive-aimbot,flick,-1.1582796179538155,0.2518,0.908
1,120,error,fast-adaptive-aimbot,flick,-1.2703130871674386,0.272,0.91
1,120,error,fast-adaptive-aimbot,flick,-1.3883191053107702,0.2922,0.914
1,120,error,fast-adaptive-aimbot,flick,-1.5092318536148057,0.3124,0.922
1,120,error,fast-adaptive-aimbot,flick,-1.6486126229698568,0.3326,0.928
1,120,error,fast-adaptive-aimbot,flick,-1.7700279947478288,0.3526,0.932
1,120,error,fast-adaptive-aimbot,flick,-1.8603061092710516,0.3728,0.934
1,120,error,fast-adaptive-aimbot,flick,-1.953298399352926,0.393,0.936
1,120,error,fast-adaptive-aimbot,flick,-2.0821212547403722,0.4132,0.946
1,120,error,fast-adaptive-aimbot,flick,-2.201055544370527,0.4334,0.95
1,120,error,fast-adaptive-aimbot,flick,-2.340134434709396,0.4534,0.956
1,120,error,fast-adaptive-aimbot,flick,-2.481419457969163,0.4736,0.964
1,120,error,fast-adaptive-aimbot,flick,-2.6052119135390592,0.4938,0.966
1,120,error,fast-adaptive-aimbot,flick,-2.72367055406641,0.5138,0.968
1,120,error,fast-adaptive-aimbot,flick,-2.8470631669812185,0.5338,0.974
1,120,error,fast-adaptive-aimbot,flick,-2.994994870740894,0.554,0.978
1,120,error,fast-adaptive-aimbot,flick,-3.1662751105699827,0.5742,0.982
1,120,error,fast-adaptive-aimbot,flick,-3.307235367156634,0.5944,0.982
1,120,error,fast-adaptive-aimbot,flick,-3.436552788287382,0.6146,0.982
1,120,error,fast-adaptive-aimbot,flick,-3.6171712109885545,0.6346,0.986
1,120,error,fast-adaptive-aimbot,flick,-3.788842306761618,0.6548,0.986
1,120,error,fast-adaptive-aimbot,flick,-3.969136021487329,0.675,0.986
1,120,error,fast-adaptive-aimbot,flick,-4.159580146012034,0.6952,0.986
1,120,error,fast-adaptive-aimbot,flick,-4.382952363049513,0.7154,0.986
1,120,error,fast-adaptive-aimbot,flick,-4.585905533597104,0.7354,0.986
1,120,error,fast-adaptive-aimbot,flick,-4.822719926976059,0.7556,0.988
1,120,error,fast-adaptive-aimbot,flick,-5.054461223345138,0.7758,0.988
1,120,error,fast-adaptive-aimbot,flick,-5.319511576802508,0.796,0.992
1,120,error,fast-adaptive-aimbot,flick,-5.609621991468343,0.8162,0.992
1,120,error,fast-adaptive-aimbot,flick,-5.988627366846458,0.8362,0.994
1,120,error,fast-adaptive-aimbot,flick,-6.307587107863639,0.8564,0.994
1,120,error,fast-adaptive-aimbot,flick,-6.744825266321926,0.8766,0.994
1,120,error,fast-adaptive-aimbot,flick,-7.203020743789302,0.8968,0.998
1,120,error,fast-adaptive-aimbot,flick,-7.741240537345731,0.917,0.998
1,120,error,fast-adaptive-aimbot,flick,-8.384091867823514,0.937,1
1,120,error,fast-adaptive-aimbot,flick,-9.290104246433744,0.9572,1
1,120,error,fast-adaptive-aimbot,flick,-10.69969491605961,0.9774,1
1,120,error,fast-adaptive-aimbot,flick,-15.552840276329135,0.9976,1
1,120,error,fast-adaptive-aimbot,flick,-inf,1,1
1,300,error,recoil-macro,spray,inf,0,0
1,300,error,recoil-macro,spray,3.1245028438744287,0,0.694
1,300,error,recoil-macro,spray,2.96624604355201,0.0002,0.708
1,300,error,recoil-macro,spray,2.511423106192749,0.0004,0.748
1,300,error,recoil-macro,spray,2.462506516017434,0.0006,0.752
1,300,error,recoil-macro,spray,2.264829517144764,0.0008,0.774
1,300,error,recoil-macro,spray,2.132119246896852,0.001,0.788
1,300,error,recoil-macro,spray,2.1197074786806107,0.0012,0.79
1,300,error,recoil-macro,spray,2.0382771162986675,0.0014,0.8
1,300,error,recoil-macro,spray,1.9989948079151165,0.0016,0.802
1,300,error,recoil-macro,spray,1.9209357312533144,0.0018,0.808
1,300,error,recoil-macro,spray,1.8201612040970607,0.002,0.82
1,300,error,recoil-macro,spray,1.8144766259923042,0.0022,0.822
1,300,error,recoil-macro,spray,1.7508053640298504,0.0024,0.826
1,300,error,recoil-macro,spray,1.6611209059761525,0.0026,0.836
1,300,error,recoil-macro,spray,1.619802802597748,0.0028,0.838
1,300,error,recoil-macro,spray,1.60712291401732,0.003,0.84
1,300,error,recoil-macro,spray,1.6052996130862376,0.0032,0.84
1,300,error,recoil-macro,spray,1.5878494366514286,0.0034,0.842
1,300,error,recoil-macro,spray,1.5557005492878293,0.0036,0.85
1,300,error,recoil-macro,spray,1.5461437007492862,0.0038,0.85
1,300,error,recoil-macro,spray,1.5087829503540051,0.004,0.85
1,300,error,recoil-macro,spray,1.4896010611377422,0.0042,0.854
1,300,error,recoil-macro,spray,1.4598757199665313,0.0044,0.854
1,300,error,recoil-macro,spray,1.4282439153775488,0.0046,0.86
1,300,error,recoil-macro,spray,1.4118890243627642,0.0048,0.86
1,300,error,recoil-macro,spray,1.4118068366856347,0.005,0.86
1,300,error,recoil-macro,spray,1.4044534908682387,0.0052,0.862
1,300,error,recoil-macro,spray,1.4033969180927275,0.0054,0.862
1,300,error,recoil-macro,spray,1.3496173329598609,0.0056,0.862
1,300,error,recoil-macro,spray,1.3370348384283548,0.0058,0.864
1,300,error,recoil-macro,spray,1.3079444404850127,0.006,0.868
1,300,error,recoil-macro,spray,1.288980698220347,0.0062,0.87
1,300,error,recoil-macro,spray,1.2450728154234592,0.0064,0.87
1,300,error,recoil-macro,spray,1.2408213046078667,0.0066,0.87
1,300,error,recoil-macro,spray,1.2396632333121465,0.0068,0.87
1,300,error,recoil-macro,spray,1.2382416163537744,0.007,0.87
1,300,error,recoil-macro,spray,1.1932812244275242,0.0072,0.876
1,300,error,recoil-macro,spray,1.1921390424723208,0.0074,0.876
1,300,error,recoil-macro,spray,1.1914337875814263,0.0076,0.876
1,300,error,recoil-macro,spray,1.1869921036531623,0.0078,0.882
1,300,error,recoil-macro,spray,1.1644096768149481,0.008,0.882
1,300,error,recoil-macro,spray,1.155240824664215,0.0082,0.882
1,300,error,recoil-macro,spray,1.1435378779649232,0.0084,0.882
1,300,error,recoil-macro,spray,1.1153070295663974,0.0086,0.886
1,300,error,recoil-macro,spray,1.1076842546440275,0.0088,0.888
1,300,error,recoil-macro,spray,1.086354333249319,0.009,0.892
1,300,error,recoil-macro,spray,1.0846634298966764,0.0092,0.892
1,300,error,recoil-macro,spray,1.06922103833077,0.0094,0.892
1,300,error,recoil-macro,spray,1.0554922628399759,0.0096,0.894
1,300,error,recoil-macro,spray,1.0554783248777582,0.0098,0.894
1,300,error,recoil-macro,spray,1.0470558540331836,0.01,0.894
1,300,error,recoil-macro,spray,1.040494540454803,0.0102,0.894
1,300,error,recoil-macro,spray,0.4966249866650856,0.0302,0.946
1,300,error,recoil-macro,spray,0.29563348900179054,0.0502,0.968
1,300,error,recoil-macro,spray,0.18307349001402878,0.0704,0.982
1,300,error,recoil-macro,spray,0.10909983930060314,0.0906,0.988
1,300,error,recoil-macro,spray,0.06352790456248947,0.1106,0.99
1,300,error,recoil-macro,spray,0.030029316167150513,0.1308,0.992
1,300,error,recoil-macro,spray,0.012276404556857549,0.151,0.996
1,300,error,recoil-macro,spray,0.001994405856656658,0.171,0.996
1,300,error,recoil-macro,spray,-0.000005424166135840418,0.1912,0.996
1,300,error,recoil-macro,spray,-0.0027181816240524626,0.2114,0.996
1,300,error,recoil-macro,spray,-0.009484790948947322,0.2316,0.998
1,300,error,recoil-macro,spray,-0.02212910467370638,0.2518,0.998
1,300,error,recoil-macro,spray,-0.038318629407484976,0.272,0.998
1,300,error,recoil-macro,spray,-0.05588376478381273,0.2922,0.998
1,300,error,recoil-macro,spray,-0.07234533583073013,0.3124,0.998
1,300,error,recoil-macro,spray,-0.0958468329773874,0.3326,0.998
1,300,error,recoil-macro,spray,-0.11997805011465287,0.3526,0.998
1,300,error,recoil-macro,spray,-0.15136012897343046,0.3728,0.998
1,300,error,recoil-macro,spray,-0.18240342013574576,0.393,0.998
1,300,error,recoil-macro,spray,-0.21223283828271164,0.4132,0.998
1,300,error,recoil-macro,spray,-0.2544796998701422,0.4334,1
1,300,error,recoil-macro,spray,-0.2876290270628047,0.4534,1
1,300,error,recoil-macro,spray,-0.3279622723937698,0.4736,1
1,300,error,recoil-macro,spray,-0.36878655147163747,0.4938,1
1,300,error,recoil-macro,spray,-0.411693534467209,0.5138,1
1,300,error,recoil-macro,spray,-0.452287573754407,0.5338,1
1,300,error,recoil-macro,spray,-0.5025606942124375,0.554,1
1,300,error,recoil-macro,spray,-0.5609580147317818,0.5742,1
1,300,error,recoil-macro,spray,-0.605164012942916,0.5944,1
1,300,error,recoil-macro,spray,-0.6582979723209368,0.6146,1
1,300,error,recoil-macro,spray,-0.7227917051615942,0.6346,1
1,300,error,recoil-macro,spray,-0.7736979676344005,0.6548,1
1,300,error,recoil-macro,spray,-0.8389545075629752,0.675,1
1,300,error,recoil-macro,spray,-0.9177977300989925,0.6952,1
1,300,error,recoil-macro,spray,-1.0032058337479441,0.7154,1
1,300,error,recoil-macro,spray,-1.1008660052550525,0.7354,1
1,300,error,recoil-macro,spray,-1.183866786844167,0.7556,1
1,300,error,recoil-macro,spray,-1.2871647810085374,0.7758,1
1,300,error,recoil-macro,spray,-1.3852634448648615,0.796,1
1,300,error,recoil-macro,spray,-1.5235075744628583,0.8162,1
1,300,error,recoil-macro,spray,-1.674531241235354,0.8362,1
1,300,error,recoil-macro,spray,-1.8595088737324315,0.8564,1
1,300,error,recoil-macro,spray,-2.0583506375905825,0.8766,1
1,300,error,recoil-macro,spray,-2.262152880046526,0.8968,1
1,300,error,recoil-macro,spray,-2.515272522661314,0.917,1
1,300,error,recoil-macro,spray,-2.8063913889228145,0.937,1
1,300,error,recoil-macro,spray,-3.248710469278603,0.9572,1
1,300,error,recoil-macro,spray,-4.010441910887163,0.9774,1
1,300,error,recoil-macro,spray,-6.807743456288061,0.9976,1
1,300,error,recoil-macro,spray,-inf,1,1
1,300,error,flick-aimbot,flick,inf,0,0
1,300,error,flick-aimbot,flick,0.5725256061999338,0,1
1,300,error,flick-aimbot,flick,0.3839682150672197,0.0002,1
1,300,error,flick-aimbot,flick,0.13451010271861868,0.0004,1
1,300,error,flick-aimbot,flick,0.11292139556594694,0.0006,1
1,300,error,flick-aimbot,flick,0.11279301578522975,0.0008,1
1,300,error,flick-aimbot,flick,0.037497886732343944,0.001,1
1,300,error,flick-aimbot,flick,0.029758385083536502,0.0012,1
1,300,error,flick-aimbot,flick,0.019890386445475625,0.0014,1
1,300,error,flick-aimbot,flick,0.010324357049387526,0.0016,1
1,300,error,flick-aimbot,flick,0.0038488316243577023,0.0018,1
1,300,error,flick-aimbot,flick,-0.001493037754451716,0.002,1
1,300,error,flick-aimbot,flick,-0.02184261760368729,0.0022,1
1,300,error,flick-aimbot,flick,-0.031240394805807453,0.0024,1
1,300,error,flick-aimbot,flick,-0.035642672387820956,0.0026,1
1,300,error,flick-aimbot,flick,-0.04424848414975175,0.0028,1
1,300,error,flick-aimbot,flick,-0.06547709104826806,0.003,1
1,300,error,flick-aimbot,flick,-0.07330050913057934,0.0032,1
1,300,error,flick-aimbot,flick,-0.10041833682403287,0.0034,1
1,300,error,flick-aimbot,flick,-0.1013554169856917,0.0036,1
1,300,error,flick-aimbot,flick,-0.10375004138857334,0.0038,1
1,300,error,flick-aimbot,flick,-0.10652136891493108,0.004,1
1,300,error,flick-aimbot,flick,-0.10710208957221919,0.0042,1
1,300,error,flick-aimbot,flick,-0.13540689574034778,0.0044,1
1,300,error,flick-aimbot,flick,-0.1427616659669801,0.0046,1
1,300,error,flick-aimbot,flick,-0.14376820935509735,0.0048,1
1,300,error,flick-aimbot,flick,-0.1517601691578056,0.005,1
1,300,error,flick-aimbot,flick,-0.16697835256492674,0.0052,1
1,300,error,flick-aimbot,flick,-0.17723085444259004,0.0054,1
1,300,error,flick-aimbot,flick,-0.19941311530259903,0.0056,1
1,300,error,flick-aimbot,flick,-0.20568981516567106,0.0058,1
1,300,error,flick-aimbot,flick,-0.2170904664597817,0.006,1
1,300,error,flick-aimbot,flick,-0.2394111880494888,0.0062,1
1,300,error,flick-aimbot,flick,-0.2545259825623169,0.0064,1
1,300,error,flick-aimbot,flick,-0.2581559792336631,0.0066,1
1,300,error,flick-aimbot,flick,-0.25845983289815344,0.0068,1
1,300,error,flick-aimbot,flick,-0.2864611385347873,0.007,1
1,300,error,flick-aimbot,flick,-0.2872034280226843,0.0072,1
1,300,error,flick-aimbot,flick,-0.2874359288703822,0.0074,1
1,300,error,flick-aimbot,flick,-0.28762556568953507,0.0076,1
1,300,error,flick-aimbot,flick,-0.2908265505150201,0.0078,1
1,300,error,flick-aimbot,flick,-0.3054967006950018,0.008,1
1,300,error,flick-aimbot,flick,-0.3110600403866385,0.0082,1
1,300,error,flick-aimbot,flick,-0.33284009467268727,0.0084,1
1,300,error,flick-aimbot,flick,-0.3409846442309522,0.0086,1
1,300,error,flick-aimbot,flick,-0.3421274143964133,0.0088,1
1,300,error,flick-aimbot,flick,-0.3432910052377824,0.009,1
1,300,error,flick-aimbot,flick,-0.3517735070166802,0.0092,1
1,300,error,flick-aimbot,flick,-0.3673693206657035,0.0094,1
1,300,error,flick-aimbot,flick,-0.368650949560465,0.0096,1
1,300,error,flick-aimbot,flick,-0.3717481300199217,0.0098,1
1,300,error,flick-aimbot,flick,-0.37213118942120543,0.01,1
1,300,error,flick-aimbot,flick,-0.3730921463268325,0.0102,1
1,300,error,flick-aimbot,flick,-0.9314141094554687,0.0302,1
1,300,error,flick-aimbot,flick,-1.4022704766840046,0.0502,1
1,300,error,flick-aimbot,flick,-1.7163379755618222,0.0704,1
1,300,error,flick-aimbot,flick,-2.04331366118431,0.0906,1
1,300,error,flick-aimbot,flick,-2.3344549877455294,0.1106,1
1,300,error,flick-aimbot,flick,-2.6427634589047213,0.1308,1
1,300,error,flick-aimbot,flick,-2.954223705390871,0.151,1
1,300,error,flick-aimbot,flick,-3.183594464882285,0.171,1
1,300,error,flick-aimbot,flick,-3.4186626079002154,0.1912,1
1,300,error,flick-aimbot,flick,-3.6558388287665506,0.2114,1
1,300,error,flick-aimbot,flick,-3.874114014987639,0.2316,1
1,300,error,flick-aimbot,flick,-4.131343560539767,0.2518,1
1,300,error,flick-aimbot,flick,-4.3374097598556265,0.272,1
1,300,error,flick-aimbot,flick,-4.56368522318251,0.2922,1
1,300,error,flick-aimbot,flick,-4.780688637181618,0.3124,1
1,300,error,flick-aimbot,flick,-5.022930072687349,0.3326,1
1,300,error,flick-aimbot,flick,-5.224464232507413,0.3526,1
1,300,error,flick-aimbot,flick,-5.462167078332662,0.3728,1
1,300,error,flick-aimbot,flick,-5.67439330458522,0.393,1
1,300,error,flick-aimbot,flick,-5.875155013904085,0.4132,1
1,300,error,flick-aimbot,flick,-6.11681556208539,0.4334,1
1,300,error,flick-aimbot,flick,-6.362844479051152,0.4534,1
1,300,error,flick-aimbot,flick,-6.641237595322312,0.4736,1
1,300,error,flick-aimbot,flick,-6.876263456334234,0.4938,1
1,300,error,flick-aimbot,flick,-7.105106605988371,0.5138,1
1,300,error,flick-aimbot,flick,-7.318735402957879,0.5338,1
1,300,error,flick-aimbot,flick,-7.528459385813635,0.554,1
1,300,error,flick-aimbot,flick,-7.717402313102556,0.5742,1
1,300,error,flick-aimbot,flick,-7.948310934846814,0.5944,1
1,300,error,flick-aimbot,flick,-8.225121914963028,0.6146,1
1,300,error,flick-aimbot,flick,-8.47622982349028,0.6346,1
1,300,error,flick-aimbot,flick,-8.7517031208106,0.6548,1
1,300,error,flick-aimbot,flick,-9.00268593957919,0.675,1
1,300,error,flick-aimbot,flick,-9.295203549425164,0.6952,1
1,300,error,flick-aimbot,flick,-9.583056455430713,0.7154,1
1,300,error,flick-aimbot,flick,-9.928558324683763,0.7354,1
1,300,error,flick-aimbot,flick,-10.268593689297393,0.7556,1
1,300,error,flick-aimbot,flick,-10.57497606770317,0.7758,1
1,300,error,flick-aimbot,flick,-10.936954122139564,0.796,1
1,300,error,flick-aimbot,flick,-11.374007587109851,0.8162,1
1,300,error,flick-aimbot,flick,-11.760664181290359,0.8362,1
1,300,error,flick-aimbot,flick,-12.249559210446781,0.8564,1
1,300,error,flick-aimbot,flick,-12.90221999757573,0.8766,1
1,300,error,flick-aimbot,flick,-13.566614706790164,0.8968,1
1,300,error,flick-aimbot,flick,-14.39805766040806,0.917,1
1,300,error,flick-aimbot,flick,-15.341907331790615,0.937,1
1,300,error,flick-aimbot,flick,-16.68058882220475,0.9572,1
1,300,error,flick-aimbot,flick,-18.662888935458273,0.9774,1
1,300,error,flick-aimbot,flick,-24.651330635458216,0.9976,1
1,300,error,flick-aimbot,flick,-inf,1,1
1,300,error,humanised-aimbot,flick,inf,0,0
1,300,error,humanised-aimbot,flick,0.5725256061999338,0,1
1,300,error,humanised-aimbot,flick,0.3839682150672197,0.0002,1
1,300,error,humanised-aimbot,flick,0.13451010271861868,0.0004,1
1,300,error,humanised-aimbot,flick,0.11292139556594694,0.0006,1
1,300,error,humanised-aimbot,flick,0.11279301578522975,0.0008,1
1,300,error,humanised-aimbot,flick,0.037497886732343944,0.001,1
1,300,error,humanised-aimbot,flick,0.029758385083536502,0.0012,1
1,300,error,humanised-aimbot,flick,0.019890386445475625,0.0014,1
1,300,error,humanised-aimbot,flick,0.010324357049387526,0.0016,1
1,300,error,humanised-aimbot,flick,0.0038488316243577023,0.0018,1
1,300,error,humanised-aimbot,flick,-0.001493037754451716,0.002,1
1,300,error,humanised-aimbot,flick,-0.02184261760368729,0.0022,1
1,300,error,humanised-aimbot,flick,-0.031240394805807453,0.0024,1
1,300,error,humanised-aimbot,flick,-0.035642672387820956,0.0026,1
1,300,error,humanised-aimbot,flick,-0.04424848414975175,0.0028,1
1,300,error,humanised-aimbot,flick,-0.06547709104826806,0.003,1
1,300,error,humanised-aimbot,flick,-0.07330050913057934,0.0032,1
1,300,error,humanised-aimbot,flick,-0.10041833682403287,0.0034,1
1,300,error,humanised-aimbot,flick,-0.1013554169856917,0.0036,1
1,300,error,humanised-aimbot,flick,-0.10375004138857334,0.0038,1
1,300,error,humanised-aimbot,flick,-0.10652136891493108,0.004,1
1,300,error,humanised-aimbot,flick,-0.10710208957221919,0.0042,1
1,300,error,humanised-aimbot,flick,-0.13540689574034778,0.0044,1
1,300,error,humanised-aimbot,flick,-0.1427616659669801,0.0046,1
1,300,error,humanised-aimbot,flick,-0.14376820935509735,0.0048,1
1,300,error,humanised-aimbot,flick,-0.1517601691578056,0.005,1
1,300,error,humanised-aimbot,flick,-0.16697835256492674,0.0052,1
1,300,error,humanised-aimbot,flick,-0.17723085444259004,0.0054,1
1,300,error,humanised-aimbot,flick,-0.19941311530259903,0.0056,1
1,300,error,humanised-aimbot,flick,-0.20568981516567106,0.0058,1
1,300,error,humanised-aimbot,flick,-0.2170904664597817,0.006,1
1,300,error,humanised-aimbot,flick,-0.2394111880494888,0.0062,1
1,300,error,humanised-aimbot,flick,-0.2545259825623169,0.0064,1
1,300,error,humanised-aimbot,flick,-0.2581559792336631,0.0066,1
1,300,error,humanised-aimbot,flick,-0.25845983289815344,0.0068,1
1,300,error,humanised-aimbot,flick,-0.2864611385347873,0.007,1
1,300,error,humanised-aimbot,flick,-0.2872034280226843,0.0072,1
1,300,error,humanised-aimbot,flick,-0.2874359288703822,0.0074,1
1,300,error,humanised-aimbot,flick,-0.28762556568953507,0.0076,1
1,300,error,humanised-aimbot,flick,-0.2908265505150201,0.0078,1
1,300,error,humanised-aimbot,flick,-0.3054967006950018,0.008,1
1,300,error,humanised-aimbot,flick,-0.3110600403866385,0.0082,1
1,300,error,humanised-aimbot,flick,-0.33284009467268727,0.0084,1
1,300,error,humanised-aimbot,flick,-0.3409846442309522,0.0086,1
1,300,error,humanised-aimbot,flick,-0.3421274143964133,0.0088,1
1,300,error,humanised-aimbot,flick,-0.3432910052377824,0.009,1
1,300,error,humanised-aimbot,flick,-0.3517735070166802,0.0092,1
1,300,error,humanised-aimbot,flick,-0.3673693206657035,0.0094,1
1,300,error,humanised-aimbot,flick,-0.368650949560465,0.0096,1
1,300,error,humanised-aimbot,flick,-0.3717481300199217,0.0098,1
1,300,error,humanised-aimbot,flick,-0.37213118942120543,0.01,1
1,300,error,humanised-aimbot,flick,-0.3730921463268325,0.0102,1
1,300,error,humanised-aimbot,flick,-0.9314141094554687,0.0302,1
1,300,error,humanised-aimbot,flick,-1.4022704766840046,0.0502,1
1,300,error,humanised-aimbot,flick,-1.7163379755618222,0.0704,1
1,300,error,humanised-aimbot,flick,-2.04331366118431,0.0906,1
1,300,error,humanised-aimbot,flick,-2.3344549877455294,0.1106,1
1,300,error,humanised-aimbot,flick,-2.6427634589047213,0.1308,1
1,300,error,humanised-aimbot,flick,-2.954223705390871,0.151,1
1,300,error,humanised-aimbot,flick,-3.183594464882285,0.171,1
1,300,error,humanised-aimbot,flick,-3.4186626079002154,0.1912,1
1,300,error,humanised-aimbot,flick,-3.6558388287665506,0.2114,1
1,300,error,humanised-aimbot,flick,-3.874114014987639,0.2316,1
1,300,error,humanised-aimbot,flick,-4.131343560539767,0.2518,1
1,300,error,humanised-aimbot,flick,-4.3374097598556265,0.272,1
1,300,error,humanised-aimbot,flick,-4.56368522318251,0.2922,1
1,300,error,humanised-aimbot,flick,-4.780688637181618,0.3124,1
1,300,error,humanised-aimbot,flick,-5.022930072687349,0.3326,1
1,300,error,humanised-aimbot,flick,-5.224464232507413,0.3526,1
1,300,error,humanised-aimbot,flick,-5.462167078332662,0.3728,1
1,300,error,humanised-aimbot,flick,-5.67439330458522,0.393,1
1,300,error,humanised-aimbot,flick,-5.875155013904085,0.4132,1
1,300,error,humanised-aimbot,flick,-6.11681556208539,0.4334,1
1,300,error,humanised-aimbot,flick,-6.362844479051152,0.4534,1
1,300,error,humanised-aimbot,flick,-6.641237595322312,0.4736,1
1,300,error,humanised-aimbot,flick,-6.876263456334234,0.4938,1
1,300,error,humanised-aimbot,flick,-7.105106605988371,0.5138,1
1,300,error,humanised-aimbot,flick,-7.318735402957879,0.5338,1
1,300,error,humanised-aimbot,flick,-7.528459385813635,0.554,1
1,300,error,humanised-aimbot,flick,-7.717402313102556,0.5742,1
1,300,error,humanised-aimbot,flick,-7.948310934846814,0.5944,1
1,300,error,humanised-aimbot,flick,-8.225121914963028,0.6146,1
1,300,error,humanised-aimbot,flick,-8.47622982349028,0.6346,1
1,300,error,humanised-aimbot,flick,-8.7517031208106,0.6548,1
1,300,error,humanised-aimbot,flick,-9.00268593957919,0.675,1
1,300,error,humanised-aimbot,flick,-9.295203549425164,0.6952,1
1,300,error,humanised-aimbot,flick,-9.583056455430713,0.7154,1
1,300,error,humanised-aimbot,flick,-9.928558324683763,0.7354,1
1,300,error,humanised-aimbot,flick,-10.268593689297393,0.7556,1
1,300,error,humanised-aimbot,flick,-10.57497606770317,0.7758,1
1,300,error,humanised-aimbot,flick,-10.936954122139564,0.796,1
1,300,error,humanised-aimbot,flick,-11.374007587109851,0.8162,1
1,300,error,humanised-aimbot,flick,-11.760664181290359,0.8362,1
1,300,error,humanised-aimbot,flick,-12.249559210446781,0.8564,1
1,300,error,humanised-aimbot,flick,-12.90221999757573,0.8766,1
1,300,error,humanised-aimbot,flick,-13.566614706790164,0.8968,1
1,300,error,humanised-aimbot,flick,-14.39805766040806,0.917,1
1,300,error,humanised-aimbot,flick,-15.341907331790615,0.937,1
1,300,error,humanised-aimbot,flick,-16.68058882220475,0.9572,1
1,300,error,humanised-aimbot,flick,-18.662888935458273,0.9774,1
1,300,error,humanised-aimbot,flick,-24.651330635458216,0.9976,1
1,300,error,humanised-aimbot,flick,-inf,1,1
1,300,error,adaptive-aimbot,flick,inf,0,0
1,300,error,adaptive-aimbot,flick,0.5725256061999338,0,1
1,300,error,adaptive-aimbot,flick,0.3839682150672197,0.0002,1
1,300,error,adaptive-aimbot,flick,0.13451010271861868,0.0004,1
1,300,error,adaptive-aimbot,flick,0.11292139556594694,0.0006,1
1,300,error,adaptive-aimbot,flick,0.11279301578522975,0.0008,1
1,300,error,adaptive-aimbot,flick,0.037497886732343944,0.001,1
1,300,error,adaptive-aimbot,flick,0.029758385083536502,0.0012,1
1,300,error,adaptive-aimbot,flick,0.019890386445475625,0.0014,1
1,300,error,adaptive-aimbot,flick,0.010324357049387526,0.0016,1
1,300,error,adaptive-aimbot,flick,0.0038488316243577023,0.0018,1
1,300,error,adaptive-aimbot,flick,-0.001493037754451716,0.002,1
1,300,error,adaptive-aimbot,flick,-0.02184261760368729,0.0022,1
1,300,error,adaptive-aimbot,flick,-0.031240394805807453,0.0024,1
1,300,error,adaptive-aimbot,flick,-0.035642672387820956,0.0026,1
1,300,error,adaptive-aimbot,flick,-0.04424848414975175,0.0028,1
1,300,error,adaptive-aimbot,flick,-0.06547709104826806,0.003,1
1,300,error,adaptive-aimbot,flick,-0.07330050913057934,0.0032,1
1,300,error,adaptive-aimbot,flick,-0.10041833682403287,0.0034,1
1,300,error,adaptive-aimbot,flick,-0.1013554169856917,0.0036,1
1,300,error,adaptive-aimbot,flick,-0.10375004138857334,0.0038,1
1,300,error,adaptive-aimbot,flick,-0.10652136891493108,0.004,1
1,300,error,adaptive-aimbot,flick,-0.10710208957221919,0.0042,1
1,300,error,adaptive-aimbot,flick,-0.13540689574034778,0.0044,1
1,300,error,adaptive-aimbot,flick,-0.1427616659669801,0.0046,1
1,300,error,adaptive-aimbot,flick,-0.14376820935509735,0.0048,1
1,300,error,adaptive-aimbot,flick,-0.1517601691578056,0.005,1
1,300,error,adaptive-aimbot,flick,-0.16697835256492674,0.0052,1
1,300,error,adaptive-aimbot,flick,-0.17723085444259004,0.0054,1
1,300,error,adaptive-aimbot,flick,-0.19941311530259903,0.0056,1
1,300,error,adaptive-aimbot,flick,-0.20568981516567106,0.0058,1
1,300,error,adaptive-aimbot,flick,-0.2170904664597817,0.006,1
1,300,error,adaptive-aimbot,flick,-0.2394111880494888,0.0062,1
1,300,error,adaptive-aimbot,flick,-0.2545259825623169,0.0064,1
1,300,error,adaptive-aimbot,flick,-0.2581559792336631,0.0066,1
1,300,error,adaptive-aimbot,flick,-0.25845983289815344,0.0068,1
1,300,error,adaptive-aimbot,flick,-0.2864611385347873,0.007,1
1,300,error,adaptive-aimbot,flick,-0.2872034280226843,0.0072,1
1,300,error,adaptive-aimbot,flick,-0.2874359288703822,0.0074,1
1,300,error,adaptive-aimbot,flick,-0.28762556568953507,0.0076,1
1,300,error,adaptive-aimbot,flick,-0.2908265505150201,0.0078,1
1,300,error,adaptive-aimbot,flick,-0.3054967006950018,0.008,1
1,300,error,adaptive-aimbot,flick,-0.3110600403866385,0.0082,1
1,300,error,adaptive-aimbot,flick,-0.33284009467268727,0.0084,1
1,300,error,adaptive-aimbot,flick,-0.3409846442309522,0.0086,1
1,300,error,adaptive-aimbot,flick,-0.3421274143964133,0.0088,1
1,300,error,adaptive-aimbot,flick,-0.3432910052377824,0.009,1
1,300,error,adaptive-aimbot,flick,-0.3517735070166802,0.0092,1
1,300,error,adaptive-aimbot,flick,-0.3673693206657035,0.0094,1
1,300,error,adaptive-aimbot,flick,-0.368650949560465,0.0096,1
1,300,error,adaptive-aimbot,flick,-0.3717481300199217,0.0098,1
1,300,error,adaptive-aimbot,flick,-0.37213118942120543,0.01,1
1,300,error,adaptive-aimbot,flick,-0.3730921463268325,0.0102,1
1,300,error,adaptive-aimbot,flick,-0.9314141094554687,0.0302,1
1,300,error,adaptive-aimbot,flick,-1.4022704766840046,0.0502,1
1,300,error,adaptive-aimbot,flick,-1.7163379755618222,0.0704,1
1,300,error,adaptive-aimbot,flick,-2.04331366118431,0.0906,1
1,300,error,adaptive-aimbot,flick,-2.3344549877455294,0.1106,1
1,300,error,adaptive-aimbot,flick,-2.6427634589047213,0.1308,1
1,300,error,adaptive-aimbot,flick,-2.954223705390871,0.151,1
1,300,error,adaptive-aimbot,flick,-3.183594464882285,0.171,1
1,300,error,adaptive-aimbot,flick,-3.4186626079002154,0.1912,1
1,300,error,adaptive-aimbot,flick,-3.6558388287665506,0.2114,1
1,300,error,adaptive-aimbot,flick,-3.874114014987639,0.2316,1
1,300,error,adaptive-aimbot,flick,-4.131343560539767,0.2518,1
1,300,error,adaptive-aimbot,flick,-4.3374097598556265,0.272,1
1,300,error,adaptive-aimbot,flick,-4.56368522318251,0.2922,1
1,300,error,adaptive-aimbot,flick,-4.780688637181618,0.3124,1
1,300,error,adaptive-aimbot,flick,-5.022930072687349,0.3326,1
1,300,error,adaptive-aimbot,flick,-5.224464232507413,0.3526,1
1,300,error,adaptive-aimbot,flick,-5.462167078332662,0.3728,1
1,300,error,adaptive-aimbot,flick,-5.67439330458522,0.393,1
1,300,error,adaptive-aimbot,flick,-5.875155013904085,0.4132,1
1,300,error,adaptive-aimbot,flick,-6.11681556208539,0.4334,1
1,300,error,adaptive-aimbot,flick,-6.362844479051152,0.4534,1
1,300,error,adaptive-aimbot,flick,-6.641237595322312,0.4736,1
1,300,error,adaptive-aimbot,flick,-6.876263456334234,0.4938,1
1,300,error,adaptive-aimbot,flick,-7.105106605988371,0.5138,1
1,300,error,adaptive-aimbot,flick,-7.318735402957879,0.5338,1
1,300,error,adaptive-aimbot,flick,-7.528459385813635,0.554,1
1,300,error,adaptive-aimbot,flick,-7.717402313102556,0.5742,1
1,300,error,adaptive-aimbot,flick,-7.948310934846814,0.5944,1
1,300,error,adaptive-aimbot,flick,-8.225121914963028,0.6146,1
1,300,error,adaptive-aimbot,flick,-8.47622982349028,0.6346,1
1,300,error,adaptive-aimbot,flick,-8.7517031208106,0.6548,1
1,300,error,adaptive-aimbot,flick,-9.00268593957919,0.675,1
1,300,error,adaptive-aimbot,flick,-9.295203549425164,0.6952,1
1,300,error,adaptive-aimbot,flick,-9.583056455430713,0.7154,1
1,300,error,adaptive-aimbot,flick,-9.928558324683763,0.7354,1
1,300,error,adaptive-aimbot,flick,-10.268593689297393,0.7556,1
1,300,error,adaptive-aimbot,flick,-10.57497606770317,0.7758,1
1,300,error,adaptive-aimbot,flick,-10.936954122139564,0.796,1
1,300,error,adaptive-aimbot,flick,-11.374007587109851,0.8162,1
1,300,error,adaptive-aimbot,flick,-11.760664181290359,0.8362,1
1,300,error,adaptive-aimbot,flick,-12.249559210446781,0.8564,1
1,300,error,adaptive-aimbot,flick,-12.90221999757573,0.8766,1
1,300,error,adaptive-aimbot,flick,-13.566614706790164,0.8968,1
1,300,error,adaptive-aimbot,flick,-14.39805766040806,0.917,1
1,300,error,adaptive-aimbot,flick,-15.341907331790615,0.937,1
1,300,error,adaptive-aimbot,flick,-16.68058882220475,0.9572,1
1,300,error,adaptive-aimbot,flick,-18.662888935458273,0.9774,1
1,300,error,adaptive-aimbot,flick,-24.651330635458216,0.9976,1
1,300,error,adaptive-aimbot,flick,-inf,1,1
1,300,error,smoothing-aimbot,flick,inf,0,0
1,300,error,smoothing-aimbot,flick,0.5725256061999338,0,0
1,300,error,smoothing-aimbot,flick,0.3839682150672197,0.0002,0
1,300,error,smoothing-aimbot,flick,0.13451010271861868,0.0004,0
1,300,error,smoothing-aimbot,flick,0.11292139556594694,0.0006,0
1,300,error,smoothing-aimbot,flick,0.11279301578522975,0.0008,0
1,300,error,smoothing-aimbot,flick,0.037497886732343944,0.001,0
1,300,error,smoothing-aimbot,flick,0.029758385083536502,0.0012,0
1,300,error,smoothing-aimbot,flick,0.019890386445475625,0.0014,0
1,300,error,smoothing-aimbot,flick,0.010324357049387526,0.0016,0
1,300,error,smoothing-aimbot,flick,0.0038488316243577023,0.0018,0
1,300,error,smoothing-aimbot,flick,-0.001493037754451716,0.002,0
1,300,error,smoothing-aimbot,flick,-0.02184261760368729,0.0022,0
1,300,error,smoothing-aimbot,flick,-0.031240394805807453,0.0024,0
1,300,error,smoothing-aimbot,flick,-0.035642672387820956,0.0026,0
1,300,error,smoothing-aimbot,flick,-0.04424848414975175,0.0028,0
1,300,error,smoothing-aimbot,flick,-0.06547709104826806,0.003,0
1,300,error,smoothing-aimbot,flick,-0.07330050913057934,0.0032,0
1,300,error,smoothing-aimbot,flick,-0.10041833682403287,0.0034,0
1,300,error,smoothing-aimbot,flick,-0.1013554169856917,0.0036,0
1,300,error,smoothing-aimbot,flick,-0.10375004138857334,0.0038,0
1,300,error,smoothing-aimbot,flick,-0.10652136891493108,0.004,0
1,300,error,smoothing-aimbot,flick,-0.10710208957221919,0.0042,0
1,300,error,smoothing-aimbot,flick,-0.13540689574034778,0.0044,0
1,300,error,smoothing-aimbot,flick,-0.1427616659669801,0.0046,0
1,300,error,smoothing-aimbot,flick,-0.14376820935509735,0.0048,0
1,300,error,smoothing-aimbot,flick,-0.1517601691578056,0.005,0
1,300,error,smoothing-aimbot,flick,-0.16697835256492674,0.0052,0
1,300,error,smoothing-aimbot,flick,-0.17723085444259004,0.0054,0
1,300,error,smoothing-aimbot,flick,-0.19941311530259903,0.0056,0
1,300,error,smoothing-aimbot,flick,-0.20568981516567106,0.0058,0
1,300,error,smoothing-aimbot,flick,-0.2170904664597817,0.006,0
1,300,error,smoothing-aimbot,flick,-0.2394111880494888,0.0062,0
1,300,error,smoothing-aimbot,flick,-0.2545259825623169,0.0064,0
1,300,error,smoothing-aimbot,flick,-0.2581559792336631,0.0066,0
1,300,error,smoothing-aimbot,flick,-0.25845983289815344,0.0068,0
1,300,error,smoothing-aimbot,flick,-0.2864611385347873,0.007,0
1,300,error,smoothing-aimbot,flick,-0.2872034280226843,0.0072,0
1,300,error,smoothing-aimbot,flick,-0.2874359288703822,0.0074,0
1,300,error,smoothing-aimbot,flick,-0.28762556568953507,0.0076,0
1,300,error,smoothing-aimbot,flick,-0.2908265505150201,0.0078,0
1,300,error,smoothing-aimbot,flick,-0.3054967006950018,0.008,0
1,300,error,smoothing-aimbot,flick,-0.3110600403866385,0.0082,0
1,300,error,smoothing-aimbot,flick,-0.33284009467268727,0.0084,0
1,300,error,smoothing-aimbot,flick,-0.3409846442309522,0.0086,0
1,300,error,smoothing-aimbot,flick,-0.3421274143964133,0.0088,0
1,300,error,smoothing-aimbot,flick,-0.3432910052377824,0.009,0
1,300,error,smoothing-aimbot,flick,-0.3517735070166802,0.0092,0
1,300,error,smoothing-aimbot,flick,-0.3673693206657035,0.0094,0
1,300,error,smoothing-aimbot,flick,-0.368650949560465,0.0096,0
1,300,error,smoothing-aimbot,flick,-0.3717481300199217,0.0098,0
1,300,error,smoothing-aimbot,flick,-0.37213118942120543,0.01,0
1,300,error,smoothing-aimbot,flick,-0.3730921463268325,0.0102,0
1,300,error,smoothing-aimbot,flick,-0.9314141094554687,0.0302,0
1,300,error,smoothing-aimbot,flick,-1.4022704766840046,0.0502,0
1,300,error,smoothing-aimbot,flick,-1.7163379755618222,0.0704,0
1,300,error,smoothing-aimbot,flick,-2.04331366118431,0.0906,0
1,300,error,smoothing-aimbot,flick,-2.3344549877455294,0.1106,0
1,300,error,smoothing-aimbot,flick,-2.6427634589047213,0.1308,0
1,300,error,smoothing-aimbot,flick,-2.954223705390871,0.151,0
1,300,error,smoothing-aimbot,flick,-3.183594464882285,0.171,0
1,300,error,smoothing-aimbot,flick,-3.4186626079002154,0.1912,0
1,300,error,smoothing-aimbot,flick,-3.6558388287665506,0.2114,0
1,300,error,smoothing-aimbot,flick,-3.874114014987639,0.2316,0
1,300,error,smoothing-aimbot,flick,-4.131343560539767,0.2518,0
1,300,error,smoothing-aimbot,flick,-4.3374097598556265,0.272,0
1,300,error,smoothing-aimbot,flick,-4.56368522318251,0.2922,0
1,300,error,smoothing-aimbot,flick,-4.780688637181618,0.3124,0
1,300,error,smoothing-aimbot,flick,-5.022930072687349,0.3326,0
1,300,error,smoothing-aimbot,flick,-5.224464232507413,0.3526,0
1,300,error,smoothing-aimbot,flick,-5.462167078332662,0.3728,0
1,300,error,smoothing-aimbot,flick,-5.67439330458522,0.393,0
1,300,error,smoothing-aimbot,flick,-5.875155013904085,0.4132,0.002
1,300,error,smoothing-aimbot,flick,-6.11681556208539,0.4334,0.002
1,300,error,smoothing-aimbot,flick,-6.362844479051152,0.4534,0.002
1,300,error,smoothing-aimbot,flick,-6.641237595322312,0.4736,0.002
1,300,error,smoothing-aimbot,flick,-6.876263456334234,0.4938,0.002
1,300,error,smoothing-aimbot,flick,-7.105106605988371,0.5138,0.002
1,300,error,smoothing-aimbot,flick,-7.318735402957879,0.5338,0.002
1,300,error,smoothing-aimbot,flick,-7.528459385813635,0.554,0.002
1,300,error,smoothing-aimbot,flick,-7.717402313102556,0.5742,0.002
1,300,error,smoothing-aimbot,flick,-7.948310934846814,0.5944,0.002
1,300,error,smoothing-aimbot,flick,-8.225121914963028,0.6146,0.002
1,300,error,smoothing-aimbot,flick,-8.47622982349028,0.6346,0.002
1,300,error,smoothing-aimbot,flick,-8.7517031208106,0.6548,0.004
1,300,error,smoothing-aimbot,flick,-9.00268593957919,0.675,0.004
1,300,error,smoothing-aimbot,flick,-9.295203549425164,0.6952,0.004
1,300,error,smoothing-aimbot,flick,-9.583056455430713,0.7154,0.004
1,300,error,smoothing-aimbot,flick,-9.928558324683763,0.7354,0.004
1,300,error,smoothing-aimbot,flick,-10.268593689297393,0.7556,0.006
1,300,error,smoothing-aimbot,flick,-10.57497606770317,0.7758,0.006
1,300,error,smoothing-aimbot,flick,-10.936954122139564,0.796,0.01
1,300,error,smoothing-aimbot,flick,-11.374007587109851,0.8162,0.012
1,300,error,smoothing-aimbot,flick,-11.760664181290359,0.8362,0.016
1,300,error,smoothing-aimbot,flick,-12.249559210446781,0.8564,0.018
1,300,error,smoothing-aimbot,flick,-12.90221999757573,0.8766,0.022
1,300,error,smoothing-aimbot,flick,-13.566614706790164,0.8968,0.026
1,300,error,smoothing-aimbot,flick,-14.39805766040806,0.917,0.028
1,300,error,smoothing-aimbot,flick,-15.341907331790615,0.937,0.034
1,300,error,smoothing-aimbot,flick,-16.68058882220475,0.9572,0.04
1,300,error,smoothing-aimbot,flick,-18.662888935458273,0.9774,0.052
1,300,error,smoothing-aimbot,flick,-24.651330635458216,0.9976,0.096
1,300,error,smoothing-aimbot,flick,-inf,1,1
1,300,steps,smoothing-aimbot,flick,inf,0,0
1,300,steps,smoothing-aimbot,flick,0.9859444611052293,0,1
1,300,steps,smoothing-aimbot,flick,0.7852337127028501,0.0002,1
1,300,steps,smoothing-aimbot,flick,0.7243197345164578,0.0004,1
1,300,steps,smoothing-aimbot,flick,0.6767866533296704,0.0006,1
1,300,steps,smoothing-aimbot,flick,0.6636525472499247,0.0008,1
1,300,steps,smoothing-aimbot,flick,0.653432450087645,0.001,1
1,300,steps,smoothing-aimbot,flick,0.6458814661172194,0.0012,1
1,300,steps,smoothing-aimbot,flick,0.624788792072099,0.0014,1
1,300,steps,smoothing-aimbot,flick,0.6188144507277173,0.0016,1
1,300,steps,smoothing-aimbot,flick,0.5753475822503654,0.0018,1
1,300,steps,smoothing-aimbot,flick,0.5668278916768356,0.002,1
1,300,steps,smoothing-aimbot,flick,0.47179737896193524,0.0022,1
1,300,steps,smoothing-aimbot,flick,0.4447989657834666,0.0024,1
1,300,steps,smoothing-aimbot,flick,0.4283209649314052,0.0026,1
1,300,steps,smoothing-aimbot,flick,0.36984331071765264,0.0028,1
1,300,steps,smoothing-aimbot,flick,0.3624356204052646,0.003,1
1,300,steps,smoothing-aimbot,flick,0.3607869284821902,0.0032,1
1,300,steps,smoothing-aimbot,flick,0.3551826109303272,0.0034,1
1,300,steps,smoothing-aimbot,flick,0.3486723225787575,0.0036,1
1,300,steps,smoothing-aimbot,flick,0.336649606239583,0.0038,1
1,300,steps,smoothing-aimbot,flick,0.33482965250499896,0.004,1
1,300,steps,smoothing-aimbot,flick,0.3311563080503732,0.0042,1
1,300,steps,smoothing-aimbot,flick,0.32739529774399223,0.0044,1
1,300,steps,smoothing-aimbot,flick,0.3212813031329499,0.0046,1
1,300,steps,smoothing-aimbot,flick,0.32027419781176975,0.0048,1
1,300,steps,smoothing-aimbot,flick,0.30875136378337176,0.005,1
1,300,steps,smoothing-aimbot,flick,0.3064923723254333,0.0052,1
1,300,steps,smoothing-aimbot,flick,0.30244752584345924,0.0054,1
1,300,steps,smoothing-aimbot,flick,0.2952097245214013,0.0056,1
1,300,steps,smoothing-aimbot,flick,0.2921547339486805,0.0058,1
1,300,steps,smoothing-aimbot,flick,0.2905533169587604,0.006,1
1,300,steps,smoothing-aimbot,flick,0.28769834725813354,0.0062,1
1,300,steps,smoothing-aimbot,flick,0.28364258412023813,0.0064,1
1,300,steps,smoothing-aimbot,flick,0.2835949734475196,0.0066,1
1,300,steps,smoothing-aimbot,flick,0.2812784206328215,0.0068,1
1,300,steps,smoothing-aimbot,flick,0.2799080190149511,0.007,1
1,300,steps,smoothing-aimbot,flick,0.2721725100253394,0.0072,1
1,300,steps,smoothing-aimbot,flick,0.27160523594477054,0.0074,1
1,300,steps,smoothing-aimbot,flick,0.26817719331201495,0.0076,1
1,300,steps,smoothing-aimbot,flick,0.26386319827642035,0.0078,1
1,300,steps,smoothing-aimbot,flick,0.2584449973528854,0.008,1
1,300,steps,smoothing-aimbot,flick,0.2523238175887316,0.0082,1
1,300,steps,smoothing-aimbot,flick,0.2503156752206852,0.0084,1
1,300,steps,smoothing-aimbot,flick,0.24954326253871348,0.0086,1
1,300,steps,smoothing-aimbot,flick,0.249448644750012,0.0088,1
1,300,steps,smoothing-aimbot,flick,0.24898587882900844,0.009,1
1,300,steps,smoothing-aimbot,flick,0.247719996237354,0.0092,1
1,300,steps,smoothing-aimbot,flick,0.24709403553214435,0.0094,1
1,300,steps,smoothing-aimbot,flick,0.24704663854614067,0.0096,1
1,300,steps,smoothing-aimbot,flick,0.24147235576164067,0.0098,1
1,300,steps,smoothing-aimbot,flick,0.23388180767976408,0.01,1
1,300,steps,smoothing-aimbot,flick,0.23288798552508896,0.0102,1
1,300,steps,smoothing-aimbot,flick,0.1252864726070228,0.0302,1
1,300,steps,smoothing-aimbot,flick,0.0897338274771825,0.0502,1
1,300,steps,smoothing-aimbot,flick,0.06055086278940259,0.0704,1
1,300,steps,smoothing-aimbot,flick,0.04763703315015826,0.0906,1
1,300,steps,smoothing-aimbot,flick,0.03486957226381877,0.1106,1
1,300,steps,smoothing-aimbot,flick,0.026393673244883765,0.1308,1
1,300,steps,smoothing-aimbot,flick,0.019253793684737886,0.151,1
1,300,steps,smoothing-aimbot,flick,0.01409716312505178,0.171,1
1,300,steps,smoothing-aimbot,flick,0.009432196111416375,0.1912,1
1,300,steps,smoothing-aimbot,flick,0.006487809399578195,0.2114,1
1,300,steps,smoothing-aimbot,flick,0.0036790798183461205,0.2316,1
1,300,steps,smoothing-aimbot,flick,0.0019396306982138016,0.2518,1
1,300,steps,smoothing-aimbot,flick,0.0005721288822517212,0.272,1
1,300,steps,smoothing-aimbot,flick,0.000023395415291053654,0.2922,1
1,300,steps,smoothing-aimbot,flick,-0.000000011757259548530596,0.713,1
1,300,steps,smoothing-aimbot,flick,-0.0002713693606980795,0.733,1
1,300,steps,smoothing-aimbot,flick,-0.001396161660892521,0.753,1
1,300,steps,smoothing-aimbot,flick,-0.0028810644787504763,0.773,1
1,300,steps,smoothing-aimbot,flick,-0.005104350939388103,0.793,1
1,300,steps,smoothing-aimbot,flick,-0.007563261431795111,0.8132,1
1,300,steps,smoothing-aimbot,flick,-0.011883885334421753,0.8332,1
1,300,steps,smoothing-aimbot,flick,-0.01700441909823892,0.8534,1
1,300,steps,smoothing-aimbot,flick,-0.024042026777953564,0.8736,1
1,300,steps,smoothing-aimbot,flick,-0.03281259565316739,0.8938,1
1,300,steps,smoothing-aimbot,flick,-0.04684240151960953,0.914,1
1,300,steps,smoothing-aimbot,flick,-0.06438889500468926,0.934,1
1,300,steps,smoothing-aimbot,flick,-0.08422359676105523,0.9542,1
1,300,steps,smoothing-aimbot,flick,-0.12597977392696094,0.9744,1
1,300,steps,smoothing-aimbot,flick,-0.286932692211076,0.9946,1
1,300,steps,smoothing-aimbot,flick,-inf,1,1
1,300,error,fast-adaptive-aimbot,flick,inf,0,0
1,300,error,fast-adaptive-aimbot,flick,0.5725256061999338,0,0.37
1,300,error,fast-adaptive-aimbot,flick,0.3839682150672197,0.0002,0.42
1,300,error,fast-adaptive-aimbot,flick,0.13451010271861868,0.0004,0.54
1,300,error,fast-adaptive-aimbot,flick,0.11292139556594694,0.0006,0.56
1,300,error,fast-adaptive-aimbot,flick,0.11279301578522975,0.0008,0.56
1,300,error,fast-adaptive-aimbot,flick,0.037497886732343944,0.001,0.596
1,300,error,fast-adaptive-aimbot,flick,0.029758385083536502,0.0012,0.6
1,300,error,fast-adaptive-aimbot,flick,0.019890386445475625,0.0014,0.614
1,300,error,fast-adaptive-aimbot,flick,0.010324357049387526,0.0016,0.622
1,300,error,fast-adaptive-aimbot,flick,0.0038488316243577023,0.0018,0.632
1,300,error,fast-adaptive-aimbot,flick,-0.001493037754451716,0.002,0.658
1,300,error,fast-adaptive-aimbot,flick,-0.02184261760368729,0.0022,0.694
1,300,error,fast-adaptive-aimbot,flick,-0.031240394805807453,0.0024,0.706
1,300,error,fast-adaptive-aimbot,flick,-0.035642672387820956,0.0026,0.71
1,300,error,fast-adaptive-aimbot,flick,-0.04424848414975175,0.0028,0.72
1,300,error,fast-adaptive-aimbot,flick,-0.06547709104826806,0.003,0.73
1,300,error,fast-adaptive-aimbot,flick,-0.07330050913057934,0.0032,0.73
1,300,error,fast-adaptive-aimbot,flick,-0.10041833682403287,0.0034,0.74
1,300,error,fast-adaptive-aimbot,flick,-0.1013554169856917,0.0036,0.74
1,300,error,fast-adaptive-aimbot,flick,-0.10375004138857334,0.0038,0.74
1,300,error,fast-adaptive-aimbot,flick,-0.10652136891493108,0.004,0.74
1,300,error,fast-adaptive-aimbot,flick,-0.10710208957221919,0.0042,0.74
1,300,error,fast-adaptive-aimbot,flick,-0.13540689574034778,0.0044,0.75
1,300,error,fast-adaptive-aimbot,flick,-0.1427616659669801,0.0046,0.754
1,300,error,fast-adaptive-aimbot,flick,-0.14376820935509735,0.0048,0.754
1,300,error,fast-adaptive-aimbot,flick,-0.1517601691578056,0.005,0.754
1,300,error,fast-adaptive-aimbot,flick,-0.16697835256492674,0.0052,0.756
1,300,error,fast-adaptive-aimbot,flick,-0.17723085444259004,0.0054,0.76
1,300,error,fast-adaptive-aimbot,flick,-0.19941311530259903,0.0056,0.766
1,300,error,fast-adaptive-aimbot,flick,-0.20568981516567106,0.0058,0.768
1,300,error,fast-adaptive-aimbot,flick,-0.2170904664597817,0.006,0.77
1,300,error,fast-adaptive-aimbot,flick,-0.2394111880494888,0.0062,0.784
1,300,error,fast-adaptive-aimbot,flick,-0.2545259825623169,0.0064,0.79
1,300,error,fast-adaptive-aimbot,flick,-0.2581559792336631,0.0066,0.79
1,300,error,fast-adaptive-aimbot,flick,-0.25845983289815344,0.0068,0.79
1,300,error,fast-adaptive-aimbot,flick,-0.2864611385347873,0.007,0.802
1,300,error,fast-adaptive-aimbot,flick,-0.2872034280226843,0.0072,0.802
1,300,error,fast-adaptive-aimbot,flick,-0.2874359288703822,0.0074,0.802
1,300,error,fast-adaptive-aimbot,flick,-0.28762556568953507,0.0076,0.802
1,300,error,fast-adaptive-aimbot,flick,-0.2908265505150201,0.0078,0.802
1,300,error,fast-adaptive-aimbot,flick,-0.3054967006950018,0.008,0.81
1,300,error,fast-adaptive-aimbot,flick,-0.3110600403866385,0.0082,0.812
1,300,error,fast-adaptive-aimbot,flick,-0.33284009467268727,0.0084,0.82
1,300,error,fast-adaptive-aimbot,flick,-0.3409846442309522,0.0086,0.82
1,300,error,fast-adaptive-aimbot,flick,-0.3421274143964133,0.0088,0.82
1,300,error,fast-adaptive-aimbot,flick,-0.3432910052377824,0.009,0.82
1,300,error,fast-adaptive-aimbot,flick,-0.3517735070166802,0.0092,0.82
1,300,error,fast-adaptive-aimbot,flick,-0.3673693206657035,0.0094,0.82
1,300,error,fast-adaptive-aimbot,flick,-0.368650949560465,0.0096,0.82
1,300,error,fast-adaptive-aimbot,flick,-0.3717481300199217,0.0098,0.82
1,300,error,fast-adaptive-aimbot,flick,-0.37213118942120543,0.01,0.82
1,300,error,fast-adaptive-aimbot,flick,-0.3730921463268325,0.0102,0.82
1,300,error,fast-adaptive-aimbot,flick,-0.9314141094554687,0.0302,0.894
1,300,error,fast-adaptive-aimbot,flick,-1.4022704766840046,0.0502,0.93
1,300,error,fast-adaptive-aimbot,flick,-1.7163379755618222,0.0704,0.946
1,300,error,fast-adaptive-aimbot,flick,-2.04331366118431,0.0906,0.954
1,300,error,fast-adaptive-aimbot,flick,-2.3344549877455294,0.1106,0.964
1,300,error,fast-adaptive-aimbot,flick,-2.6427634589047213,0.1308,0.972
1,300,error,fast-adaptive-aimbot,flick,-2.954223705390871,0.151,0.98
1,300,error,fast-adaptive-aimbot,flick,-3.183594464882285,0.171,0.984
1,300,error,fast-adaptive-aimbot,flick,-3.4186626079002154,0.1912,0.984
1,300,error,fast-adaptive-aimbot,flick,-3.6558388287665506,0.2114,0.986
1,300,error,fast-adaptive-aimbot,flick,-3.874114014987639,0.2316,0.988
1,300,error,fast-adaptive-aimbot,flick,-4.131343560539767,0.2518,0.988
1,300,error,fast-adaptive-aimbot,flick,-4.3374097598556265,0.272,0.992
1,300,error,fast-adaptive-aimbot,flick,-4.56368522318251,0.2922,0.992
1,300,error,fast-adaptive-aimbot,flick,-4.780688637181618,0.3124,0.994
1,300,error,fast-adaptive-aimbot,flick,-5.022930072687349,0.3326,0.996
1,300,error,fast-adaptive-aimbot,flick,-5.224464232507413,0.3526,0.996
1,300,error,fast-adaptive-aimbot,flick,-5.462167078332662,0.3728,0.996
1,300,error,fast-adaptive-aimbot,flick,-5.67439330458522,0.393,0.996
1,300,error,fast-adaptive-aimbot,flick,-5.875155013904085,0.4132,0.996
1,300,error,fast-adaptive-aimbot,flick,-6.11681556208539,0.4334,0.996
1,300,error,fast-adaptive-aimbot,flick,-6.362844479051152,0.4534,0.998
1,300,error,fast-adaptive-aimbot,flick,-6.641237595322312,0.4736,0.998
1,300,error,fast-adaptive-aimbot,flick,-6.876263456334234,0.4938,0.998
1,300,error,fast-adaptive-aimbot,flick,-7.105106605988371,0.5138,0.998
1,300,error,fast-adaptive-aimbot,flick,-7.318735402957879,0.5338,0.998
1,300,error,fast-adaptive-aimbot,flick,-7.528459385813635,0.554,0.998
1,300,error,fast-adaptive-aimbot,flick,-7.717402313102556,0.5742,0.998
1,300,error,fast-adaptive-aimbot,flick,-7.948310934846814,0.5944,0.998
1,300,error,fast-adaptive-aimbot,flick,-8.225121914963028,0.6146,0.998
1,300,error,fast-adaptive-aimbot,flick,-8.47622982349028,0.6346,0.998
1,300,error,fast-adaptive-aimbot,flick,-8.7517031208106,0.6548,0.998
1,300,error,fast-adaptive-aimbot,flick,-9.00268593957919,0.675,0.998
1,300,error,fast-adaptive-aimbot,flick,-9.295203549425164,0.6952,1
1,300,error,fast-adaptive-aimbot,flick,-9.583056455430713,0.7154,1
1,300,error,fast-adaptive-aimbot,flick,-9.928558324683763,0.7354,1
1,300,error,fast-adaptive-aimbot,flick,-10.268593689297393,0.7556,1
1,300,error,fast-adaptive-aimbot,flick,-10.57497606770317,0.7758,1
1,300,error,fast-adaptive-aimbot,flick,-10.936954122139564,0.796,1
1,300,error,fast-adaptive-aimbot,flick,-11.374007587109851,0.8162,1
1,300,error,fast-adaptive-aimbot,flick,-11.760664181290359,0.8362,1
1,300,error,fast-adaptive-aimbot,flick,-12.249559210446781,0.8564,1
1,300,error,fast-adaptive-aimbot,flick,-12.90221999757573,0.8766,1
1,300,error,fast-adaptive-aimbot,flick,-13.566614706790164,0.8968,1
1,300,error,fast-adaptive-aimbot,flick,-14.39805766040806,0.917,1
1,300,error,fast-adaptive-aimbot,flick,-15.341907331790615,0.937,1
1,300,error,fast-adaptive-aimbot,flick,-16.68058882220475,0.9572,1
1,300,error,fast-adaptive-aimbot,flick,-18.662888935458273,0.9774,1
1,300,error,fast-adaptive-aimbot,flick,-24.651330635458216,0.9976,1
1,300,error,fast-adaptive-aimbot,flick,-inf,1,1
1,900,error,recoil-macro,spray,inf,0,0
1,900,error,recoil-macro,spray,1.9164180867220393,0,0.984
1,900,error,recoil-macro,spray,1.6753927328471507,0.0002,0.984
1,900,error,recoil-macro,spray,1.591982113614634,0.0004,0.984
1,900,error,recoil-macro,spray,1.4466210688588705,0.0006,0.99
1,900,error,recoil-macro,spray,1.143696865338959,0.0008,0.992
1,900,error,recoil-macro,spray,1.0306591021630167,0.001,0.992
1,900,error,recoil-macro,spray,1.0177121202869739,0.0012,0.992
1,900,error,recoil-macro,spray,0.8077670328256461,0.0014,0.994
1,900,error,recoil-macro,spray,0.7881495243657383,0.0016,0.994
1,900,error,recoil-macro,spray,0.7524359843517395,0.0018,0.996
1,900,error,recoil-macro,spray,0.7237471724492477,0.002,0.996
1,900,error,recoil-macro,spray,0.6742688880974594,0.0022,0.996
1,900,error,recoil-macro,spray,0.6677667164473734,0.0024,0.996
1,900,error,recoil-macro,spray,0.6403385307164741,0.0026,0.996
1,900,error,recoil-macro,spray,0.6268203986362977,0.0028,0.996
1,900,error,recoil-macro,spray,0.6030903068720757,0.003,0.996
1,900,error,recoil-macro,spray,0.6018500900304825,0.0032,0.996
1,900,error,recoil-macro,spray,0.5675519962980186,0.0034,0.996
1,900,error,recoil-macro,spray,0.5642929952676844,0.0036,0.996
1,900,error,recoil-macro,spray,0.5571049721190816,0.0038,0.996
1,900,error,recoil-macro,spray,0.5513267376517843,0.004,0.996
1,900,error,recoil-macro,spray,0.5455470908085769,0.0042,0.996
1,900,error,recoil-macro,spray,0.5315533870259028,0.0044,0.996
1,900,error,recoil-macro,spray,0.5187447036408308,0.0046,0.996
1,900,error,recoil-macro,spray,0.48532055044091643,0.0048,0.996
1,900,error,recoil-macro,spray,0.48045832378916387,0.005,0.996
1,900,error,recoil-macro,spray,0.47884929254419345,0.0052,0.996
1,900,error,recoil-macro,spray,0.46862105919285496,0.0054,0.996
1,900,error,recoil-macro,spray,0.4634249798188237,0.0056,0.996
1,900,error,recoil-macro,spray,0.4632796740348942,0.0058,0.996
1,900,error,recoil-macro,spray,0.45648164360830257,0.006,0.996
1,900,error,recoil-macro,spray,0.45392083068105943,0.0062,0.996
1,900,error,recoil-macro,spray,0.43461577818190544,0.0064,0.996
1,900,error,recoil-macro,spray,0.42341708288853047,0.0066,0.996
1,900,error,recoil-macro,spray,0.40945759508307217,0.0068,0.996
1,900,error,recoil-macro,spray,0.40511037684881934,0.007,0.998
1,900,error,recoil-macro,spray,0.39824680605831647,0.0072,0.998
1,900,error,recoil-macro,spray,0.3906532547348585,0.0074,0.998
1,900,error,recoil-macro,spray,0.3816782040865302,0.0076,0.998
1,900,error,recoil-macro,spray,0.3768591833147257,0.0078,0.998
1,900,error,recoil-macro,spray,0.37543089461237095,0.008,0.998
1,900,error,recoil-macro,spray,0.36805139925473696,0.0082,0.998
1,900,error,recoil-macro,spray,0.3661937270280579,0.0084,0.998
1,900,error,recoil-macro,spray,0.34329681781093685,0.0086,0.998
1,900,error,recoil-macro,spray,0.33759647255441333,0.0088,0.998
1,900,error,recoil-macro,spray,0.30430835495103087,0.009,0.998
1,900,error,recoil-macro,spray,0.28536034289177686,0.0092,0.998
1,900,error,recoil-macro,spray,0.28368150612201093,0.0094,0.998
1,900,error,recoil-macro,spray,0.27544545500883333,0.0096,0.998
1,900,error,recoil-macro,spray,0.2661773361862862,0.0098,0.998
1,900,error,recoil-macro,spray,0.26484504284067606,0.01,0.998
1,900,error,recoil-macro,spray,0.2647087049068243,0.0102,0.998
1,900,error,recoil-macro,spray,0.0342726286531308,0.0302,0.998
1,900,error,recoil-macro,spray,0.0017362620570063826,0.0502,1
1,900,error,recoil-macro,spray,-0.004473950127024364,0.0704,1
1,900,error,recoil-macro,spray,-0.02701414777074494,0.0906,1
1,900,error,recoil-macro,spray,-0.0609237019851217,0.1106,1
1,900,error,recoil-macro,spray,-0.10211265297190453,0.1308,1
1,900,error,recoil-macro,spray,-0.1449080301931385,0.151,1
1,900,error,recoil-macro,spray,-0.19233907346836288,0.171,1
1,900,error,recoil-macro,spray,-0.24100228378564068,0.1912,1
1,900,error,recoil-macro,spray,-0.2870084510302776,0.2114,1
1,900,error,recoil-macro,spray,-0.33851622430251843,0.2316,1
1,900,error,recoil-macro,spray,-0.38905508429354946,0.2518,1
1,900,error,recoil-macro,spray,-0.4372385375262601,0.272,1
1,900,error,recoil-macro,spray,-0.48918632942924944,0.2922,1
1,900,error,recoil-macro,spray,-0.5482720393234531,0.3124,1
1,900,error,recoil-macro,spray,-0.6078374645588623,0.3326,1
1,900,error,recoil-macro,spray,-0.6649051259787837,0.3526,1
1,900,error,recoil-macro,spray,-0.7276495613406776,0.3728,1
1,900,error,recoil-macro,spray,-0.7908275486742193,0.393,1
1,900,error,recoil-macro,spray,-0.8655298824365069,0.4132,1
1,900,error,recoil-macro,spray,-0.9298224735306297,0.4334,1
1,900,error,recoil-macro,spray,-0.9943177828397504,0.4534,1
1,900,error,recoil-macro,spray,-1.0631927893691708,0.4736,1
1,900,error,recoil-macro,spray,-1.122120561846933,0.4938,1
1,900,error,recoil-macro,spray,-1.2033075673098244,0.5138,1
1,900,error,recoil-macro,spray,-1.2888614898069821,0.5338,1
1,900,error,recoil-macro,spray,-1.3683900581798134,0.554,1
1,900,error,recoil-macro,spray,-1.4711582181196192,0.5742,1
1,900,error,recoil-macro,spray,-1.5513273305853206,0.5944,1
1,900,error,recoil-macro,spray,-1.6388048664203618,0.6146,1
1,900,error,recoil-macro,spray,-1.7321968468609905,0.6346,1
1,900,error,recoil-macro,spray,-1.8426580067287321,0.6548,1
1,900,error,recoil-macro,spray,-1.9231386346960087,0.675,1
1,900,error,recoil-macro,spray,-2.0252755998269296,0.6952,1
1,900,error,recoil-macro,spray,-2.135922736707477,0.7154,1
1,900,error,recoil-macro,spray,-2.2777652331255975,0.7354,1
1,900,error,recoil-macro,spray,-2.423931384604435,0.7556,1
1,900,error,recoil-macro,spray,-2.6000973244851053,0.7758,1
1,900,error,recoil-macro,spray,-2.7662195814542745,0.796,1
1,900,error,recoil-macro,spray,-2.9412755683622676,0.8162,1
1,900,error,recoil-macro,spray,-3.137849123758404,0.8362,1
1,900,error,recoil-macro,spray,-3.3501810472383884,0.8564,1
1,900,error,recoil-macro,spray,-3.6403321739720274,0.8766,1
1,900,error,recoil-macro,spray,-3.9044293205329006,0.8968,1
1,900,error,recoil-macro,spray,-4.257296647291957,0.917,1
1,900,error,recoil-macro,spray,-4.794101943370965,0.937,1
1,900,error,recoil-macro,spray,-5.409431146344069,0.9572,1
1,900,error,recoil-macro,spray,-6.351688144356802,0.9774,1
1,900,error,recoil-macro,spray,-9.319807898862772,0.9976,1
1,900,error,recoil-macro,spray,-inf,1,1
1,900,error,flick-aimbot,flick,inf,0,0
1,900,error,flick-aimbot,flick,-1.862064101240054,0,1
1,900,error,flick-aimbot,flick,-1.887214457985334,0.0002,1
1,900,error,flick-aimbot,flick,-2.5982152527971176,0.0004,1
1,900,error,flick-aimbot,flick,-2.869215625604507,0.0006,1
1,900,error,flick-aimbot,flick,-2.9005089788253096,0.0008,1
1,900,error,flick-aimbot,flick,-3.189013592954746,0.001,1
1,900,error,flick-aimbot,flick,-3.344272064341754,0.0012,1
1,900,error,flick-aimbot,flick,-3.4621980533778873,0.0014,1
1,900,error,flick-aimbot,flick,-3.4693196714885515,0.0016,1
1,900,error,flick-aimbot,flick,-3.4910833685993845,0.0018,1
1,900,error,flick-aimbot,flick,-3.5049110496914264,0.002,1
1,900,error,flick-aimbot,flick,-3.5818382132699536,0.0022,1
1,900,error,flick-aimbot,flick,-3.6900438940603886,0.0024,1
1,900,error,flick-aimbot,flick,-3.908124837785322,0.0026,1
1,900,error,flick-aimbot,flick,-3.968669457474267,0.0028,1
1,900,error,flick-aimbot,flick,-3.992699005291304,0.003,1
1,900,error,flick-aimbot,flick,-4.003184481759856,0.0032,1
1,900,error,flick-aimbot,flick,-4.087214035293872,0.0034,1
1,900,error,flick-aimbot,flick,-4.092995777309382,0.0036,1
1,900,error,flick-aimbot,flick,-4.097040454419855,0.0038,1
1,900,error,flick-aimbot,flick,-4.169765810648919,0.004,1
1,900,error,flick-aimbot,flick,-4.202308924233531,0.0042,1
1,900,error,flick-aimbot,flick,-4.241769791050502,0.0044,1
1,900,error,flick-aimbot,flick,-4.28002663168688,0.0046,1
1,900,error,flick-aimbot,flick,-4.286977613398319,0.0048,1
1,900,error,flick-aimbot,flick,-4.383797918947616,0.005,1
1,900,error,flick-aimbot,flick,-4.388547947960094,0.0052,1
1,900,error,flick-aimbot,flick,-4.394572483393214,0.0054,1
1,900,error,flick-aimbot,flick,-4.411546525288643,0.0056,1
1,900,error,flick-aimbot,flick,-4.417506188186826,0.0058,1
1,900,error,flick-aimbot,flick,-4.430121048245211,0.006,1
1,900,error,flick-aimbot,flick,-4.480467954629587,0.0062,1
1,900,error,flick-aimbot,flick,-4.535669579085047,0.0064,1
1,900,error,flick-aimbot,flick,-4.539936172814358,0.0066,1
1,900,error,flick-aimbot,flick,-4.638161051163061,0.0068,1
1,900,error,flick-aimbot,flick,-4.663061351462288,0.007,1
1,900,error,flick-aimbot,flick,-4.6961169720699205,0.0072,1
1,900,error,flick-aimbot,flick,-4.71822156232216,0.0074,1
1,900,error,flick-aimbot,flick,-4.730209910511363,0.0076,1
1,900,error,flick-aimbot,flick,-4.786829153214132,0.0078,1
1,900,error,flick-aimbot,flick,-4.822798245098872,0.008,1
1,900,error,flick-aimbot,flick,-4.82489179560569,0.0082,1
1,900,error,flick-aimbot,flick,-4.880340913374168,0.0084,1
1,900,error,flick-aimbot,flick,-4.946170339460264,0.0086,1
1,900,error,flick-aimbot,flick,-4.947272357536573,0.0088,1
1,900,error,flick-aimbot,flick,-5.096987007701942,0.009,1
1,900,error,flick-aimbot,flick,-5.102478338996086,0.0092,1
1,900,error,flick-aimbot,flick,-5.106937188363274,0.0094,1
1,900,error,flick-aimbot,flick,-5.111411220534571,0.0096,1
1,900,error,flick-aimbot,flick,-5.11219425517273,0.0098,1
1,900,error,flick-aimbot,flick,-5.127124619709104,0.01,1
1,900,error,flick-aimbot,flick,-5.134083869148508,0.0102,1
1,900,error,flick-aimbot,flick,-7.0099606010567905,0.0302,1
1,900,error,flick-aimbot,flick,-8.299790082391295,0.0502,1
1,900,error,flick-aimbot,flick,-9.385338925479553,0.0704,1
1,900,error,flick-aimbot,flick,-10.306250761974397,0.0906,1
1,900,error,flick-aimbot,flick,-11.264218123572176,0.1106,1
1,900,error,flick-aimbot,flick,-11.936765871705257,0.1308,1
1,900,error,flick-aimbot,flick,-12.62470243575804,0.151,1
1,900,error,flick-aimbot,flick,-13.221199644150554,0.171,1
1,900,error,flick-aimbot,flick,-13.708400050989368,0.1912,1
1,900,error,flick-aimbot,flick,-14.264915733742214,0.2114,1
1,900,error,flick-aimbot,flick,-14.802503114039478,0.2316,1
1,900,error,flick-aimbot,flick,-15.271859484226178,0.2518,1
1,900,error,flick-aimbot,flick,-15.803780248079672,0.272,1
1,900,error,flick-aimbot,flick,-16.309028674789335,0.2922,1
1,900,error,flick-aimbot,flick,-16.71922726388631,0.3124,1
1,900,error,flick-aimbot,flick,-17.195966218832922,0.3326,1
1,900,error,flick-aimbot,flick,-17.64333059095489,0.3526,1
1,900,error,flick-aimbot,flick,-18.05352553509656,0.3728,1
1,900,error,flick-aimbot,flick,-18.493790546088615,0.393,1
1,900,error,flick-aimbot,flick,-18.881422262509126,0.4132,1
1,900,error,flick-aimbot,flick,-19.304223638515317,0.4334,1
1,900,error,flick-aimbot,flick,-19.798649853929486,0.4534,1
1,900,error,flick-aimbot,flick,-20.162277252907675,0.4736,1
1,900,error,flick-aimbot,flick,-20.568290134302043,0.4938,1
1,900,error,flick-aimbot,flick,-21.009316091687744,0.5138,1
1,900,error,flick-aimbot,flick,-21.411183590970083,0.5338,1
1,900,error,flick-aimbot,flick,-21.86270991298094,0.554,1
1,900,error,flick-aimbot,flick,-22.249391101884058,0.5742,1
1,900,error,flick-aimbot,flick,-22.67768435867058,0.5944,1
1,900,error,flick-aimbot,flick,-23.096258485881386,0.6146,1
1,900,error,flick-aimbot,flick,-23.646440364902773,0.6346,1
1,900,error,flick-aimbot,flick,-24.06425409798819,0.6548,1
1,900,error,flick-aimbot,flick,-24.616255178377276,0.675,1
1,900,error,flick-aimbot,flick,-25.216427281957664,0.6952,1
1,900,error,flick-aimbot,flick,-25.89340993337499,0.7154,1
1,900,error,flick-aimbot,flick,-26.433841748648813,0.7354,1
1,900,error,flick-aimbot,flick,-27.07489780555689,0.7556,1
1,900,error,flick-aimbot,flick,-27.66910690422824,0.7758,1
1,900,error,flick-aimbot,flick,-28.452996145391367,0.796,1
1,900,error,flick-aimbot,flick,-29.17771276103413,0.8162,1
1,900,error,flick-aimbot,flick,-29.863762756205382,0.8362,1
1,900,error,flick-aimbot,flick,-30.64083936939954,0.8564,1
1,900,error,flick-aimbot,flick,-31.487476885800316,0.8766,1
1,900,error,flick-aimbot,flick,-32.64311459294109,0.8968,1
1,900,error,flick-aimbot,flick,-34.26607713274181,0.917,1
1,900,error,flick-aimbot,flick,-35.57616851163437,0.937,1
1,900,error,flick-aimbot,flick,-37.446932734710984,0.9572,1
1,900,error,flick-aimbot,flick,-40.323114050975114,0.9774,1
1,900,error,flick-aimbot,flick,-50.729389769318495,0.9976,1
1,900,error,flick-aimbot,flick,-inf,1,1
1,900,error,humanised-aimbot,flick,inf,0,0
1,900,error,humanised-aimbot,flick,-1.862064101240054,0,1
1,900,error,humanised-aimbot,flick,-1.887214457985334,0.0002,1
1,900,error,humanised-aimbot,flick,-2.5982152527971176,0.0004,1
1,900,error,humanised-aimbot,flick,-2.869215625604507,0.0006,1
1,900,error,humanised-aimbot,flick,-2.9005089788253096,0.0008,1
1,900,error,humanised-aimbot,flick,-3.189013592954746,0.001,1
1,900,error,humanised-aimbot,flick,-3.344272064341754,0.0012,1
1,900,error,humanised-aimbot,flick,-3.4621980533778873,0.0014,1
1,900,error,humanised-aimbot,flick,-3.4693196714885515,0.0016,1
1,900,error,humanised-aimbot,flick,-3.4910833685993845,0.0018,1
1,900,error,humanised-aimbot,flick,-3.5049110496914264,0.002,1
1,900,error,humanised-aimbot,flick,-3.5818382132699536,0.0022,1
1,900,error,humanised-aimbot,flick,-3.6900438940603886,0.0024,1
1,900,error,humanised-aimbot,flick,-3.908124837785322,0.0026,1
1,900,error,humanised-aimbot,flick,-3.968669457474267,0.0028,1
1,900,error,humanised-aimbot,flick,-3.992699005291304,0.003,1
1,900,error,humanised-aimbot,flick,-4.003184481759856,0.0032,1
1,900,error,humanised-aimbot,flick,-4.087214035293872,0.0034,1
1,900,error,humanised-aimbot,flick,-4.092995777309382,0.0036,1
1,900,error,humanised-aimbot,flick,-4.097040454419855,0.0038,1
1,900,error,humanised-aimbot,flick,-4.169765810648919,0.004,1
1,900,error,humanised-aimbot,flick,-4.202308924233531,0.0042,1
1,900,error,humanised-aimbot,flick,-4.241769791050502,0.0044,1
1,900,error,humanised-aimbot,flick,-4.28002663168688,0.0046,1
1,900,error,humanised-aimbot,flick,-4.286977613398319,0.0048,1
1,900,error,humanised-aimbot,flick,-4.383797918947616,0.005,1
1,900,error,humanised-aimbot,flick,-4.388547947960094,0.0052,1
1,900,error,humanised-aimbot,flick,-4.394572483393214,0.0054,1
1,900,error,humanised-aimbot,flick,-4.411546525288643,0.0056,1
1,900,error,humanised-aimbot,flick,-4.417506188186826,0.0058,1
1,900,error,humanised-aimbot,flick,-4.430121048245211,0.006,1
1,900,error,humanised-aimbot,flick,-4.480467954629587,0.0062,1
1,900,error,humanised-aimbot,flick,-4.535669579085047,0.0064,1
1,900,error,humanised-aimbot,flick,-4.539936172814358,0.0066,1
1,900,error,humanised-aimbot,flick,-4.638161051163061,0.0068,1
1,900,error,humanised-aimbot,flick,-4.663061351462288,0.007,1
1,900,error,humanised-aimbot,flick,-4.6961169720699205,0.0072,1
1,900,error,humanised-aimbot,flick,-4.71822156232216,0.0074,1
1,900,error,humanised-aimbot,flick,-4.730209910511363,0.0076,1
1,900,error,humanised-aimbot,flick,-4.786829153214132,0.0078,1
1,900,error,humanised-aimbot,flick,-4.822798245098872,0.008,1
1,900,error,humanised-aimbot,flick,-4.82489179560569,0.0082,1
1,900,error,humanised-aimbot,flick,-4.880340913374168,0.0084,1
1,900,error,humanised-aimbot,flick,-4.946170339460264,0.0086,1
1,900,error,humanised-aimbot,flick,-4.947272357536573,0.0088,1
1,900,error,humanised-aimbot,flick,-5.096987007701942,0.009,1
1,900,error,humanised-aimbot,flick,-5.102478338996086,0.0092,1
1,900,error,humanised-aimbot,flick,-5.106937188363274,0.0094,1
1,900,error,humanised-aimbot,flick,-5.111411220534571,0.0096,1
1,900,error,humanised-aimbot,flick,-5.11219425517273,0.0098,1
1,900,error,humanised-aimbot,flick,-5.127124619709104,0.01,1
1,900,error,humanised-aimbot,flick,-5.134083869148508,0.0102,1
1,900,error,humanised-aimbot,flick,-7.0099606010567905,0.0302,1
1,900,error,humanised-aimbot,flick,-8.299790082391295,0.0502,1
1,900,error,humanised-aimbot,flick,-9.385338925479553,0.0704,1
1,900,error,humanised-aimbot,flick,-10.306250761974397,0.0906,1
1,900,error,humanised-aimbot,flick,-11.264218123572176,0.1106,1
1,900,error,humanised-aimbot,flick,-11.936765871705257,0.1308,1
1,900,error,humanised-aimbot,flick,-12.62470243575804,0.151,1
1,900,error,humanised-aimbot,flick,-13.221199644150554,0.171,1
1,900,error,humanised-aimbot,flick,-13.708400050989368,0.1912,1
1,900,error,humanised-aimbot,flick,-14.264915733742214,0.2114,1
1,900,error,humanised-aimbot,flick,-14.802503114039478,0.2316,1
1,900,error,humanised-aimbot,flick,-15.271859484226178,0.2518,1
1,900,error,humanised-aimbot,flick,-15.803780248079672,0.272,1
1,900,error,humanised-aimbot,flick,-16.309028674789335,0.2922,1
1,900,error,humanised-aimbot,flick,-16.71922726388631,0.3124,1
1,900,error,humanised-aimbot,flick,-17.195966218832922,0.3326,1
1,900,error,humanised-aimbot,flick,-17.64333059095489,0.3526,1
1,900,error,humanised-aimbot,flick,-18.05352553509656,0.3728,1
1,900,error,humanised-aimbot,flick,-18.493790546088615,0.393,1
1,900,error,humanised-aimbot,flick,-18.881422262509126,0.4132,1
1,900,error,humanised-aimbot,flick,-19.304223638515317,0.4334,1
1,900,error,humanised-aimbot,flick,-19.798649853929486,0.4534,1
1,900,error,humanised-aimbot,flick,-20.162277252907675,0.4736,1
1,900,error,humanised-aimbot,flick,-20.568290134302043,0.4938,1
1,900,error,humanised-aimbot,flick,-21.009316091687744,0.5138,1
1,900,error,humanised-aimbot,flick,-21.411183590970083,0.5338,1
1,900,error,humanised-aimbot,flick,-21.86270991298094,0.554,1
1,900,error,humanised-aimbot,flick,-22.249391101884058,0.5742,1
1,900,error,humanised-aimbot,flick,-22.67768435867058,0.5944,1
1,900,error,humanised-aimbot,flick,-23.096258485881386,0.6146,1
1,900,error,humanised-aimbot,flick,-23.646440364902773,0.6346,1
1,900,error,humanised-aimbot,flick,-24.06425409798819,0.6548,1
1,900,error,humanised-aimbot,flick,-24.616255178377276,0.675,1
1,900,error,humanised-aimbot,flick,-25.216427281957664,0.6952,1
1,900,error,humanised-aimbot,flick,-25.89340993337499,0.7154,1
1,900,error,humanised-aimbot,flick,-26.433841748648813,0.7354,1
1,900,error,humanised-aimbot,flick,-27.07489780555689,0.7556,1
1,900,error,humanised-aimbot,flick,-27.66910690422824,0.7758,1
1,900,error,humanised-aimbot,flick,-28.452996145391367,0.796,1
1,900,error,humanised-aimbot,flick,-29.17771276103413,0.8162,1
1,900,error,humanised-aimbot,flick,-29.863762756205382,0.8362,1
1,900,error,humanised-aimbot,flick,-30.64083936939954,0.8564,1
1,900,error,humanised-aimbot,flick,-31.487476885800316,0.8766,1
1,900,error,humanised-aimbot,flick,-32.64311459294109,0.8968,1
1,900,error,humanised-aimbot,flick,-34.26607713274181,0.917,1
1,900,error,humanised-aimbot,flick,-35.57616851163437,0.937,1
1,900,error,humanised-aimbot,flick,-37.446932734710984,0.9572,1
1,900,error,humanised-aimbot,flick,-40.323114050975114,0.9774,1
1,900,error,humanised-aimbot,flick,-50.729389769318495,0.9976,1
1,900,error,humanised-aimbot,flick,-inf,1,1
1,900,error,adaptive-aimbot,flick,inf,0,0
1,900,error,adaptive-aimbot,flick,-1.862064101240054,0,1
1,900,error,adaptive-aimbot,flick,-1.887214457985334,0.0002,1
1,900,error,adaptive-aimbot,flick,-2.5982152527971176,0.0004,1
1,900,error,adaptive-aimbot,flick,-2.869215625604507,0.0006,1
1,900,error,adaptive-aimbot,flick,-2.9005089788253096,0.0008,1
1,900,error,adaptive-aimbot,flick,-3.189013592954746,0.001,1
1,900,error,adaptive-aimbot,flick,-3.344272064341754,0.0012,1
1,900,error,adaptive-aimbot,flick,-3.4621980533778873,0.0014,1
1,900,error,adaptive-aimbot,flick,-3.4693196714885515,0.0016,1
1,900,error,adaptive-aimbot,flick,-3.4910833685993845,0.0018,1
1,900,error,adaptive-aimbot,flick,-3.5049110496914264,0.002,1
1,900,error,adaptive-aimbot,flick,-3.5818382132699536,0.0022,1
1,900,error,adaptive-aimbot,flick,-3.6900438940603886,0.0024,1
1,900,error,adaptive-aimbot,flick,-3.908124837785322,0.0026,1
1,900,error,adaptive-aimbot,flick,-3.968669457474267,0.0028,1
1,900,error,adaptive-aimbot,flick,-3.992699005291304,0.003,1
1,900,error,adaptive-aimbot,flick,-4.003184481759856,0.0032,1
1,900,error,adaptive-aimbot,flick,-4.087214035293872,0.0034,1
1,900,error,adaptive-aimbot,flick,-4.092995777309382,0.0036,1
1,900,error,adaptive-aimbot,flick,-4.097040454419855,0.0038,1
1,900,error,adaptive-aimbot,flick,-4.169765810648919,0.004,1
1,900,error,adaptive-aimbot,flick,-4.202308924233531,0.0042,1
1,900,error,adaptive-aimbot,flick,-4.241769791050502,0.0044,1
1,900,error,adaptive-aimbot,flick,-4.28002663168688,0.0046,1
1,900,error,adaptive-aimbot,flick,-4.286977613398319,0.0048,1
1,900,error,adaptive-aimbot,flick,-4.383797918947616,0.005,1
1,900,error,adaptive-aimbot,flick,-4.388547947960094,0.0052,1
1,900,error,adaptive-aimbot,flick,-4.394572483393214,0.0054,1
1,900,error,adaptive-aimbot,flick,-4.411546525288643,0.0056,1
1,900,error,adaptive-aimbot,flick,-4.417506188186826,0.0058,1
1,900,error,adaptive-aimbot,flick,-4.430121048245211,0.006,1
1,900,error,adaptive-aimbot,flick,-4.480467954629587,0.0062,1
1,900,error,adaptive-aimbot,flick,-4.535669579085047,0.0064,1
1,900,error,adaptive-aimbot,flick,-4.539936172814358,0.0066,1
1,900,error,adaptive-aimbot,flick,-4.638161051163061,0.0068,1
1,900,error,adaptive-aimbot,flick,-4.663061351462288,0.007,1
1,900,error,adaptive-aimbot,flick,-4.6961169720699205,0.0072,1
1,900,error,adaptive-aimbot,flick,-4.71822156232216,0.0074,1
1,900,error,adaptive-aimbot,flick,-4.730209910511363,0.0076,1
1,900,error,adaptive-aimbot,flick,-4.786829153214132,0.0078,1
1,900,error,adaptive-aimbot,flick,-4.822798245098872,0.008,1
1,900,error,adaptive-aimbot,flick,-4.82489179560569,0.0082,1
1,900,error,adaptive-aimbot,flick,-4.880340913374168,0.0084,1
1,900,error,adaptive-aimbot,flick,-4.946170339460264,0.0086,1
1,900,error,adaptive-aimbot,flick,-4.947272357536573,0.0088,1
1,900,error,adaptive-aimbot,flick,-5.096987007701942,0.009,1
1,900,error,adaptive-aimbot,flick,-5.102478338996086,0.0092,1
1,900,error,adaptive-aimbot,flick,-5.106937188363274,0.0094,1
1,900,error,adaptive-aimbot,flick,-5.111411220534571,0.0096,1
1,900,error,adaptive-aimbot,flick,-5.11219425517273,0.0098,1
1,900,error,adaptive-aimbot,flick,-5.127124619709104,0.01,1
1,900,error,adaptive-aimbot,flick,-5.134083869148508,0.0102,1
1,900,error,adaptive-aimbot,flick,-7.0099606010567905,0.0302,1
1,900,error,adaptive-aimbot,flick,-8.299790082391295,0.0502,1
1,900,error,adaptive-aimbot,flick,-9.385338925479553,0.0704,1
1,900,error,adaptive-aimbot,flick,-10.306250761974397,0.0906,1
1,900,error,adaptive-aimbot,flick,-11.264218123572176,0.1106,1
1,900,error,adaptive-aimbot,flick,-11.936765871705257,0.1308,1
1,900,error,adaptive-aimbot,flick,-12.62470243575804,0.151,1
1,900,error,adaptive-aimbot,flick,-13.221199644150554,0.171,1
1,900,error,adaptive-aimbot,flick,-13.708400050989368,0.1912,1
1,900,error,adaptive-aimbot,flick,-14.264915733742214,0.2114,1
1,900,error,adaptive-aimbot,flick,-14.802503114039478,0.2316,1
1,900,error,adaptive-aimbot,flick,-15.271859484226178,0.2518,1
1,900,error,adaptive-aimbot,flick,-15.803780248079672,0.272,1
1,900,error,adaptive-aimbot,flick,-16.309028674789335,0.2922,1
1,900,error,adaptive-aimbot,flick,-16.71922726388631,0.3124,1
1,900,error,adaptive-aimbot,flick,-17.195966218832922,0.3326,1
1,900,error,adaptive-aimbot,flick,-17.64333059095489,0.3526,1
1,900,error,adaptive-aimbot,flick,-18.05352553509656,0.3728,1
1,900,error,adaptive-aimbot,flick,-18.493790546088615,0.393,1
1,900,error,adaptive-aimbot,flick,-18.881422262509126,0.4132,1
1,900,error,adaptive-aimbot,flick,-19.304223638515317,0.4334,1
1,900,error,adaptive-aimbot,flick,-19.798649853929486,0.4534,1
1,900,error,adaptive-aimbot,flick,-20.162277252907675,0.4736,1
1,900,error,adaptive-aimbot,flick,-20.568290134302043,0.4938,1
1,900,error,adaptive-aimbot,flick,-21.009316091687744,0.5138,1
1,900,error,adaptive-aimbot,flick,-21.411183590970083,0.5338,1
1,900,error,adaptive-aimbot,flick,-21.86270991298094,0.554,1
1,900,error,adaptive-aimbot,flick,-22.249391101884058,0.5742,1
1,900,error,adaptive-aimbot,flick,-22.67768435867058,0.5944,1
1,900,error,adaptive-aimbot,flick,-23.096258485881386,0.6146,1
1,900,error,adaptive-aimbot,flick,-23.646440364902773,0.6346,1
1,900,error,adaptive-aimbot,flick,-24.06425409798819,0.6548,1
1,900,error,adaptive-aimbot,flick,-24.616255178377276,0.675,1
1,900,error,adaptive-aimbot,flick,-25.216427281957664,0.6952,1
1,900,error,adaptive-aimbot,flick,-25.89340993337499,0.7154,1
1,900,error,adaptive-aimbot,flick,-26.433841748648813,0.7354,1
1,900,error,adaptive-aimbot,flick,-27.07489780555689,0.7556,1
1,900,error,adaptive-aimbot,flick,-27.66910690422824,0.7758,1
1,900,error,adaptive-aimbot,flick,-28.452996145391367,0.796,1
1,900,error,adaptive-aimbot,flick,-29.17771276103413,0.8162,1
1,900,error,adaptive-aimbot,flick,-29.863762756205382,0.8362,1
1,900,error,adaptive-aimbot,flick,-30.64083936939954,0.8564,1
1,900,error,adaptive-aimbot,flick,-31.487476885800316,0.8766,1
1,900,error,adaptive-aimbot,flick,-32.64311459294109,0.8968,1
1,900,error,adaptive-aimbot,flick,-34.26607713274181,0.917,1
1,900,error,adaptive-aimbot,flick,-35.57616851163437,0.937,1
1,900,error,adaptive-aimbot,flick,-37.446932734710984,0.9572,1
1,900,error,adaptive-aimbot,flick,-40.323114050975114,0.9774,1
1,900,error,adaptive-aimbot,flick,-50.729389769318495,0.9976,1
1,900,error,adaptive-aimbot,flick,-inf,1,1
1,900,error,smoothing-aimbot,flick,inf,0,0
1,900,error,smoothing-aimbot,flick,-1.862064101240054,0,0
1,900,error,smoothing-aimbot,flick,-1.887214457985334,0.0002,0
1,900,error,smoothing-aimbot,flick,-2.5982152527971176,0.0004,0
1,900,error,smoothing-aimbot,flick,-2.869215625604507,0.0006,0
1,900,error,smoothing-aimbot,flick,-2.9005089788253096,0.0008,0
1,900,error,smoothing-aimbot,flick,-3.189013592954746,0.001,0
1,900,error,smoothing-aimbot,flick,-3.344272064341754,0.0012,0
1,900,error,smoothing-aimbot,flick,-3.4621980533778873,0.0014,0
1,900,error,smoothing-aimbot,flick,-3.4693196714885515,0.0016,0
1,900,error,smoothing-aimbot,flick,-3.4910833685993845,0.0018,0
1,900,error,smoothing-aimbot,flick,-3.5049110496914264,0.002,0
1,900,error,smoothing-aimbot,flick,-3.5818382132699536,0.0022,0
1,900,error,smoothing-aimbot,flick,-3.6900438940603886,0.0024,0
1,900,error,smoothing-aimbot,flick,-3.908124837785322,0.0026,0
1,900,error,smoothing-aimbot,flick,-3.968669457474267,0.0028,0
1,900,error,smoothing-aimbot,flick,-3.992699005291304,0.003,0
1,900,error,smoothing-aimbot,flick,-4.003184481759856,0.0032,0
1,900,error,smoothing-aimbot,flick,-4.087214035293872,0.0034,0
1,900,error,smoothing-aimbot,flick,-4.092995777309382,0.0036,0
1,900,error,smoothing-aimbot,flick,-4.097040454419855,0.0038,0
1,900,error,smoothing-aimbot,flick,-4.169765810648919,0.004,0
1,900,error,smoothing-aimbot,flick,-4.202308924233531,0.0042,0
1,900,error,smoothing-aimbot,flick,-4.241769791050502,0.0044,0
1,900,error,smoothing-aimbot,flick,-4.28002663168688,0.0046,0
1,900,error,smoothing-aimbot,flick,-4.286977613398319,0.0048,0
1,900,error,smoothing-aimbot,flick,-4.383797918947616,0.005,0
1,900,error,smoothing-aimbot,flick,-4.388547947960094,0.0052,0
1,900,error,smoothing-aimbot,flick,-4.394572483393214,0.0054,0
1,900,error,smoothing-aimbot,flick,-4.411546525288643,0.0056,0
1,900,error,smoothing-aimbot,flick,-4.417506188186826,0.0058,0
1,900,error,smoothing-aimbot,flick,-4.430121048245211,0.006,0
1,900,error,smoothing-aimbot,flick,-4.480467954629587,0.0062,0
1,900,error,smoothing-aimbot,flick,-4.535669579085047,0.0064,0
1,900,error,smoothing-aimbot,flick,-4.539936172814358,0.0066,0
1,900,error,smoothing-aimbot,flick,-4.638161051163061,0.0068,0
1,900,error,smoothing-aimbot,flick,-4.663061351462288,0.007,0
1,900,error,smoothing-aimbot,flick,-4.6961169720699205,0.0072,0
1,900,error,smoothing-aimbot,flick,-4.71822156232216,0.0074,0
1,900,error,smoothing-aimbot,flick,-4.730209910511363,0.0076,0
1,900,error,smoothing-aimbot,flick,-4.786829153214132,0.0078,0
1,900,error,smoothing-aimbot,flick,-4.822798245098872,0.008,0
1,900,error,smoothing-aimbot,flick,-4.82489179560569,0.0082,0
1,900,error,smoothing-aimbot,flick,-4.880340913374168,0.0084,0
1,900,error,smoothing-aimbot,flick,-4.946170339460264,0.0086,0
1,900,error,smoothing-aimbot,flick,-4.947272357536573,0.0088,0
1,900,error,smoothing-aimbot,flick,-5.096987007701942,0.009,0
1,900,error,smoothing-aimbot,flick,-5.102478338996086,0.0092,0
1,900,error,smoothing-aimbot,flick,-5.106937188363274,0.0094,0
1,900,error,smoothing-aimbot,flick,-5.111411220534571,0.0096,0
1,900,error,smoothing-aimbot,flick,-5.11219425517273,0.0098,0
1,900,error,smoothing-aimbot,flick,-5.127124619709104,0.01,0
1,900,error,smoothing-aimbot,flick,-5.134083869148508,0.0102,0
1,900,error,smoothing-aimbot,flick,-7.0099606010567905,0.0302,0
1,900,error,smoothing-aimbot,flick,-8.299790082391295,0.0502,0
1,900,error,smoothing-aimbot,flick,-9.385338925479553,0.0704,0
1,900,error,smoothing-aimbot,flick,-10.306250761974397,0.0906,0
1,900,error,smoothing-aimbot,flick,-11.264218123572176,0.1106,0
1,900,error,smoothing-aimbot,flick,-11.936765871705257,0.1308,0
1,900,error,smoothing-aimbot,flick,-12.62470243575804,0.151,0
1,900,error,smoothing-aimbot,flick,-13.221199644150554,0.171,0
1,900,error,smoothing-aimbot,flick,-13.708400050989368,0.1912,0
1,900,error,smoothing-aimbot,flick,-14.264915733742214,0.2114,0
1,900,error,smoothing-aimbot,flick,-14.802503114039478,0.2316,0
1,900,error,smoothing-aimbot,flick,-15.271859484226178,0.2518,0
1,900,error,smoothing-aimbot,flick,-15.803780248079672,0.272,0
1,900,error,smoothing-aimbot,flick,-16.309028674789335,0.2922,0
1,900,error,smoothing-aimbot,flick,-16.71922726388631,0.3124,0
1,900,error,smoothing-aimbot,flick,-17.195966218832922,0.3326,0
1,900,error,smoothing-aimbot,flick,-17.64333059095489,0.3526,0
1,900,error,smoothing-aimbot,flick,-18.05352553509656,0.3728,0
1,900,error,smoothing-aimbot,flick,-18.493790546088615,0.393,0
1,900,error,smoothing-aimbot,flick,-18.881422262509126,0.4132,0
1,900,error,smoothing-aimbot,flick,-19.304223638515317,0.4334,0
1,900,error,smoothing-aimbot,flick,-19.798649853929486,0.4534,0
1,900,error,smoothing-aimbot,flick,-20.162277252907675,0.4736,0
1,900,error,smoothing-aimbot,flick,-20.568290134302043,0.4938,0
1,900,error,smoothing-aimbot,flick,-21.009316091687744,0.5138,0
1,900,error,smoothing-aimbot,flick,-21.411183590970083,0.5338,0
1,900,error,smoothing-aimbot,flick,-21.86270991298094,0.554,0
1,900,error,smoothing-aimbot,flick,-22.249391101884058,0.5742,0
1,900,error,smoothing-aimbot,flick,-22.67768435867058,0.5944,0
1,900,error,smoothing-aimbot,flick,-23.096258485881386,0.6146,0
1,900,error,smoothing-aimbot,flick,-23.646440364902773,0.6346,0
1,900,error,smoothing-aimbot,flick,-24.06425409798819,0.6548,0
1,900,error,smoothing-aimbot,flick,-24.616255178377276,0.675,0
1,900,error,smoothing-aimbot,flick,-25.216427281957664,0.6952,0
1,900,error,smoothing-aimbot,flick,-25.89340993337499,0.7154,0
1,900,error,smoothing-aimbot,flick,-26.433841748648813,0.7354,0
1,900,error,smoothing-aimbot,flick,-27.07489780555689,0.7556,0
1,900,error,smoothing-aimbot,flick,-27.66910690422824,0.7758,0
1,900,error,smoothing-aimbot,flick,-28.452996145391367,0.796,0
1,900,error,smoothing-aimbot,flick,-29.17771276103413,0.8162,0
1,900,error,smoothing-aimbot,flick,-29.863762756205382,0.8362,0
1,900,error,smoothing-aimbot,flick,-30.64083936939954,0.8564,0
1,900,error,smoothing-aimbot,flick,-31.487476885800316,0.8766,0
1,900,error,smoothing-aimbot,flick,-32.64311459294109,0.8968,0
1,900,error,smoothing-aimbot,flick,-34.26607713274181,0.917,0
1,900,error,smoothing-aimbot,flick,-35.57616851163437,0.937,0
1,900,error,smoothing-aimbot,flick,-37.446932734710984,0.9572,0
1,900,error,smoothing-aimbot,flick,-40.323114050975114,0.9774,0
1,900,error,smoothing-aimbot,flick,-50.729389769318495,0.9976,0.004
1,900,error,smoothing-aimbot,flick,-inf,1,1
1,900,steps,smoothing-aimbot,flick,inf,0,0
1,900,steps,smoothing-aimbot,flick,0.9131678490830667,0,1
1,900,steps,smoothing-aimbot,flick,0.8606337446286499,0.0002,1
1,900,steps,smoothing-aimbot,flick,0.8456081413399873,0.0004,1
1,900,steps,smoothing-aimbot,flick,0.6462956467917909,0.0006,1
1,900,steps,smoothing-aimbot,flick,0.6439357323210239,0.0008,1
1,900,steps,smoothing-aimbot,flick,0.5378780578505606,0.001,1
1,900,steps,smoothing-aimbot,flick,0.523487184450225,0.0012,1
1,900,steps,smoothing-aimbot,flick,0.5037293669121358,0.0014,1
1,900,steps,smoothing-aimbot,flick,0.4640248238973635,0.0016,1
1,900,steps,smoothing-aimbot,flick,0.4255017294211471,0.0018,1
1,900,steps,smoothing-aimbot,flick,0.41893134578466595,0.002,1
1,900,steps,smoothing-aimbot,flick,0.4131910788784463,0.0022,1
1,900,steps,smoothing-aimbot,flick,0.40567972012024656,0.0024,1
1,900,steps,smoothing-aimbot,flick,0.3854039975140519,0.0026,1
1,900,steps,smoothing-aimbot,flick,0.37503787597858046,0.0028,1
1,900,steps,smoothing-aimbot,flick,0.37007394820970513,0.003,1
1,900,steps,smoothing-aimbot,flick,0.3687642082906641,0.0032,1
1,900,steps,smoothing-aimbot,flick,0.3682503588195769,0.0034,1
1,900,steps,smoothing-aimbot,flick,0.3562907867017644,0.0036,1
1,900,steps,smoothing-aimbot,flick,0.35247669757169836,0.0038,1
1,900,steps,smoothing-aimbot,flick,0.3485209359135799,0.004,1
1,900,steps,smoothing-aimbot,flick,0.3478747070915955,0.0042,1
1,900,steps,smoothing-aimbot,flick,0.3433635560910573,0.0044,1
1,900,steps,smoothing-aimbot,flick,0.33592678058319886,0.0046,1
1,900,steps,smoothing-aimbot,flick,0.3270723071689795,0.0048,1
1,900,steps,smoothing-aimbot,flick,0.32175897968984274,0.005,1
1,900,steps,smoothing-aimbot,flick,0.3168112946277973,0.0052,1
1,900,steps,smoothing-aimbot,flick,0.31290754455834546,0.0054,1
1,900,steps,smoothing-aimbot,flick,0.3089182119667753,0.0056,1
1,900,steps,smoothing-aimbot,flick,0.30586731691806773,0.0058,1
1,900,steps,smoothing-aimbot,flick,0.30237505350863253,0.006,1
1,900,steps,smoothing-aimbot,flick,0.29956009184112964,0.0062,1
1,900,steps,smoothing-aimbot,flick,0.29859484240791395,0.0064,1
1,900,steps,smoothing-aimbot,flick,0.29794355437415626,0.0066,1
1,900,steps,smoothing-aimbot,flick,0.2970785537051409,0.0068,1
1,900,steps,smoothing-aimbot,flick,0.29649196013178014,0.007,1
1,900,steps,smoothing-aimbot,flick,0.295527575152165,0.0072,1
1,900,steps,smoothing-aimbot,flick,0.2946587764824396,0.0074,1
1,900,steps,smoothing-aimbot,flick,0.2916636930937059,0.0076,1
1,900,steps,smoothing-aimbot,flick,0.2852955538435676,0.0078,1
1,900,steps,smoothing-aimbot,flick,0.28526700370713265,0.008,1
1,900,steps,smoothing-aimbot,flick,0.2779286370403929,0.0082,1
1,900,steps,smoothing-aimbot,flick,0.26861080913980073,0.0084,1
1,900,steps,smoothing-aimbot,flick,0.26852654089882433,0.0086,1
1,900,steps,smoothing-aimbot,flick,0.26429344550286565,0.0088,1
1,900,steps,smoothing-aimbot,flick,0.26429207729009785,0.009,1
1,900,steps,smoothing-aimbot,flick,0.26378983463375844,0.0092,1
1,900,steps,smoothing-aimbot,flick,0.258582210963281,0.0094,1
1,900,steps,smoothing-aimbot,flick,0.2583875378860936,0.0096,1
1,900,steps,smoothing-aimbot,flick,0.2576814363197552,0.0098,1
1,900,steps,smoothing-aimbot,flick,0.2537553506211694,0.01,1
1,900,steps,smoothing-aimbot,flick,0.25135583998543337,0.0102,1
1,900,steps,smoothing-aimbot,flick,0.14213906301179763,0.0302,1
1,900,steps,smoothing-aimbot,flick,0.10130655661782224,0.0502,1
1,900,steps,smoothing-aimbot,flick,0.07133057274043489,0.0704,1
1,900,steps,smoothing-aimbot,flick,0.05361788639366881,0.0906,1
1,900,steps,smoothing-aimbot,flick,0.039123629982630415,0.1106,1
1,900,steps,smoothing-aimbot,flick,0.02938674094145849,0.1308,1
1,900,steps,smoothing-aimbot,flick,0.02242720327996454,0.151,1
1,900,steps,smoothing-aimbot,flick,0.01592043277135924,0.171,1
1,900,steps,smoothing-aimbot,flick,0.011606418736427863,0.1912,1
1,900,steps,smoothing-aimbot,flick,0.007947587827434413,0.2114,1
1,900,steps,smoothing-aimbot,flick,0.005184715742021329,0.2316,1
1,900,steps,smoothing-aimbot,flick,0.0031715446102705156,0.2518,1
1,900,steps,smoothing-aimbot,flick,0.0014859102797207602,0.272,1
1,900,steps,smoothing-aimbot,flick,0.0004884295614806115,0.2922,1
1,900,steps,smoothing-aimbot,flick,0.000010307988194861823,0.3124,1
1,900,steps,smoothing-aimbot,flick,-0.000000006182168276451705,0.6814,1
1,900,steps,smoothing-aimbot,flick,-0.00019027883619992871,0.7014,1
1,900,steps,smoothing-aimbot,flick,-0.0008315353834292103,0.7214,1
1,900,steps,smoothing-aimbot,flick,-0.0018026183229116718,0.7416,1
1,900,steps,smoothing-aimbot,flick,-0.0034293595161824894,0.7616,1
1,900,steps,smoothing-aimbot,flick,-0.006162651513688643,0.7818,1
1,900,steps,smoothing-aimbot,flick,-0.009531248594998725,0.802,1
1,900,steps,smoothing-aimbot,flick,-0.013899002815423375,0.8222,1
1,900,steps,smoothing-aimbot,flick,-0.018810053525134096,0.8424,1
1,900,steps,smoothing-aimbot,flick,-0.025841103194069955,0.8624,1
1,900,steps,smoothing-aimbot,flick,-0.03531555817182456,0.8826,1
1,900,steps,smoothing-aimbot,flick,-0.046911763743461926,0.9028,1
1,900,steps,smoothing-aimbot,flick,-0.06118629497707772,0.923,1
1,900,steps,smoothing-aimbot,flick,-0.07781242274674187,0.9432,1
1,900,steps,smoothing-aimbot,flick,-0.11925400989233634,0.9634,1
1,900,steps,smoothing-aimbot,flick,-0.18533026108983386,0.9834,1
1,900,steps,smoothing-aimbot,flick,-inf,1,1
1,900,error,fast-adaptive-aimbot,flick,inf,0,0
1,900,error,fast-adaptive-aimbot,flick,-1.862064101240054,0,0.974
1,900,error,fast-adaptive-aimbot,flick,-1.887214457985334,0.0002,0.976
1,900,error,fast-adaptive-aimbot,flick,-2.5982152527971176,0.0004,0.986
1,900,error,fast-adaptive-aimbot,flick,-2.869215625604507,0.0006,0.986
1,900,error,fast-adaptive-aimbot,flick,-2.9005089788253096,0.0008,0.986
1,900,error,fast-adaptive-aimbot,flick,-3.189013592954746,0.001,0.988
1,900,error,fast-adaptive-aimbot,flick,-3.344272064341754,0.0012,0.99
1,900,error,fast-adaptive-aimbot,flick,-3.4621980533778873,0.0014,0.99
1,900,error,fast-adaptive-aimbot,flick,-3.4693196714885515,0.0016,0.992
1,900,error,fast-adaptive-aimbot,flick,-3.4910833685993845,0.0018,0.992
1,900,error,fast-adaptive-aimbot,flick,-3.5049110496914264,0.002,0.992
1,900,error,fast-adaptive-aimbot,flick,-3.5818382132699536,0.0022,0.992
1,900,error,fast-adaptive-aimbot,flick,-3.6900438940603886,0.0024,0.994
1,900,error,fast-adaptive-aimbot,flick,-3.908124837785322,0.0026,0.994
1,900,error,fast-adaptive-aimbot,flick,-3.968669457474267,0.0028,0.994
1,900,error,fast-adaptive-aimbot,flick,-3.992699005291304,0.003,0.994
1,900,error,fast-adaptive-aimbot,flick,-4.003184481759856,0.0032,0.994
1,900,error,fast-adaptive-aimbot,flick,-4.087214035293872,0.0034,0.994
1,900,error,fast-adaptive-aimbot,flick,-4.092995777309382,0.0036,0.994
1,900,error,fast-adaptive-aimbot,flick,-4.097040454419855,0.0038,0.994
1,900,error,fast-adaptive-aimbot,flick,-4.169765810648919,0.004,0.994
1,900,error,fast-adaptive-aimbot,flick,-4.202308924233531,0.0042,0.994
1,900,error,fast-adaptive-aimbot,flick,-4.241769791050502,0.0044,0.994
1,900,error,fast-adaptive-aimbot,flick,-4.28002663168688,0.0046,0.994
1,900,error,fast-adaptive-aimbot,flick,-4.286977613398319,0.0048,0.994
1,900,error,fast-adaptive-aimbot,flick,-4.383797918947616,0.005,0.994
1,900,error,fast-adaptive-aimbot,flick,-4.388547947960094,0.0052,0.994
1,900,error,fast-adaptive-aimbot,flick,-4.394572483393214,0.0054,0.994
1,900,error,fast-adaptive-aimbot,flick,-4.411546525288643,0.0056,0.994
1,900,error,fast-adaptive-aimbot,flick,-4.417506188186826,0.0058,0.994
1,900,error,fast-adaptive-aimbot,flick,-4.430121048245211,0.006,0.994
1,900,error,fast-adaptive-aimbot,flick,-4.480467954629587,0.0062,0.994
1,900,error,fast-adaptive-aimbot,flick,-4.535669579085047,0.0064,0.994
1,900,error,fast-adaptive-aimbot,flick,-4.539936172814358,0.0066,0.994
1,900,error,fast-adaptive-aimbot,flick,-4.638161051163061,0.0068,0.994
1,900,error,fast-adaptive-aimbot,flick,-4.663061351462288,0.007,0.994
1,900,error,fast-adaptive-aimbot,flick,-4.6961169720699205,0.0072,0.994
1,900,error,fast-adaptive-aimbot,flick,-4.71822156232216,0.0074,0.994
1,900,error,fast-adaptive-aimbot,flick,-4.730209910511363,0.0076,0.994
1,900,error,fast-adaptive-aimbot,flick,-4.786829153214132,0.0078,0.994
1,900,error,fast-adaptive-aimbot,flick,-4.822798245098872,0.008,0.994
1,900,error,fast-adaptive-aimbot,flick,-4.82489179560569,0.0082,0.994
1,900,error,fast-adaptive-aimbot,flick,-4.880340913374168,0.0084,0.994
1,900,error,fast-adaptive-aimbot,flick,-4.946170339460264,0.0086,0.994
1,900,error,fast-adaptive-aimbot,flick,-4.947272357536573,0.0088,0.994
1,900,error,fast-adaptive-aimbot,flick,-5.096987007701942,0.009,0.994
1,900,error,fast-adaptive-aimbot,flick,-5.102478338996086,0.0092,0.994
1,900,error,fast-adaptive-aimbot,flick,-5.106937188363274,0.0094,0.994
1,900,error,fast-adaptive-aimbot,flick,-5.111411220534571,0.0096,0.994
1,900,error,fast-adaptive-aimbot,flick,-5.11219425517273,0.0098,0.994
1,900,error,fast-adaptive-aimbot,flick,-5.127124619709104,0.01,0.994
1,900,error,fast-adaptive-aimbot,flick,-5.134083869148508,0.0102,0.994
1,900,error,fast-adaptive-aimbot,flick,-7.0099606010567905,0.0302,1
1,900,error,fast-adaptive-aimbot,flick,-8.299790082391295,0.0502,1
1,900,error,fast-adaptive-aimbot,flick,-9.385338925479553,0.0704,1
1,900,error,fast-adaptive-aimbot,flick,-10.306250761974397,0.0906,1
1,900,error,fast-adaptive-aimbot,flick,-11.264218123572176,0.1106,1
1,900,error,fast-adaptive-aimbot,flick,-11.936765871705257,0.1308,1
1,900,error,fast-adaptive-aimbot,flick,-12.62470243575804,0.151,1
1,900,error,fast-adaptive-aimbot,flick,-13.221199644150554,0.171,1
1,900,error,fast-adaptive-aimbot,flick,-13.708400050989368,0.1912,1
1,900,error,fast-adaptive-aimbot,flick,-14.264915733742214,0.2114,1
1,900,error,fast-adaptive-aimbot,flick,-14.802503114039478,0.2316,1
1,900,error,fast-adaptive-aimbot,flick,-15.271859484226178,0.2518,1
1,900,error,fast-adaptive-aimbot,flick,-15.803780248079672,0.272,1
1,900,error,fast-adaptive-aimbot,flick,-16.309028674789335,0.2922,1
1,900,error,fast-adaptive-aimbot,flick,-16.71922726388631,0.3124,1
1,900,error,fast-adaptive-aimbot,flick,-17.195966218832922,0.3326,1
1,900,error,fast-adaptive-aimbot,flick,-17.64333059095489,0.3526,1
1,900,error,fast-adaptive-aimbot,flick,-18.05352553509656,0.3728,1
1,900,error,fast-adaptive-aimbot,flick,-18.493790546088615,0.393,1
1,900,error,fast-adaptive-aimbot,flick,-18.881422262509126,0.4132,1
1,900,error,fast-adaptive-aimbot,flick,-19.304223638515317,0.4334,1
1,900,error,fast-adaptive-aimbot,flick,-19.798649853929486,0.4534,1
1,900,error,fast-adaptive-aimbot,flick,-20.162277252907675,0.4736,1
1,900,error,fast-adaptive-aimbot,flick,-20.568290134302043,0.4938,1
1,900,error,fast-adaptive-aimbot,flick,-21.009316091687744,0.5138,1
1,900,error,fast-adaptive-aimbot,flick,-21.411183590970083,0.5338,1
1,900,error,fast-adaptive-aimbot,flick,-21.86270991298094,0.554,1
1,900,error,fast-adaptive-aimbot,flick,-22.249391101884058,0.5742,1
1,900,error,fast-adaptive-aimbot,flick,-22.67768435867058,0.5944,1
1,900,error,fast-adaptive-aimbot,flick,-23.096258485881386,0.6146,1
1,900,error,fast-adaptive-aimbot,flick,-23.646440364902773,0.6346,1
1,900,error,fast-adaptive-aimbot,flick,-24.06425409798819,0.6548,1
1,900,error,fast-adaptive-aimbot,flick,-24.616255178377276,0.675,1
1,900,error,fast-adaptive-aimbot,flick,-25.216427281957664,0.6952,1
1,900,error,fast-adaptive-aimbot,flick,-25.89340993337499,0.7154,1
1,900,error,fast-adaptive-aimbot,flick,-26.433841748648813,0.7354,1
1,900,error,fast-adaptive-aimbot,flick,-27.07489780555689,0.7556,1
1,900,error,fast-adaptive-aimbot,flick,-27.66910690422824,0.7758,1
1,900,error,fast-adaptive-aimbot,flick,-28.452996145391367,0.796,1
1,900,error,fast-adaptive-aimbot,flick,-29.17771276103413,0.8162,1
1,900,error,fast-adaptive-aimbot,flick,-29.863762756205382,0.8362,1
1,900,error,fast-adaptive-aimbot,flick,-30.64083936939954,0.8564,1
1,900,error,fast-adaptive-aimbot,flick,-31.487476885800316,0.8766,1
1,900,error,fast-adaptive-aimbot,flick,-32.64311459294109,0.8968,1
1,900,error,fast-adaptive-aimbot,flick,-34.26607713274181,0.917,1
1,900,error,fast-adaptive-aimbot,flick,-35.57616851163437,0.937,1
1,900,error,fast-adaptive-aimbot,flick,-37.446932734710984,0.9572,1
1,900,error,fast-adaptive-aimbot,flick,-40.323114050975114,0.9774,1
1,900,error,fast-adaptive-aimbot,flick,-50.729389769318495,0.9976,1
1,900,error,fast-adaptive-aimbot,flick,-inf,1,1
2,30,error,recoil-macro,spray,inf,0,0
2,30,error,recoil-macro,spray,0,0,0
2,30,error,recoil-macro,spray,-inf,1,1
2,30,error,flick-aimbot,flick,inf,0,0
2,30,error,flick-aimbot,flick,3.6833464938940224,0,1
2,30,error,flick-aimbot,flick,1.8936768970802602,0.0002,1
2,30,error,flick-aimbot,flick,1.6573833396785989,0.0004,1
2,30,error,flick-aimbot,flick,1.3223725628940333,0.0006,1
2,30,error,flick-aimbot,flick,1.029982993884769,0.0008,1
2,30,error,flick-aimbot,flick,0.9874359674222595,0.001,1
2,30,error,flick-aimbot,flick,0.9401758240073192,0.0012,1
2,30,error,flick-aimbot,flick,0.9376460285818934,0.0014,1
2,30,error,flick-aimbot,flick,0.9051909905796702,0.0016,1
2,30,error,flick-aimbot,flick,0.9042388206991017,0.0018,1
2,30,error,flick-aimbot,flick,0.8270432073235139,0.002,1
2,30,error,flick-aimbot,flick,0.7513073780574514,0.0022,1
2,30,error,flick-aimbot,flick,0.666671133292523,0.0024,1
2,30,error,flick-aimbot,flick,0.5943449852721273,0.0026,1
2,30,error,flick-aimbot,flick,0.5795038943243879,0.0028,1
2,30,error,flick-aimbot,flick,0.5728064585311787,0.003,1
2,30,error,flick-aimbot,flick,0.5165064330455961,0.0032,1
2,30,error,flick-aimbot,flick,0.4882866180006846,0.0034,1
2,30,error,flick-aimbot,flick,0.453736415365571,0.0036,1
2,30,error,flick-aimbot,flick,0.4393674883935621,0.0038,1
2,30,error,flick-aimbot,flick,0.4315300456602933,0.004,1
2,30,error,flick-aimbot,flick,0.4221960102068396,0.0042,1
2,30,error,flick-aimbot,flick,0.4114906527595289,0.0044,1
2,30,error,flick-aimbot,flick,0.3928565133655583,0.0046,1
2,30,error,flick-aimbot,flick,0.3900691217282808,0.0048,1
2,30,error,flick-aimbot,flick,0.3886800517572977,0.005,1
2,30,error,flick-aimbot,flick,0.3885563146605041,0.0052,1
2,30,error,flick-aimbot,flick,0.3791163300977854,0.0054,1
2,30,error,flick-aimbot,flick,0.3728995243646648,0.0056,1
2,30,error,flick-aimbot,flick,0.37240883551183107,0.0058,1
2,30,error,flick-aimbot,flick,0.3630308908829168,0.006,1
2,30,error,flick-aimbot,flick,0.3579165650864638,0.0062,1
2,30,error,flick-aimbot,flick,0.35756735698134484,0.0064,1
2,30,error,flick-aimbot,flick,0.35602540952936723,0.0066,1
2,30,error,flick-aimbot,flick,0.3346455549572079,0.0068,1
2,30,error,flick-aimbot,flick,0.3315975570695758,0.007,1
2,30,error,flick-aimbot,flick,0.32827807433682393,0.0072,1
2,30,error,flick-aimbot,flick,0.3254934443531922,0.0074,1
2,30,error,flick-aimbot,flick,0.3210942857433339,0.0076,1
2,30,error,flick-aimbot,flick,0.30699197837764897,0.0078,1
2,30,error,flick-aimbot,flick,0.29265710841346937,0.008,1
2,30,error,flick-aimbot,flick,0.28892701739078763,0.0082,1
2,30,error,flick-aimbot,flick,0.2856199800840223,0.0084,1
2,30,error,flick-aimbot,flick,0.27527254577172455,0.0086,1
2,30,error,flick-aimbot,flick,0.27525217912616895,0.0088,1
2,30,error,flick-aimbot,flick,0.27522042439102706,0.009,1
2,30,error,flick-aimbot,flick,0.27294180175030863,0.0092,1
2,30,error,flick-aimbot,flick,0.269971861642555,0.0094,1
2,30,error,flick-aimbot,flick,0.227567539860431,0.0096,1
2,30,error,flick-aimbot,flick,0.22703192263297942,0.0098,1
2,30,error,flick-aimbot,flick,0.20537998881129133,0.01,1
2,30,error,flick-aimbot,flick,0.2021951543832381,0.0102,1
2,30,error,flick-aimbot,flick,0.003216332713565669,0.0302,1
2,30,error,flick-aimbot,flick,-0.02430075687533153,0.0502,1
2,30,error,flick-aimbot,flick,-0.08426859502894961,0.0704,1
2,30,error,flick-aimbot,flick,-0.1596901491436836,0.0906,1
2,30,error,flick-aimbot,flick,-0.24100269667080562,0.1106,1
2,30,error,flick-aimbot,flick,-0.3195555139545007,0.1308,1
2,30,error,flick-aimbot,flick,-0.4182491047073803,0.151,1
2,30,error,flick-aimbot,flick,-0.5149418936211173,0.171,1
2,30,error,flick-aimbot,flick,-0.6054972505907098,0.1912,1
2,30,error,flick-aimbot,flick,-0.7107111678121627,0.2114,1
2,30,error,flick-aimbot,flick,-0.797270917821607,0.2316,1
2,30,error,flick-aimbot,flick,-0.9054563440027473,0.2518,1
2,30,error,flick-aimbot,flick,-1.0039249217469006,0.272,1
2,30,error,flick-aimbot,flick,-1.111276417828221,0.2922,1
2,30,error,flick-aimbot,flick,-1.2139316723504585,0.3124,1
2,30,error,flick-aimbot,flick,-1.3112781026420284,0.3326,1
2,30,error,flick-aimbot,flick,-1.4178501647848956,0.3526,1
2,30,error,flick-aimbot,flick,-1.5365769824336186,0.3728,1
2,30,error,flick-aimbot,flick,-1.6600476460746814,0.393,1
2,30,error,flick-aimbot,flick,-1.7694437898302078,0.4132,1
2,30,error,flick-aimbot,flick,-1.8816439550431001,0.4334,1
2,30,error,flick-aimbot,flick,-1.9847825205799037,0.4534,1
2,30,error,flick-aimbot,flick,-2.107737470137488,0.4736,1
2,30,error,flick-aimbot,flick,-2.2223593477820454,0.4938,1
2,30,error,flick-aimbot,flick,-2.3396704263947146,0.5138,1
2,30,error,flick-aimbot,flick,-2.482399871052489,0.5338,1
2,30,error,flick-aimbot,flick,-2.62345907370927,0.554,1
2,30,error,flick-aimbot,flick,-2.7520562748957467,0.5742,1
2,30,error,flick-aimbot,flick,-2.9171794930039914,0.5944,1
2,30,error,flick-aimbot,flick,-3.062418167753923,0.6146,1
2,30,error,flick-aimbot,flick,-3.220220820454548,0.6346,1
2,30,error,flick-aimbot,flick,-3.417904602042527,0.6548,1
2,30,error,flick-aimbot,flick,-3.6264815541021984,0.675,1
2,30,error,flick-aimbot,flick,-3.818987723836309,0.6952,1
2,30,error,flick-aimbot,flick,-4.015042561233828,0.7154,1
2,30,error,flick-aimbot,flick,-4.200065542232448,0.7354,1
2,30,error,flick-aimbot,flick,-4.44445808341541,0.7556,1
2,30,error,flick-aimbot,flick,-4.658730941147119,0.7758,1
2,30,error,flick-aimbot,flick,-4.938868510138547,0.796,1
2,30,error,flick-aimbot,flick,-5.2535872357367035,0.8162,1
2,30,error,flick-aimbot,flick,-5.591223511561224,0.8362,1
2,30,error,flick-aimbot,flick,-5.8679535945060195,0.8564,1
2,30,error,flick-aimbot,flick,-6.27803538035687,0.8766,1
2,30,error,flick-aimbot,flick,-6.763255766805724,0.8968,1
2,30,error,flick-aimbot,flick,-7.262698973529407,0.917,1
2,30,error,flick-aimbot,flick,-8.014112718645254,0.937,1
2,30,error,flick-aimbot,flick,-8.924594968934887,0.9572,1
2,30,error,flick-aimbot,flick,-10.320983684772251,0.9774,1
2,30,error,flick-aimbot,flick,-15.369398633468755,0.9976,1
2,30,error,flick-aimbot,flick,-inf,1,1
2,30,error,humanised-aimbot,flick,inf,0,0
2,30,error,humanised-aimbot,flick,3.6833464938940224,0,0.988
2,30,error,humanised-aimbot,flick,1.8936768970802602,0.0002,0.998
2,30,error,humanised-aimbot,flick,1.6573833396785989,0.0004,0.998
2,30,error,humanised-aimbot,flick,1.3223725628940333,0.0006,0.998
2,30,error,humanised-aimbot,flick,1.029982993884769,0.0008,0.998
2,30,error,humanised-aimbot,flick,0.9874359674222595,0.001,0.998
2,30,error,humanised-aimbot,flick,0.9401758240073192,0.0012,1
2,30,error,humanised-aimbot,flick,0.9376460285818934,0.0014,1
2,30,error,humanised-aimbot,flick,0.9051909905796702,0.0016,1
2,30,error,humanised-aimbot,flick,0.9042388206991017,0.0018,1
2,30,error,humanised-aimbot,flick,0.8270432073235139,0.002,1
2,30,error,humanised-aimbot,flick,0.7513073780574514,0.0022,1
2,30,error,humanised-aimbot,flick,0.666671133292523,0.0024,1
2,30,error,humanised-aimbot,flick,0.5943449852721273,0.0026,1
2,30,error,humanised-aimbot,flick,0.5795038943243879,0.0028,1
2,30,error,humanised-aimbot,flick,0.5728064585311787,0.003,1
2,30,error,humanised-aimbot,flick,0.5165064330455961,0.0032,1
2,30,error,humanised-aimbot,flick,0.4882866180006846,0.0034,1
2,30,error,humanised-aimbot,flick,0.453736415365571,0.0036,1
2,30,error,humanised-aimbot,flick,0.4393674883935621,0.0038,1
2,30,error,humanised-aimbot,flick,0.4315300456602933,0.004,1
2,30,error,humanised-aimbot,flick,0.4221960102068396,0.0042,1
2,30,error,humanised-aimbot,flick,0.4114906527595289,0.0044,1
2,30,error,humanised-aimbot,flick,0.3928565133655583,0.0046,1
2,30,error,humanised-aimbot,flick,0.3900691217282808,0.0048,1
2,30,error,humanised-aimbot,flick,0.3886800517572977,0.005,1
2,30,error,humanised-aimbot,flick,0.3885563146605041,0.0052,1
2,30,error,humanised-aimbot,flick,0.3791163300977854,0.0054,1
2,30,error,humanised-aimbot,flick,0.3728995243646648,0.0056,1
2,30,error,humanised-aimbot,flick,0.37240883551183107,0.0058,1
2,30,error,humanised-aimbot,flick,0.3630308908829168,0.006,1
2,30,error,humanised-aimbot,flick,0.3579165650864638,0.0062,1
2,30,error,humanised-aimbot,flick,0.35756735698134484,0.0064,1
2,30,error,humanised-aimbot,flick,0.35602540952936723,0.0066,1
2,30,error,humanised-aimbot,flick,0.3346455549572079,0.0068,1
2,30,error,humanised-aimbot,flick,0.3315975570695758,0.007,1
2,30,error,humanised-aimbot,flick,0.32827807433682393,0.0072,1
2,30,error,humanised-aimbot,flick,0.3254934443531922,0.0074,1
2,30,error,humanised-aimbot,flick,0.3210942857433339,0.0076,1
2,30,error,humanised-aimbot,flick,0.30699197837764897,0.0078,1
2,30,error,humanised-aimbot,flick,0.29265710841346937,0.008,1
2,30,error,humanised-aimbot,flick,0.28892701739078763,0.0082,1
2,30,error,humanised-aimbot,flick,0.2856199800840223,0.0084,1
2,30,error,humanised-aimbot,flick,0.27527254577172455,0.0086,1
2,30,error,humanised-aimbot,flick,0.27525217912616895,0.0088,1
2,30,error,humanised-aimbot,flick,0.27522042439102706,0.009,1
2,30,error,humanised-aimbot,flick,0.27294180175030863,0.0092,1
2,30,error,humanised-aimbot,flick,0.269971861642555,0.0094,1
2,30,error,humanised-aimbot,flick,0.227567539860431,0.0096,1
2,30,error,humanised-aimbot,flick,0.22703192263297942,0.0098,1
2,30,error,humanised-aimbot,flick,0.20537998881129133,0.01,1
2,30,error,humanised-aimbot,flick,0.2021951543832381,0.0102,1
2,30,error,humanised-aimbot,flick,0.003216332713565669,0.0302,1
2,30,error,humanised-aimbot,flick,-0.02430075687533153,0.0502,1
2,30,error,humanised-aimbot,flick,-0.08426859502894961,0.0704,1
2,30,error,humanised-aimbot,flick,-0.1596901491436836,0.0906,1
2,30,error,humanised-aimbot,flick,-0.24100269667080562,0.1106,1
2,30,error,humanised-aimbot,flick,-0.3195555139545007,0.1308,1
2,30,error,humanised-aimbot,flick,-0.4182491047073803,0.151,1
2,30,error,humanised-aimbot,flick,-0.5149418936211173,0.171,1
2,30,error,humanised-aimbot,flick,-0.6054972505907098,0.1912,1
2,30,error,humanised-aimbot,flick,-0.7107111678121627,0.2114,1
2,30,error,humanised-aimbot,flick,-0.797270917821607,0.2316,1
2,30,error,humanised-aimbot,flick,-0.9054563440027473,0.2518,1
2,30,error,humanised-aimbot,flick,-1.0039249217469006,0.272,1
2,30,error,humanised-aimbot,flick,-1.111276417828221,0.2922,1
2,30,error,humanised-aimbot,flick,-1.2139316723504585,0.3124,1
2,30,error,humanised-aimbot,flick,-1.3112781026420284,0.3326,1
2,30,error,humanised-aimbot,flick,-1.4178501647848956,0.3526,1
2,30,error,humanised-aimbot,flick,-1.5365769824336186,0.3728,1
2,30,error,humanised-aimbot,flick,-1.6600476460746814,0.393,1
2,30,error,humanised-aimbot,flick,-1.7694437898302078,0.4132,1
2,30,error,humanised-aimbot,flick,-1.8816439550431001,0.4334,1
2,30,error,humanised-aimbot,flick,-1.9847825205799037,0.4534,1
2,30,error,humanised-aimbot,flick,-2.107737470137488,0.4736,1
2,30,error,humanised-aimbot,flick,-2.2223593477820454,0.4938,1
2,30,error,humanised-aimbot,flick,-2.3396704263947146,0.5138,1
2,30,error,humanised-aimbot,flick,-2.482399871052489,0.5338,1
2,30,error,humanised-aimbot,flick,-2.62345907370927,0.554,1
2,30,error,humanised-aimbot,flick,-2.7520562748957467,0.5742,1
2,30,error,humanised-aimbot,flick,-2.9171794930039914,0.5944,1
2,30,error,humanised-aimbot,flick,-3.062418167753923,0.6146,1
2,30,error,humanised-aimbot,flick,-3.220220820454548,0.6346,1
2,30,error,humanised-aimbot,flick,-3.417904602042527,0.6548,1
2,30,error,humanised-aimbot,flick,-3.6264815541021984,0.675,1
2,30,error,humanised-aimbot,flick,-3.818987723836309,0.6952,1
2,30,error,humanised-aimbot,flick,-4.015042561233828,0.7154,1
2,30,error,humanised-aimbot,flick,-4.200065542232448,0.7354,1
2,30,error,humanised-aimbot,flick,-4.44445808341541,0.7556,1
2,30,error,humanised-aimbot,flick,-4.658730941147119,0.7758,1
2,30,error,humanised-aimbot,flick,-4.938868510138547,0.796,1
2,30,error,humanised-aimbot,flick,-5.2535872357367035,0.8162,1
2,30,error,humanised-aimbot,flick,-5.591223511561224,0.8362,1
2,30,error,humanised-aimbot,flick,-5.8679535945060195,0.8564,1
2,30,error,humanised-aimbot,flick,-6.27803538035687,0.8766,1
2,30,error,humanised-aimbot,flick,-6.763255766805724,0.8968,1
2,30,error,humanised-aimbot,flick,-7.262698973529407,0.917,1
2,30,error,humanised-aimbot,flick,-8.014112718645254,0.937,1
2,30,error,humanised-aimbot,flick,-8.924594968934887,0.9572,1
2,30,error,humanised-aimbot,flick,-10.320983684772251,0.9774,1
2,30,error,humanised-aimbot,flick,-15.369398633468755,0.9976,1
2,30,error,humanised-aimbot,flick,-inf,1,1
2,30,error,adaptive-aimbot,flick,inf,0,0
2,30,error,adaptive-aimbot,flick,3.6833464938940224,0,0.328
2,30,error,adaptive-aimbot,flick,1.8936768970802602,0.0002,0.456
2,30,error,adaptive-aimbot,flick,1.6573833396785989,0.0004,0.472
2,30,error,adaptive-aimbot,flick,1.3223725628940333,0.0006,0.522
2,30,error,adaptive-aimbot,flick,1.029982993884769,0.0008,0.558
2,30,error,adaptive-aimbot,flick,0.9874359674222595,0.001,0.562
2,30,error,adaptive-aimbot,flick,0.9401758240073192,0.0012,0.566
2,30,error,adaptive-aimbot,flick,0.9376460285818934,0.0014,0.568
2,30,error,adaptive-aimbot,flick,0.9051909905796702,0.0016,0.572
2,30,error,adaptive-aimbot,flick,0.9042388206991017,0.0018,0.574
2,30,error,adaptive-aimbot,flick,0.8270432073235139,0.002,0.58
2,30,error,adaptive-aimbot,flick,0.7513073780574514,0.0022,0.59
2,30,error,adaptive-aimbot,flick,0.666671133292523,0.0024,0.604
2,30,error,adaptive-aimbot,flick,0.5943449852721273,0.0026,0.622
2,30,error,adaptive-aimbot,flick,0.5795038943243879,0.0028,0.626
2,30,error,adaptive-aimbot,flick,0.5728064585311787,0.003,0.628
2,30,error,adaptive-aimbot,flick,0.5165064330455961,0.0032,0.644
2,30,error,adaptive-aimbot,flick,0.4882866180006846,0.0034,0.65
2,30,error,adaptive-aimbot,flick,0.453736415365571,0.0036,0.656
2,30,error,adaptive-aimbot,flick,0.4393674883935621,0.0038,0.66
2,30,error,adaptive-aimbot,flick,0.4315300456602933,0.004,0.66
2,30,error,adaptive-aimbot,flick,0.4221960102068396,0.0042,0.662
2,30,error,adaptive-aimbot,flick,0.4114906527595289,0.0044,0.662
2,30,error,adaptive-aimbot,flick,0.3928565133655583,0.0046,0.668
2,30,error,adaptive-aimbot,flick,0.3900691217282808,0.0048,0.67
2,30,error,adaptive-aimbot,flick,0.3886800517572977,0.005,0.67
2,30,error,adaptive-aimbot,flick,0.3885563146605041,0.0052,0.67
2,30,error,adaptive-aimbot,flick,0.3791163300977854,0.0054,0.674
2,30,error,adaptive-aimbot,flick,0.3728995243646648,0.0056,0.676
2,30,error,adaptive-aimbot,flick,0.37240883551183107,0.0058,0.676
2,30,error,adaptive-aimbot,flick,0.3630308908829168,0.006,0.68
2,30,error,adaptive-aimbot,flick,0.3579165650864638,0.0062,0.68
2,30,error,adaptive-aimbot,flick,0.35756735698134484,0.0064,0.68
2,30,error,adaptive-aimbot,flick,0.35602540952936723,0.0066,0.68
2,30,error,adaptive-aimbot,flick,0.3346455549572079,0.0068,0.68
2,30,error,adaptive-aimbot,flick,0.3315975570695758,0.007,0.68
2,30,error,adaptive-aimbot,flick,0.32827807433682393,0.0072,0.68
2,30,error,adaptive-aimbot,flick,0.3254934443531922,0.0074,0.68
2,30,error,adaptive-aimbot,flick,0.3210942857433339,0.0076,0.682
2,30,error,adaptive-aimbot,flick,0.30699197837764897,0.0078,0.682
2,30,error,adaptive-aimbot,flick,0.29265710841346937,0.008,0.694
2,30,error,adaptive-aimbot,flick,0.28892701739078763,0.0082,0.694
2,30,error,adaptive-aimbot,flick,0.2856199800840223,0.0084,0.694
2,30,error,adaptive-aimbot,flick,0.27527254577172455,0.0086,0.694
2,30,error,adaptive-aimbot,flick,0.27525217912616895,0.0088,0.694
2,30,error,adaptive-aimbot,flick,0.27522042439102706,0.009,0.694
2,30,error,adaptive-aimbot,flick,0.27294180175030863,0.0092,0.694
2,30,error,adaptive-aimbot,flick,0.269971861642555,0.0094,0.694
2,30,error,adaptive-aimbot,flick,0.227567539860431,0.0096,0.712
2,30,error,adaptive-aimbot,flick,0.22703192263297942,0.0098,0.712
2,30,error,adaptive-aimbot,flick,0.20537998881129133,0.01,0.718
2,30,error,adaptive-aimbot,flick,0.2021951543832381,0.0102,0.72
2,30,error,adaptive-aimbot,flick,0.003216332713565669,0.0302,0.802
2,30,error,adaptive-aimbot,flick,-0.02430075687533153,0.0502,0.842
2,30,error,adaptive-aimbot,flick,-0.08426859502894961,0.0704,0.866
2,30,error,adaptive-aimbot,flick,-0.1596901491436836,0.0906,0.88
2,30,error,adaptive-aimbot,flick,-0.24100269667080562,0.1106,0.89
2,30,error,adaptive-aimbot,flick,-0.3195555139545007,0.1308,0.9
2,30,error,adaptive-aimbot,flick,-0.4182491047073803,0.151,0.912
2,30,error,adaptive-aimbot,flick,-0.5149418936211173,0.171,0.924
2,30,error,adaptive-aimbot,flick,-0.6054972505907098,0.1912,0.928
2,30,error,adaptive-aimbot,flick,-0.7107111678121627,0.2114,0.93
2,30,error,adaptive-aimbot,flick,-0.797270917821607,0.2316,0.934
2,30,error,adaptive-aimbot,flick,-0.9054563440027473,0.2518,0.94
2,30,error,adaptive-aimbot,flick,-1.0039249217469006,0.272,0.946
2,30,error,adaptive-aimbot,flick,-1.111276417828221,0.2922,0.946
2,30,error,adaptive-aimbot,flick,-1.2139316723504585,0.3124,0.946
2,30,error,adaptive-aimbot,flick,-1.3112781026420284,0.3326,0.948
2,30,error,adaptive-aimbot,flick,-1.4178501647848956,0.3526,0.952
2,30,error,adaptive-aimbot,flick,-1.5365769824336186,0.3728,0.96
2,30,error,adaptive-aimbot,flick,-1.6600476460746814,0.393,0.964
2,30,error,adaptive-aimbot,flick,-1.7694437898302078,0.4132,0.968
2,30,error,adaptive-aimbot,flick,-1.8816439550431001,0.4334,0.972
2,30,error,adaptive-aimbot,flick,-1.9847825205799037,0.4534,0.974
2,30,error,adaptive-aimbot,flick,-2.107737470137488,0.4736,0.974
2,30,error,adaptive-aimbot,flick,-2.2223593477820454,0.4938,0.978
2,30,error,adaptive-aimbot,flick,-2.3396704263947146,0.5138,0.98
2,30,error,adaptive-aimbot,flick,-2.482399871052489,0.5338,0.98
2,30,error,adaptive-aimbot,flick,-2.62345907370927,0.554,0.98
2,30,error,adaptive-aimbot,flick,-2.7520562748957467,0.5742,0.98
2,30,error,adaptive-aimbot,flick,-2.9171794930039914,0.5944,0.986
2,30,error,adaptive-aimbot,flick,-3.062418167753923,0.6146,0.986
2,30,error,adaptive-aimbot,flick,-3.220220820454548,0.6346,0.986
2,30,error,adaptive-aimbot,flick,-3.417904602042527,0.6548,0.986
2,30,error,adaptive-aimbot,flick,-3.6264815541021984,0.675,0.988
2,30,error,adaptive-aimbot,flick,-3.818987723836309,0.6952,0.99
2,30,error,adaptive-aimbot,flick,-4.015042561233828,0.7154,0.99
2,30,error,adaptive-aimbot,flick,-4.200065542232448,0.7354,0.99
2,30,error,adaptive-aimbot,flick,-4.44445808341541,0.7556,0.99
2,30,error,adaptive-aimbot,flick,-4.658730941147119,0.7758,0.99
2,30,error,adaptive-aimbot,flick,-4.938868510138547,0.796,0.992
2,30,error,adaptive-aimbot,flick,-5.2535872357367035,0.8162,0.992
2,30,error,adaptive-aimbot,flick,-5.591223511561224,0.8362,0.994
2,30,error,adaptive-aimbot,flick,-5.8679535945060195,0.8564,0.994
2,30,error,adaptive-aimbot,flick,-6.27803538035687,0.8766,0.998
2,30,error,adaptive-aimbot,flick,-6.763255766805724,0.8968,0.998
2,30,error,adaptive-aimbot,flick,-7.262698973529407,0.917,0.998
2,30,error,adaptive-aimbot,flick,-8.014112718645254,0.937,0.998
2,30,error,adaptive-aimbot,flick,-8.924594968934887,0.9572,0.998
2,30,error,adaptive-aimbot,flick,-10.320983684772251,0.9774,1
2,30,error,adaptive-aimbot,flick,-15.369398633468755,0.9976,1
2,30,error,adaptive-aimbot,flick,-inf,1,1
2,30,error,smoothing-aimbot,flick,inf,0,0
2,30,error,smoothing-aimbot,flick,3.6833464938940224,0,0
2,30,error,smoothing-aimbot,flick,1.8936768970802602,0.0002,0
2,30,error,smoothing-aimbot,flick,1.6573833396785989,0.0004,0.002
2,30,error,smoothing-aimbot,flick,1.3223725628940333,0.0006,0.002
2,30,error,smoothing-aimbot,flick,1.029982993884769,0.0008,0.002
2,30,error,smoothing-aimbot,flick,0.9874359674222595,0.001,0.002
2,30,error,smoothing-aimbot,flick,0.9401758240073192,0.0012,0.002
2,30,error,smoothing-aimbot,flick,0.9376460285818934,0.0014,0.002
2,30,error,smoothing-aimbot,flick,0.9051909905796702,0.0016,0.002
2,30,error,smoothing-aimbot,flick,0.9042388206991017,0.0018,0.002
2,30,error,smoothing-aimbot,flick,0.8270432073235139,0.002,0.002
2,30,error,smoothing-aimbot,flick,0.7513073780574514,0.0022,0.002
2,30,error,smoothing-aimbot,flick,0.666671133292523,0.0024,0.004
2,30,error,smoothing-aimbot,flick,0.5943449852721273,0.0026,0.004
2,30,error,smoothing-aimbot,flick,0.5795038943243879,0.0028,0.004
2,30,error,smoothing-aimbot,flick,0.5728064585311787,0.003,0.004
2,30,error,smoothing-aimbot,flick,0.5165064330455961,0.0032,0.004
2,30,error,smoothing-aimbot,flick,0.4882866180006846,0.0034,0.006
2,30,error,smoothing-aimbot,flick,0.453736415365571,0.0036,0.006
2,30,error,smoothing-aimbot,flick,0.4393674883935621,0.0038,0.006
2,30,error,smoothing-aimbot,flick,0.4315300456602933,0.004,0.006
2,30,error,smoothing-aimbot,flick,0.4221960102068396,0.0042,0.006
2,30,error,smoothing-aimbot,flick,0.4114906527595289,0.0044,0.006
2,30,error,smoothing-aimbot,flick,0.3928565133655583,0.0046,0.006
2,30,error,smoothing-aimbot,flick,0.3900691217282808,0.0048,0.006
2,30,error,smoothing-aimbot,flick,0.3886800517572977,0.005,0.006
2,30,error,smoothing-aimbot,flick,0.3885563146605041,0.0052,0.006
2,30,error,smoothing-aimbot,flick,0.3791163300977854,0.0054,0.006
2,30,error,smoothing-aimbot,flick,0.3728995243646648,0.0056,0.006
2,30,error,smoothing-aimbot,flick,0.37240883551183107,0.0058,0.006
2,30,error,smoothing-aimbot,flick,0.3630308908829168,0.006,0.006
2,30,error,smoothing-aimbot,flick,0.3579165650864638,0.0062,0.006
2,30,error,smoothing-aimbot,flick,0.35756735698134484,0.0064,0.006
2,30,error,smoothing-aimbot,flick,0.35602540952936723,0.0066,0.006
2,30,error,smoothing-aimbot,flick,0.3346455549572079,0.0068,0.006
2,30,error,smoothing-aimbot,flick,0.3315975570695758,0.007,0.006
2,30,error,smoothing-aimbot,flick,0.32827807433682393,0.0072,0.006
2,30,error,smoothing-aimbot,flick,0.3254934443531922,0.0074,0.006
2,30,error,smoothing-aimbot,flick,0.3210942857433339,0.0076,0.006
2,30,error,smoothing-aimbot,flick,0.30699197837764897,0.0078,0.006
2,30,error,smoothing-aimbot,flick,0.29265710841346937,0.008,0.006
2,30,error,smoothing-aimbot,flick,0.28892701739078763,0.0082,0.006
2,30,error,smoothing-aimbot,flick,0.2856199800840223,0.0084,0.006
2,30,error,smoothing-aimbot,flick,0.27527254577172455,0.0086,0.006
2,30,error,smoothing-aimbot,flick,0.27525217912616895,0.0088,0.006
2,30,error,smoothing-aimbot,flick,0.27522042439102706,0.009,0.006
2,30,error,smoothing-aimbot,flick,0.27294180175030863,0.0092,0.006
2,30,error,smoothing-aimbot,flick,0.269971861642555,0.0094,0.006
2,30,error,smoothing-aimbot,flick,0.227567539860431,0.0096,0.006
2,30,error,smoothing-aimbot,flick,0.22703192263297942,0.0098,0.006
2,30,error,smoothing-aimbot,flick,0.20537998881129133,0.01,0.006
2,30,error,smoothing-aimbot,flick,0.2021951543832381,0.0102,0.006
2,30,error,smoothing-aimbot,flick,0.003216332713565669,0.0302,0.006
2,30,error,smoothing-aimbot,flick,-0.02430075687533153,0.0502,0.008
2,30,error,smoothing-aimbot,flick,-0.08426859502894961,0.0704,0.01
2,30,error,smoothing-aimbot,flick,-0.1596901491436836,0.0906,0.012
2,30,error,smoothing-aimbot,flick,-0.24100269667080562,0.1106,0.012
2,30,error,smoothing-aimbot,flick,-0.3195555139545007,0.1308,0.014
2,30,error,smoothing-aimbot,flick,-0.4182491047073803,0.151,0.018
2,30,error,smoothing-aimbot,flick,-0.5149418936211173,0.171,0.02
2,30,error,smoothing-aimbot,flick,-0.6054972505907098,0.1912,0.024
2,30,error,smoothing-aimbot,flick,-0.7107111678121627,0.2114,0.024
2,30,error,smoothing-aimbot,flick,-0.797270917821607,0.2316,0.026
2,30,error,smoothing-aimbot,flick,-0.9054563440027473,0.2518,0.032
2,30,error,smoothing-aimbot,flick,-1.0039249217469006,0.272,0.032
2,30,error,smoothing-aimbot,flick,-1.111276417828221,0.2922,0.034
2,30,error,smoothing-aimbot,flick,-1.2139316723504585,0.3124,0.034
2,30,error,smoothing-aimbot,flick,-1.3112781026420284,0.3326,0.034
2,30,error,smoothing-aimbot,flick,-1.4178501647848956,0.3526,0.034
2,30,error,smoothing-aimbot,flick,-1.5365769824336186,0.3728,0.036
2,30,error,smoothing-aimbot,flick,-1.6600476460746814,0.393,0.038
2,30,error,smoothing-aimbot,flick,-1.7694437898302078,0.4132,0.04
2,30,error,smoothing-aimbot,flick,-1.8816439550431001,0.4334,0.044
2,30,error,smoothing-aimbot,flick,-1.9847825205799037,0.4534,0.046
2,30,error,smoothing-aimbot,flick,-2.107737470137488,0.4736,0.046
2,30,error,smoothing-aimbot,flick,-2.2223593477820454,0.4938,0.048
2,30,error,smoothing-aimbot,flick,-2.3396704263947146,0.5138,0.048
2,30,error,smoothing-aimbot,flick,-2.482399871052489,0.5338,0.052
2,30,error,smoothing-aimbot,flick,-2.62345907370927,0.554,0.06
2,30,error,smoothing-aimbot,flick,-2.7520562748957467,0.5742,0.062
2,30,error,smoothing-aimbot,flick,-2.9171794930039914,0.5944,0.068
2,30,error,smoothing-aimbot,flick,-3.062418167753923,0.6146,0.08
2,30,error,smoothing-aimbot,flick,-3.220220820454548,0.6346,0.082
2,30,error,smoothing-aimbot,flick,-3.417904602042527,0.6548,0.082
2,30,error,smoothing-aimbot,flick,-3.6264815541021984,0.675,0.088
2,30,error,smoothing-aimbot,flick,-3.818987723836309,0.6952,0.088
2,30,error,smoothing-aimbot,flick,-4.015042561233828,0.7154,0.094
2,30,error,smoothing-aimbot,flick,-4.200065542232448,0.7354,0.098
2,30,error,smoothing-aimbot,flick,-4.44445808341541,0.7556,0.106
2,30,error,smoothing-aimbot,flick,-4.658730941147119,0.7758,0.112
2,30,error,smoothing-aimbot,flick,-4.938868510138547,0.796,0.12
2,30,error,smoothing-aimbot,flick,-5.2535872357367035,0.8162,0.132
2,30,error,smoothing-aimbot,flick,-5.591223511561224,0.8362,0.138
2,30,error,smoothing-aimbot,flick,-5.8679535945060195,0.8564,0.144
2,30,error,smoothing-aimbot,flick,-6.27803538035687,0.8766,0.152
2,30,error,smoothing-aimbot,flick,-6.763255766805724,0.8968,0.172
2,30,error,smoothing-aimbot,flick,-7.262698973529407,0.917,0.192
2,30,error,smoothing-aimbot,flick,-8.014112718645254,0.937,0.21
2,30,error,smoothing-aimbot,flick,-8.924594968934887,0.9572,0.232
2,30,error,smoothing-aimbot,flick,-10.320983684772251,0.9774,0.278
2,30,error,smoothing-aimbot,flick,-15.369398633468755,0.9976,0.404
2,30,error,smoothing-aimbot,flick,-inf,1,1
2,30,steps,smoothing-aimbot,flick,inf,0,0
2,30,steps,smoothing-aimbot,flick,1.0194274581280323,0,1
2,30,steps,smoothing-aimbot,flick,0.9427671432174297,0.0002,1
2,30,steps,smoothing-aimbot,flick,0.8478681087453288,0.0004,1
2,30,steps,smoothing-aimbot,flick,0.516244969526033,0.0006,1
2,30,steps,smoothing-aimbot,flick,0.49613502777303864,0.0008,1
2,30,steps,smoothing-aimbot,flick,0.4715921145675156,0.001,1
2,30,steps,smoothing-aimbot,flick,0.4428873504839431,0.0012,1
2,30,steps,smoothing-aimbot,flick,0.43938782006742966,0.0014,1
2,30,steps,smoothing-aimbot,flick,0.42936466338960444,0.0016,1
2,30,steps,smoothing-aimbot,flick,0.426108360719758,0.0018,1
2,30,steps,smoothing-aimbot,flick,0.3473430630208491,0.002,1
2,30,steps,smoothing-aimbot,flick,0.3401210829556779,0.0022,1
2,30,steps,smoothing-aimbot,flick,0.3306078531743275,0.0024,1
2,30,steps,smoothing-aimbot,flick,0.319806993229432,0.0026,1
2,30,steps,smoothing-aimbot,flick,0.31053690338060475,0.0028,1
2,30,steps,smoothing-aimbot,flick,0.3063691649329888,0.003,1
2,30,steps,smoothing-aimbot,flick,0.3043710221665205,0.0032,1
2,30,steps,smoothing-aimbot,flick,0.3015568027009629,0.0034,1
2,30,steps,smoothing-aimbot,flick,0.30151779752553454,0.0036,1
2,30,steps,smoothing-aimbot,flick,0.2987126649406404,0.0038,1
2,30,steps,smoothing-aimbot,flick,0.28987831679972076,0.004,1
2,30,steps,smoothing-aimbot,flick,0.2801168593848542,0.0042,1
2,30,steps,smoothing-aimbot,flick,0.2772578201509635,0.0044,1
2,30,steps,smoothing-aimbot,flick,0.27657653335566923,0.0046,1
2,30,steps,smoothing-aimbot,flick,0.2760076781198282,0.0048,1
2,30,steps,smoothing-aimbot,flick,0.2722437336971053,0.005,1
2,30,steps,smoothing-aimbot,flick,0.27213968158246477,0.0052,1
2,30,steps,smoothing-aimbot,flick,0.26877300109254054,0.0054,1
2,30,steps,smoothing-aimbot,flick,0.2664701993202854,0.0056,1
2,30,steps,smoothing-aimbot,flick,0.26615827436250417,0.0058,1
2,30,steps,smoothing-aimbot,flick,0.265065695688113,0.006,1
2,30,steps,smoothing-aimbot,flick,0.25325151021991754,0.0062,1
2,30,steps,smoothing-aimbot,flick,0.24527175521463934,0.0064,1
2,30,steps,smoothing-aimbot,flick,0.24477320212397755,0.0066,1
2,30,steps,smoothing-aimbot,flick,0.24474562793379043,0.0068,1
2,30,steps,smoothing-aimbot,flick,0.23923794458198408,0.007,1
2,30,steps,smoothing-aimbot,flick,0.23461926976765612,0.0072,1
2,30,steps,smoothing-aimbot,flick,0.2330106843779378,0.0074,1
2,30,steps,smoothing-aimbot,flick,0.2236067955465342,0.0076,1
2,30,steps,smoothing-aimbot,flick,0.2227090670647657,0.0078,1
2,30,steps,smoothing-aimbot,flick,0.22035456495469596,0.008,1
2,30,steps,smoothing-aimbot,flick,0.21880701076967993,0.0082,1
2,30,steps,smoothing-aimbot,flick,0.21728316902438788,0.0084,1
2,30,steps,smoothing-aimbot,flick,0.21109437304022655,0.0086,1
2,30,steps,smoothing-aimbot,flick,0.2110127903165424,0.0088,1
2,30,steps,smoothing-aimbot,flick,0.20852425625782048,0.009,1
2,30,steps,smoothing-aimbot,flick,0.20761746221720667,0.0092,1
2,30,steps,smoothing-aimbot,flick,0.20713934899679776,0.0094,1
2,30,steps,smoothing-aimbot,flick,0.19936408094967584,0.0096,1
2,30,steps,smoothing-aimbot,flick,0.19913790631471115,0.0098,1
2,30,steps,smoothing-aimbot,flick,0.1977489207963628,0.01,1
2,30,steps,smoothing-aimbot,flick,0.19330429257899923,0.0102,1
2,30,steps,smoothing-aimbot,flick,0.10156753269669712,0.0302,1
2,30,steps,smoothing-aimbot,flick,0.06855365027474883,0.0502,1
2,30,steps,smoothing-aimbot,flick,0.04473265566546956,0.0704,1
2,30,steps,smoothing-aimbot,flick,0.030119024297527334,0.0906,1
2,30,steps,smoothing-aimbot,flick,0.01938363828282766,0.1106,1
2,30,steps,smoothing-aimbot,flick,0.010678997060648801,0.1308,1
2,30,steps,smoothing-aimbot,flick,0.005734828383139711,0.151,1
2,30,steps,smoothing-aimbot,flick,0.0024618406625637012,0.171,1
2,30,steps,smoothing-aimbot,flick,0.00048241518719891466,0.1912,1
2,30,steps,smoothing-aimbot,flick,0.000000029907935650886144,0.2114,1
2,30,steps,smoothing-aimbot,flick,-0.000000055368539795860656,0.784,1
2,30,steps,smoothing-aimbot,flick,-0.0004965717701336153,0.804,1
2,30,steps,smoothing-aimbot,flick,-0.0023246155529602617,0.8242,1
2,30,steps,smoothing-aimbot,flick,-0.004995873938161071,0.8444,1
2,30,steps,smoothing-aimbot,flick,-0.009321491447702416,0.8646,1
2,30,steps,smoothing-aimbot,flick,-0.016709268755177177,0.8846,1
2,30,steps,smoothing-aimbot,flick,-0.027411451780494336,0.9048,1
2,30,steps,smoothing-aimbot,flick,-0.042718034173247266,0.925,1
2,30,steps,smoothing-aimbot,flick,-0.06660398552082367,0.9452,1
2,30,steps,smoothing-aimbot,flick,-0.09718590841325242,0.9654,1
2,30,steps,smoothing-aimbot,flick,-0.18528453430710357,0.9854,1
2,30,steps,smoothing-aimbot,flick,-inf,1,1
2,30,error,fast-adaptive-aimbot,flick,inf,0,0
2,30,error,fast-adaptive-aimbot,flick,3.6833464938940224,0,0
2,30,error,fast-adaptive-aimbot,flick,1.8936768970802602,0.0002,0
2,30,error,fast-adaptive-aimbot,flick,1.6573833396785989,0.0004,0.002
2,30,error,fast-adaptive-aimbot,flick,1.3223725628940333,0.0006,0.002
2,30,error,fast-adaptive-aimbot,flick,1.029982993884769,0.0008,0.002
2,30,error,fast-adaptive-aimbot,flick,0.9874359674222595,0.001,0.002
2,30,error,fast-adaptive-aimbot,flick,0.9401758240073192,0.0012,0.002
2,30,error,fast-adaptive-aimbot,flick,0.9376460285818934,0.0014,0.002
2,30,error,fast-adaptive-aimbot,flick,0.9051909905796702,0.0016,0.002
2,30,error,fast-adaptive-aimbot,flick,0.9042388206991017,0.0018,0.002
2,30,error,fast-adaptive-aimbot,flick,0.8270432073235139,0.002,0.002
2,30,error,fast-adaptive-aimbot,flick,0.7513073780574514,0.0022,0.002
2,30,error,fast-adaptive-aimbot,flick,0.666671133292523,0.0024,0.002
2,30,error,fast-adaptive-aimbot,flick,0.5943449852721273,0.0026,0.002
2,30,error,fast-adaptive-aimbot,flick,0.5795038943243879,0.0028,0.002
2,30,error,fast-adaptive-aimbot,flick,0.5728064585311787,0.003,0.002
2,30,error,fast-adaptive-aimbot,flick,0.5165064330455961,0.0032,0.002
2,30,error,fast-adaptive-aimbot,flick,0.4882866180006846,0.0034,0.002
2,30,error,fast-adaptive-aimbot,flick,0.453736415365571,0.0036,0.002
2,30,error,fast-adaptive-aimbot,flick,0.4393674883935621,0.0038,0.002
2,30,error,fast-adaptive-aimbot,flick,0.4315300456602933,0.004,0.002
2,30,error,fast-adaptive-aimbot,flick,0.4221960102068396,0.0042,0.002
2,30,error,fast-adaptive-aimbot,flick,0.4114906527595289,0.0044,0.002
2,30,error,fast-adaptive-aimbot,flick,0.3928565133655583,0.0046,0.002
2,30,error,fast-adaptive-aimbot,flick,0.3900691217282808,0.0048,0.002
2,30,error,fast-adaptive-aimbot,flick,0.3886800517572977,0.005,0.002
2,30,error,fast-adaptive-aimbot,flick,0.3885563146605041,0.0052,0.002
2,30,error,fast-adaptive-aimbot,flick,0.3791163300977854,0.0054,0.002
2,30,error,fast-adaptive-aimbot,flick,0.3728995243646648,0.0056,0.002
2,30,error,fast-adaptive-aimbot,flick,0.37240883551183107,0.0058,0.002
2,30,error,fast-adaptive-aimbot,flick,0.3630308908829168,0.006,0.002
2,30,error,fast-adaptive-aimbot,flick,0.3579165650864638,0.0062,0.002
2,30,error,fast-adaptive-aimbot,flick,0.35756735698134484,0.0064,0.002
2,30,error,fast-adaptive-aimbot,flick,0.35602540952936723,0.0066,0.002
2,30,error,fast-adaptive-aimbot,flick,0.3346455549572079,0.0068,0.002
2,30,error,fast-adaptive-aimbot,flick,0.3315975570695758,0.007,0.002
2,30,error,fast-adaptive-aimbot,flick,0.32827807433682393,0.0072,0.002
2,30,error,fast-adaptive-aimbot,flick,0.3254934443531922,0.0074,0.002
2,30,error,fast-adaptive-aimbot,flick,0.3210942857433339,0.0076,0.002
2,30,error,fast-adaptive-aimbot,flick,0.30699197837764897,0.0078,0.002
2,30,error,fast-adaptive-aimbot,flick,0.29265710841346937,0.008,0.002
2,30,error,fast-adaptive-aimbot,flick,0.28892701739078763,0.0082,0.002
2,30,error,fast-adaptive-aimbot,flick,0.2856199800840223,0.0084,0.002
2,30,error,fast-adaptive-aimbot,flick,0.27527254577172455,0.0086,0.002
2,30,error,fast-adaptive-aimbot,flick,0.27525217912616895,0.0088,0.002
2,30,error,fast-adaptive-aimbot,flick,0.27522042439102706,0.009,0.002
2,30,error,fast-adaptive-aimbot,flick,0.27294180175030863,0.0092,0.002
2,30,error,fast-adaptive-aimbot,flick,0.269971861642555,0.0094,0.002
2,30,error,fast-adaptive-aimbot,flick,0.227567539860431,0.0096,0.002
2,30,error,fast-adaptive-aimbot,flick,0.22703192263297942,0.0098,0.002
2,30,error,fast-adaptive-aimbot,flick,0.20537998881129133,0.01,0.002
2,30,error,fast-adaptive-aimbot,flick,0.2021951543832381,0.0102,0.002
2,30,error,fast-adaptive-aimbot,flick,0.003216332713565669,0.0302,0.004
2,30,error,fast-adaptive-aimbot,flick,-0.02430075687533153,0.0502,0.008
2,30,error,fast-adaptive-aimbot,flick,-0.08426859502894961,0.0704,0.012
2,30,error,fast-adaptive-aimbot,flick,-0.1596901491436836,0.0906,0.012
2,30,error,fast-adaptive-aimbot,flick,-0.24100269667080562,0.1106,0.016
2,30,error,fast-adaptive-aimbot,flick,-0.3195555139545007,0.1308,0.02
2,30,error,fast-adaptive-aimbot,flick,-0.4182491047073803,0.151,0.026
2,30,error,fast-adaptive-aimbot,flick,-0.5149418936211173,0.171,0.03
2,30,error,fast-adaptive-aimbot,flick,-0.6054972505907098,0.1912,0.036
2,30,error,fast-adaptive-aimbot,flick,-0.7107111678121627,0.2114,0.036
2,30,error,fast-adaptive-aimbot,flick,-0.797270917821607,0.2316,0.038
2,30,error,fast-adaptive-aimbot,flick,-0.9054563440027473,0.2518,0.042
2,30,error,fast-adaptive-aimbot,flick,-1.0039249217469006,0.272,0.052
2,30,error,fast-adaptive-aimbot,flick,-1.111276417828221,0.2922,0.058
2,30,error,fast-adaptive-aimbot,flick,-1.2139316723504585,0.3124,0.06
2,30,error,fast-adaptive-aimbot,flick,-1.3112781026420284,0.3326,0.06
2,30,error,fast-adaptive-aimbot,flick,-1.4178501647848956,0.3526,0.068
2,30,error,fast-adaptive-aimbot,flick,-1.5365769824336186,0.3728,0.078
2,30,error,fast-adaptive-aimbot,flick,-1.6600476460746814,0.393,0.084
2,30,error,fast-adaptive-aimbot,flick,-1.7694437898302078,0.4132,0.086
2,30,error,fast-adaptive-aimbot,flick,-1.8816439550431001,0.4334,0.094
2,30,error,fast-adaptive-aimbot,flick,-1.9847825205799037,0.4534,0.108
2,30,error,fast-adaptive-aimbot,flick,-2.107737470137488,0.4736,0.114
2,30,error,fast-adaptive-aimbot,flick,-2.2223593477820454,0.4938,0.124
2,30,error,fast-adaptive-aimbot,flick,-2.3396704263947146,0.5138,0.128
2,30,error,fast-adaptive-aimbot,flick,-2.482399871052489,0.5338,0.14
2,30,error,fast-adaptive-aimbot,flick,-2.62345907370927,0.554,0.148
2,30,error,fast-adaptive-aimbot,flick,-2.7520562748957467,0.5742,0.156
2,30,error,fast-adaptive-aimbot,flick,-2.9171794930039914,0.5944,0.17
2,30,error,fast-adaptive-aimbot,flick,-3.062418167753923,0.6146,0.184
2,30,error,fast-adaptive-aimbot,flick,-3.220220820454548,0.6346,0.196
2,30,error,fast-adaptive-aimbot,flick,-3.417904602042527,0.6548,0.21
2,30,error,fast-adaptive-aimbot,flick,-3.6264815541021984,0.675,0.218
2,30,error,fast-adaptive-aimbot,flick,-3.818987723836309,0.6952,0.232
2,30,error,fast-adaptive-aimbot,flick,-4.015042561233828,0.7154,0.248
2,30,error,fast-adaptive-aimbot,flick,-4.200065542232448,0.7354,0.264
2,30,error,fast-adaptive-aimbot,flick,-4.44445808341541,0.7556,0.27
2,30,error,fast-adaptive-aimbot,flick,-4.658730941147119,0.7758,0.288
2,30,error,fast-adaptive-aimbot,flick,-4.938868510138547,0.796,0.294
2,30,error,fast-adaptive-aimbot,flick,-5.2535872357367035,0.8162,0.316
2,30,error,fast-adaptive-aimbot,flick,-5.591223511561224,0.8362,0.332
2,30,error,fast-adaptive-aimbot,flick,-5.8679535945060195,0.8564,0.348
2,30,error,fast-adaptive-aimbot,flick,-6.27803538035687,0.8766,0.386
2,30,error,fast-adaptive-aimbot,flick,-6.763255766805724,0.8968,0.414
2,30,error,fast-adaptive-aimbot,flick,-7.262698973529407,0.917,0.462
2,30,error,fast-adaptive-aimbot,flick,-8.014112718645254,0.937,0.496
2,30,error,fast-adaptive-aimbot,flick,-8.924594968934887,0.9572,0.538
2,30,error,fast-adaptive-aimbot,flick,-10.320983684772251,0.9774,0.594
2,30,error,fast-adaptive-aimbot,flick,-15.369398633468755,0.9976,0.796
2,30,error,fast-adaptive-aimbot,flick,-inf,1,1
2,120,error,recoil-macro,spray,inf,0,0
2,120,error,recoil-macro,spray,2.4661242175865135,0,0.852
2,120,error,recoil-macro,spray,2.153340834920796,0.0002,0.874
2,120,error,recoil-macro,spray,1.9698564312236722,0.0004,0.888
2,120,error,recoil-macro,spray,1.9188028787383842,0.0006,0.888
2,120,error,recoil-macro,spray,1.7772890857327672,0.0008,0.896
2,120,error,recoil-macro,spray,1.715672114811223,0.001,0.9
2,120,error,recoil-macro,spray,1.6782947323410289,0.0012,0.906
2,120,error,recoil-macro,spray,1.5943703314946154,0.0014,0.92
2,120,error,recoil-macro,spray,1.5534070341030162,0.0016,0.922
2,120,error,recoil-macro,spray,1.4925837471617591,0.0018,0.932
2,120,error,recoil-macro,spray,1.4666460272857804,0.002,0.932
2,120,error,recoil-macro,spray,1.4175811772706337,0.0022,0.934
2,120,error,recoil-macro,spray,1.4156639632229708,0.0024,0.934
2,120,error,recoil-macro,spray,1.349433361335572,0.0026,0.934
2,120,error,recoil-macro,spray,1.3121346583973068,0.0028,0.934
2,120,error,recoil-macro,spray,1.2888291823076123,0.003,0.936
2,120,error,recoil-macro,spray,1.2687538582765425,0.0032,0.938
2,120,error,recoil-macro,spray,1.1861381433020557,0.0034,0.944
2,120,error,recoil-macro,spray,1.183258242878142,0.0036,0.946
2,120,error,recoil-macro,spray,1.16790642309659,0.0038,0.946
2,120,error,recoil-macro,spray,1.1021619354896672,0.004,0.948
2,120,error,recoil-macro,spray,1.101772580082025,0.0042,0.948
2,120,error,recoil-macro,spray,1.089674540636694,0.0044,0.948
2,120,error,recoil-macro,spray,1.064542382080263,0.0046,0.95
2,120,error,recoil-macro,spray,1.052987988349602,0.0048,0.95
2,120,error,recoil-macro,spray,1.0262302001437973,0.005,0.952
2,120,error,recoil-macro,spray,1.0176881960159654,0.0052,0.954
2,120,error,recoil-macro,spray,1.0165396474020265,0.0054,0.956
2,120,error,recoil-macro,spray,1.0082713893931414,0.0056,0.958
2,120,error,recoil-macro,spray,1.0047147344843088,0.0058,0.958
2,120,error,recoil-macro,spray,0.9867551744939282,0.006,0.958
2,120,error,recoil-macro,spray,0.9859005386285424,0.0062,0.958
2,120,error,recoil-macro,spray,0.984340797523762,0.0064,0.958
2,120,error,recoil-macro,spray,0.9717892046745861,0.0066,0.958
2,120,error,recoil-macro,spray,0.9438127897282204,0.0068,0.958
2,120,error,recoil-macro,spray,0.9390862298615367,0.007,0.958
2,120,error,recoil-macro,spray,0.9263958953242983,0.0072,0.958
2,120,error,recoil-macro,spray,0.9095664284728283,0.0074,0.958
2,120,error,recoil-macro,spray,0.8823149549314242,0.0076,0.96
2,120,error,recoil-macro,spray,0.8778258435782563,0.0078,0.96
2,120,error,recoil-macro,spray,0.8765122420008481,0.008,0.96
2,120,error,recoil-macro,spray,0.8590813559933056,0.0082,0.962
2,120,error,recoil-macro,spray,0.8079536609453746,0.0084,0.964
2,120,error,recoil-macro,spray,0.8056414530735744,0.0086,0.964
2,120,error,recoil-macro,spray,0.8041242297199385,0.0088,0.964
2,120,error,recoil-macro,spray,0.7808512079812119,0.009,0.964
2,120,error,recoil-macro,spray,0.7804561855599604,0.0092,0.964
2,120,error,recoil-macro,spray,0.7788997132728546,0.0094,0.964
2,120,error,recoil-macro,spray,0.7720687204230414,0.0096,0.966
2,120,error,recoil-macro,spray,0.7712211270084636,0.0098,0.966
2,120,error,recoil-macro,spray,0.7573578684668637,0.01,0.968
2,120,error,recoil-macro,spray,0.7541172582168265,0.0102,0.968
2,120,error,recoil-macro,spray,0.3169026732918817,0.0302,0.978
2,120,error,recoil-macro,spray,0.153470589304558,0.0502,0.988
2,120,error,recoil-macro,spray,0.07163607301034053,0.0704,0.994
2,120,error,recoil-macro,spray,0.028632345277226467,0.0906,0.998
2,120,error,recoil-macro,spray,0.008826927353971174,0.1106,0.998
2,120,error,recoil-macro,spray,0.001040855174966044,0.1308,1
2,120,error,recoil-macro,spray,-0.0005990253725884635,0.151,1
2,120,error,recoil-macro,spray,-0.007294150284349425,0.171,1
2,120,error,recoil-macro,spray,-0.01862207379354992,0.1912,1
2,120,error,recoil-macro,spray,-0.03494715269757345,0.2114,1
2,120,error,recoil-macro,spray,-0.0587017554798908,0.2316,1
2,120,error,recoil-macro,spray,-0.07996554259164959,0.2518,1
2,120,error,recoil-macro,spray,-0.10670623053969108,0.272,1
2,120,error,recoil-macro,spray,-0.13875617531519177,0.2922,1
2,120,error,recoil-macro,spray,-0.1732481420963309,0.3124,1
2,120,error,recoil-macro,spray,-0.2069107355656808,0.3326,1
2,120,error,recoil-macro,spray,-0.24175869594724989,0.3526,1
2,120,error,recoil-macro,spray,-0.2896553827172774,0.3728,1
2,120,error,recoil-macro,spray,-0.3318978459214334,0.393,1
2,120,error,recoil-macro,spray,-0.3732827690049749,0.4132,1
2,120,error,recoil-macro,spray,-0.42229433621946416,0.4334,1
2,120,error,recoil-macro,spray,-0.46850245150306546,0.4534,1
2,120,error,recoil-macro,spray,-0.5170079992958435,0.4736,1
2,120,error,recoil-macro,spray,-0.5699153069174197,0.4938,1
2,120,error,recoil-macro,spray,-0.6289008776506128,0.5138,1
2,120,error,recoil-macro,spray,-0.6920102702444222,0.5338,1
2,120,error,recoil-macro,spray,-0.7406144126969657,0.554,1
2,120,error,recoil-macro,spray,-0.7969653970453325,0.5742,1
2,120,error,recoil-macro,spray,-0.8650292354337934,0.5944,1
2,120,error,recoil-macro,spray,-0.9447462282440933,0.6146,1
2,120,error,recoil-macro,spray,-1.0102457133970053,0.6346,1
2,120,error,recoil-macro,spray,-1.0761037989321514,0.6548,1
2,120,error,recoil-macro,spray,-1.1531831199353835,0.675,1
2,120,error,recoil-macro,spray,-1.2372248634239946,0.6952,1
2,120,error,recoil-macro,spray,-1.3207617642648999,0.7154,1
2,120,error,recoil-macro,spray,-1.4206491343642316,0.7354,1
2,120,error,recoil-macro,spray,-1.5236072059402834,0.7556,1
2,120,error,recoil-macro,spray,-1.6419152349869364,0.7758,1
2,120,error,recoil-macro,spray,-1.7580360914121032,0.796,1
2,120,error,recoil-macro,spray,-1.8932612191768874,0.8162,1
2,120,error,recoil-macro,spray,-2.0480434172043447,0.8362,1
2,120,error,recoil-macro,spray,-2.236728074167337,0.8564,1
2,120,error,recoil-macro,spray,-2.447028848913614,0.8766,1
2,120,error,recoil-macro,spray,-2.6646946005792507,0.8968,1
2,120,error,recoil-macro,spray,-2.9462307270178854,0.917,1
2,120,error,recoil-macro,spray,-3.31961973223685,0.937,1
2,120,error,recoil-macro,spray,-3.9021273542531776,0.9572,1
2,120,error,recoil-macro,spray,-4.718053676867023,0.9774,1
2,120,error,recoil-macro,spray,-7.628211270522581,0.9976,1
2,120,error,recoil-macro,spray,-inf,1,1
2,120,error,flick-aimbot,flick,inf,0,0
2,120,error,flick-aimbot,flick,0.9747881443407992,0,1
2,120,error,flick-aimbot,flick,0.03478541968853701,0.0002,1
2,120,error,flick-aimbot,flick,-0.07841805751600041,0.0004,1
2,120,error,flick-aimbot,flick,-0.11440836499350451,0.0006,1
2,120,error,flick-aimbot,flick,-0.12132518438411409,0.0008,1
2,120,error,flick-aimbot,flick,-0.1262803816109726,0.001,1
2,120,error,flick-aimbot,flick,-0.13549042799519329,0.0012,1
2,120,error,flick-aimbot,flick,-0.1401798933611652,0.0014,1
2,120,error,flick-aimbot,flick,-0.1784298639545312,0.0016,1
2,120,error,flick-aimbot,flick,-0.18052770628881326,0.0018,1
2,120,error,flick-aimbot,flick,-0.21021391079490864,0.002,1
2,120,error,flick-aimbot,flick,-0.2234874770612433,0.0022,1
2,120,error,flick-aimbot,flick,-0.2530841272767849,0.0024,1
2,120,error,flick-aimbot,flick,-0.2593445324888241,0.0026,1
2,120,error,flick-aimbot,flick,-0.30340198854937456,0.0028,1
2,120,error,flick-aimbot,flick,-0.3478894569507846,0.003,1
2,120,error,flick-aimbot,flick,-0.3864210554515738,0.0032,1
2,120,error,flick-aimbot,flick,-0.39301923388948967,0.0034,1
2,120,error,flick-aimbot,flick,-0.3953966949050378,0.0036,1
2,120,error,flick-aimbot,flick,-0.41124504923565486,0.0038,1
2,120,error,flick-aimbot,flick,-0.41259834623880975,0.004,1
2,120,error,flick-aimbot,flick,-0.4439426750925027,0.0042,1
2,120,error,flick-aimbot,flick,-0.4570460464727479,0.0044,1
2,120,error,flick-aimbot,flick,-0.47883751685388054,0.0046,1
2,120,error,flick-aimbot,flick,-0.48282255797204476,0.0048,1
2,120,error,flick-aimbot,flick,-0.5172011071594311,0.005,1
2,120,error,flick-aimbot,flick,-0.5509259949714514,0.0052,1
2,120,error,flick-aimbot,flick,-0.5666933388531145,0.0054,1
2,120,error,flick-aimbot,flick,-0.5885225616417471,0.0056,1
2,120,error,flick-aimbot,flick,-0.6266588155477182,0.0058,1
2,120,error,flick-aimbot,flick,-0.6367111682003529,0.006,1
2,120,error,flick-aimbot,flick,-0.6467391357720509,0.0062,1
2,120,error,flick-aimbot,flick,-0.651129207778752,0.0064,1
2,120,error,flick-aimbot,flick,-0.6745826176401906,0.0066,1
2,120,error,flick-aimbot,flick,-0.7145136598570073,0.0068,1
2,120,error,flick-aimbot,flick,-0.7330743067800223,0.007,1
2,120,error,flick-aimbot,flick,-0.7566138824650273,0.0072,1
2,120,error,flick-aimbot,flick,-0.7637117548343414,0.0074,1
2,120,error,flick-aimbot,flick,-0.7756349761148124,0.0076,1
2,120,error,flick-aimbot,flick,-0.777118444746632,0.0078,1
2,120,error,flick-aimbot,flick,-0.7785625591063059,0.008,1
2,120,error,flick-aimbot,flick,-0.7840594524961791,0.0082,1
2,120,error,flick-aimbot,flick,-0.826638496673922,0.0084,1
2,120,error,flick-aimbot,flick,-0.8398197060949552,0.0086,1
2,120,error,flick-aimbot,flick,-0.8529075433090219,0.0088,1
2,120,error,flick-aimbot,flick,-0.8613426695128733,0.009,1
2,120,error,flick-aimbot,flick,-0.8760529354460836,0.0092,1
2,120,error,flick-aimbot,flick,-0.879893120907178,0.0094,1
2,120,error,flick-aimbot,flick,-0.8811551913650248,0.0096,1
2,120,error,flick-aimbot,flick,-0.8811940868818615,0.0098,1
2,120,error,flick-aimbot,flick,-0.9056863073299428,0.01,1
2,120,error,flick-aimbot,flick,-0.9079054782148751,0.0102,1
2,120,error,flick-aimbot,flick,-2.0551493940029055,0.0302,1
2,120,error,flick-aimbot,flick,-2.805377838040258,0.0502,1
2,120,error,flick-aimbot,flick,-3.319361015234597,0.0704,1
2,120,error,flick-aimbot,flick,-3.832703766209147,0.0906,1
2,120,error,flick-aimbot,flick,-4.211922546859785,0.1106,1
2,120,error,flick-aimbot,flick,-4.667545440920272,0.1308,1
2,120,error,flick-aimbot,flick,-5.067062399544759,0.151,1
2,120,error,flick-aimbot,flick,-5.417859552903591,0.171,1
2,120,error,flick-aimbot,flick,-5.805176592255465,0.1912,1
2,120,error,flick-aimbot,flick,-6.083552301362467,0.2114,1
2,120,error,flick-aimbot,flick,-6.386240666839925,0.2316,1
2,120,error,flick-aimbot,flick,-6.705494715864636,0.2518,1
2,120,error,flick-aimbot,flick,-7.014636426253889,0.272,1
2,120,error,flick-aimbot,flick,-7.287149696889689,0.2922,1
2,120,error,flick-aimbot,flick,-7.566141997799814,0.3124,1
2,120,error,flick-aimbot,flick,-7.852746832793564,0.3326,1
2,120,error,flick-aimbot,flick,-8.133370448664554,0.3526,1
2,120,error,flick-aimbot,flick,-8.417238468572393,0.3728,1
2,120,error,flick-aimbot,flick,-8.683179925042563,0.393,1
2,120,error,flick-aimbot,flick,-8.972808399305807,0.4132,1
2,120,error,flick-aimbot,flick,-9.251890687861023,0.4334,1
2,120,error,flick-aimbot,flick,-9.544538716916081,0.4534,1
2,120,error,flick-aimbot,flick,-9.8111830159696,0.4736,1
2,120,error,flick-aimbot,flick,-10.077569613507647,0.4938,1
2,120,error,flick-aimbot,flick,-10.370628617025988,0.5138,1
2,120,error,flick-aimbot,flick,-10.657858817571311,0.5338,1
2,120,error,flick-aimbot,flick,-10.963543907359792,0.554,1
2,120,error,flick-aimbot,flick,-11.304453657884668,0.5742,1
2,120,error,flick-aimbot,flick,-11.588276295099247,0.5944,1
2,120,error,flick-aimbot,flick,-11.964957008362093,0.6146,1
2,120,error,flick-aimbot,flick,-12.306614140728161,0.6346,1
2,120,error,flick-aimbot,flick,-12.670069601796547,0.6548,1
2,120,error,flick-aimbot,flick,-13.027196817255824,0.675,1
2,120,error,flick-aimbot,flick,-13.40273185746981,0.6952,1
2,120,error,flick-aimbot,flick,-13.800172082244599,0.7154,1
2,120,error,flick-aimbot,flick,-14.20018142081255,0.7354,1
2,120,error,flick-aimbot,flick,-14.693392707193803,0.7556,1
2,120,error,flick-aimbot,flick,-15.104835141203864,0.7758,1
2,120,error,flick-aimbot,flick,-15.598456040292398,0.796,1
2,120,error,flick-aimbot,flick,-16.10363132594018,0.8162,1
2,120,error,flick-aimbot,flick,-16.63781215192076,0.8362,1
2,120,error,flick-aimbot,flick,-17.22269287120899,0.8564,1
2,120,error,flick-aimbot,flick,-17.851119039097938,0.8766,1
2,120,error,flick-aimbot,flick,-18.655131014150623,0.8968,1
2,120,error,flick-aimbot,flick,-19.49640425499444,0.917,1
2,120,error,flick-aimbot,flick,-20.60245371352968,0.937,1
2,120,error,flick-aimbot,flick,-22.004662814925727,0.9572,1
2,120,error,flick-aimbot,flick,-24.39527978235954,0.9774,1
2,120,error,flick-aimbot,flick,-31.04860607652501,0.9976,1
2,120,error,flick-aimbot,flick,-inf,1,1
2,120,error,humanised-aimbot,flick,inf,0,0
2,120,error,humanised-aimbot,flick,0.9747881443407992,0,1
2,120,error,humanised-aimbot,flick,0.03478541968853701,0.0002,1
2,120,error,humanised-aimbot,flick,-0.07841805751600041,0.0004,1
2,120,error,humanised-aimbot,flick,-0.11440836499350451,0.0006,1
2,120,error,humanised-aimbot,flick,-0.12132518438411409,0.0008,1
2,120,error,humanised-aimbot,flick,-0.1262803816109726,0.001,1
2,120,error,humanised-aimbot,flick,-0.13549042799519329,0.0012,1
2,120,error,humanised-aimbot,flick,-0.1401798933611652,0.0014,1
2,120,error,humanised-aimbot,flick,-0.1784298639545312,0.0016,1
2,120,error,humanised-aimbot,flick,-0.18052770628881326,0.0018,1
2,120,error,humanised-aimbot,flick,-0.21021391079490864,0.002,1
2,120,error,humanised-aimbot,flick,-0.2234874770612433,0.0022,1
2,120,error,humanised-aimbot,flick,-0.2530841272767849,0.0024,1
2,120,error,humanised-aimbot,flick,-0.2593445324888241,0.0026,1
2,120,error,humanised-aimbot,flick,-0.30340198854937456,0.0028,1
2,120,error,humanised-aimbot,flick,-0.3478894569507846,0.003,1
2,120,error,humanised-aimbot,flick,-0.3864210554515738,0.0032,1
2,120,error,humanised-aimbot,flick,-0.39301923388948967,0.0034,1
2,120,error,humanised-aimbot,flick,-0.3953966949050378,0.0036,1
2,120,error,humanised-aimbot,flick,-0.41124504923565486,0.0038,1
2,120,error,humanised-aimbot,flick,-0.41259834623880975,0.004,1
2,120,error,humanised-aimbot,flick,-0.4439426750925027,0.0042,1
2,120,error,humanised-aimbot,flick,-0.4570460464727479,0.0044,1
2,120,error,humanised-aimbot,flick,-0.47883751685388054,0.0046,1
2,120,error,humanised-aimbot,flick,-0.48282255797204476,0.0048,1
2,120,error,humanised-aimbot,flick,-0.5172011071594311,0.005,1
2,120,error,humanised-aimbot,flick,-0.5509259949714514,0.0052,1
2,120,error,humanised-aimbot,flick,-0.5666933388531145,0.0054,1
2,120,error,humanised-aimbot,flick,-0.5885225616417471,0.0056,1
2,120,error,humanised-aimbot,flick,-0.6266588155477182,0.0058,1
2,120,error,humanised-aimbot,flick,-0.6367111682003529,0.006,1
2,120,error,humanised-aimbot,flick,-0.6467391357720509,0.0062,1
2,120,error,humanised-aimbot,flick,-0.651129207778752,0.0064,1
2,120,error,humanised-aimbot,flick,-0.6745826176401906,0.0066,1
2,120,error,humanised-aimbot,flick,-0.7145136598570073,0.0068,1
2,120,error,humanised-aimbot,flick,-0.7330743067800223,0.007,1
2,120,error,humanised-aimbot,flick,-0.7566138824650273,0.0072,1
2,120,error,humanised-aimbot,flick,-0.7637117548343414,0.0074,1
2,120,error,humanised-aimbot,flick,-0.7756349761148124,0.0076,1
2,120,error,humanised-aimbot,flick,-0.777118444746632,0.0078,1
2,120,error,humanised-aimbot,flick,-0.7785625591063059,0.008,1
2,120,error,humanised-aimbot,flick,-0.7840594524961791,0.0082,1
2,120,error,humanised-aimbot,flick,-0.826638496673922,0.0084,1
2,120,error,humanised-aimbot,flick,-0.8398197060949552,0.0086,1
2,120,error,humanised-aimbot,flick,-0.8529075433090219,0.0088,1
2,120,error,humanised-aimbot,flick,-0.8613426695128733,0.009,1
2,120,error,humanised-aimbot,flick,-0.8760529354460836,0.0092,1
2,120,error,humanised-aimbot,flick,-0.879893120907178,0.0094,1
2,120,error,humanised-aimbot,flick,-0.8811551913650248,0.0096,1
2,120,error,humanised-aimbot,flick,-0.8811940868818615,0.0098,1
2,120,error,humanised-aimbot,flick,-0.9056863073299428,0.01,1
2,120,error,humanised-aimbot,flick,-0.9079054782148751,0.0102,1
2,120,error,humanised-aimbot,flick,-2.0551493940029055,0.0302,1
2,120,error,humanised-aimbot,flick,-2.805377838040258,0.0502,1
2,120,error,humanised-aimbot,flick,-3.319361015234597,0.0704,1
2,120,error,humanised-aimbot,flick,-3.832703766209147,0.0906,1
2,120,error,humanised-aimbot,flick,-4.211922546859785,0.1106,1
2,120,error,humanised-aimbot,flick,-4.667545440920272,0.1308,1
2,120,error,humanised-aimbot,flick,-5.067062399544759,0.151,1
2,120,error,humanised-aimbot,flick,-5.417859552903591,0.171,1
2,120,error,humanised-aimbot,flick,-5.805176592255465,0.1912,1
2,120,error,humanised-aimbot,flick,-6.083552301362467,0.2114,1
2,120,error,humanised-aimbot,flick,-6.386240666839925,0.2316,1
2,120,error,humanised-aimbot,flick,-6.705494715864636,0.2518,1
2,120,error,humanised-aimbot,flick,-7.014636426253889,0.272,1
2,120,error,humanised-aimbot,flick,-7.287149696889689,0.2922,1
2,120,error,humanised-aimbot,flick,-7.566141997799814,0.3124,1
2,120,error,humanised-aimbot,flick,-7.852746832793564,0.3326,1
2,120,error,humanised-aimbot,flick,-8.133370448664554,0.3526,1
2,120,error,humanised-aimbot,flick,-8.417238468572393,0.3728,1
2,120,error,humanised-aimbot,flick,-8.683179925042563,0.393,1
2,120,error,humanised-aimbot,flick,-8.972808399305807,0.4132,1
2,120,error,humanised-aimbot,flick,-9.251890687861023,0.4334,1
2,120,error,humanised-aimbot,flick,-9.544538716916081,0.4534,1
2,120,error,humanised-aimbot,flick,-9.8111830159696,0.4736,1
2,120,error,humanised-aimbot,flick,-10.077569613507647,0.4938,1
2,120,error,humanised-aimbot,flick,-10.370628617025988,0.5138,1
2,120,error,humanised-aimbot,flick,-10.657858817571311,0.5338,1
2,120,error,humanised-aimbot,flick,-10.963543907359792,0.554,1
2,120,error,humanised-aimbot,flick,-11.304453657884668,0.5742,1
2,120,error,humanised-aimbot,flick,-11.588276295099247,0.5944,1
2,120,error,humanised-aimbot,flick,-11.964957008362093,0.6146,1
2,120,error,humanised-aimbot,flick,-12.306614140728161,0.6346,1
2,120,error,humanised-aimbot,flick,-12.670069601796547,0.6548,1
2,120,error,humanised-aimbot,flick,-13.027196817255824,0.675,1
2,120,error,humanised-aimbot,flick,-13.40273185746981,0.6952,1
2,120,error,humanised-aimbot,flick,-13.800172082244599,0.7154,1
2,120,error,humanised-aimbot,flick,-14.20018142081255,0.7354,1
2,120,error,humanised-aimbot,flick,-14.693392707193803,0.7556,1
2,120,error,humanised-aimbot,flick,-15.104835141203864,0.7758,1
2,120,error,humanised-aimbot,flick,-15.598456040292398,0.796,1
2,120,error,humanised-aimbot,flick,-16.10363132594018,0.8162,1
2,120,error,humanised-aimbot,flick,-16.63781215192076,0.8362,1
2,120,error,humanised-aimbot,flick,-17.22269287120899,0.8564,1
2,120,error,humanised-aimbot,flick,-17.851119039097938,0.8766,1
2,120,error,humanised-aimbot,flick,-18.655131014150623,0.8968,1
2,120,error,humanised-aimbot,flick,-19.49640425499444,0.917,1
2,120,error,humanised-aimbot,flick,-20.60245371352968,0.937,1
2,120,error,humanised-aimbot,flick,-22.004662814925727,0.9572,1
2,120,error,humanised-aimbot,flick,-24.39527978235954,0.9774,1
2,120,error,humanised-aimbot,flick,-31.04860607652501,0.9976,1
2,120,error,humanised-aimbot,flick,-inf,1,1
2,120,error,adaptive-aimbot,flick,inf,0,0
2,120,error,adaptive-aimbot,flick,0.9747881443407992,0,0.806
2,120,error,adaptive-aimbot,flick,0.03478541968853701,0.0002,0.914
2,120,error,adaptive-aimbot,flick,-0.07841805751600041,0.0004,0.962
2,120,error,adaptive-aimbot,flick,-0.11440836499350451,0.0006,0.968
2,120,error,adaptive-aimbot,flick,-0.12132518438411409,0.0008,0.968
2,120,error,adaptive-aimbot,flick,-0.1262803816109726,0.001,0.968
2,120,error,adaptive-aimbot,flick,-0.13549042799519329,0.0012,0.968
2,120,error,adaptive-aimbot,flick,-0.1401798933611652,0.0014,0.968
2,120,error,adaptive-aimbot,flick,-0.1784298639545312,0.0016,0.97
2,120,error,adaptive-aimbot,flick,-0.18052770628881326,0.0018,0.97
2,120,error,adaptive-aimbot,flick,-0.21021391079490864,0.002,0.97
2,120,error,adaptive-aimbot,flick,-0.2234874770612433,0.0022,0.97
2,120,error,adaptive-aimbot,flick,-0.2530841272767849,0.0024,0.972
2,120,error,adaptive-aimbot,flick,-0.2593445324888241,0.0026,0.972
2,120,error,adaptive-aimbot,flick,-0.30340198854937456,0.0028,0.974
2,120,error,adaptive-aimbot,flick,-0.3478894569507846,0.003,0.976
2,120,error,adaptive-aimbot,flick,-0.3864210554515738,0.0032,0.978
2,120,error,adaptive-aimbot,flick,-0.39301923388948967,0.0034,0.978
2,120,error,adaptive-aimbot,flick,-0.3953966949050378,0.0036,0.978
2,120,error,adaptive-aimbot,flick,-0.41124504923565486,0.0038,0.978
2,120,error,adaptive-aimbot,flick,-0.41259834623880975,0.004,0.978
2,120,error,adaptive-aimbot,flick,-0.4439426750925027,0.0042,0.98
2,120,error,adaptive-aimbot,flick,-0.4570460464727479,0.0044,0.98
2,120,error,adaptive-aimbot,flick,-0.47883751685388054,0.0046,0.982
2,120,error,adaptive-aimbot,flick,-0.48282255797204476,0.0048,0.982
2,120,error,adaptive-aimbot,flick,-0.5172011071594311,0.005,0.984
2,120,error,adaptive-aimbot,flick,-0.5509259949714514,0.0052,0.984
2,120,error,adaptive-aimbot,flick,-0.5666933388531145,0.0054,0.984
2,120,error,adaptive-aimbot,flick,-0.5885225616417471,0.0056,0.984
2,120,error,adaptive-aimbot,flick,-0.6266588155477182,0.0058,0.984
2,120,error,adaptive-aimbot,flick,-0.6367111682003529,0.006,0.984
2,120,error,adaptive-aimbot,flick,-0.6467391357720509,0.0062,0.984
2,120,error,adaptive-aimbot,flick,-0.651129207778752,0.0064,0.984
2,120,error,adaptive-aimbot,flick,-0.6745826176401906,0.0066,0.984
2,120,error,adaptive-aimbot,flick,-0.7145136598570073,0.0068,0.984
2,120,error,adaptive-aimbot,flick,-0.7330743067800223,0.007,0.984
2,120,error,adaptive-aimbot,flick,-0.7566138824650273,0.0072,0.984
2,120,error,adaptive-aimbot,flick,-0.7637117548343414,0.0074,0.984
2,120,error,adaptive-aimbot,flick,-0.7756349761148124,0.0076,0.984
2,120,error,adaptive-aimbot,flick,-0.777118444746632,0.0078,0.984
2,120,error,adaptive-aimbot,flick,-0.7785625591063059,0.008,0.984
2,120,error,adaptive-aimbot,flick,-0.7840594524961791,0.0082,0.984
2,120,error,adaptive-aimbot,flick,-0.826638496673922,0.0084,0.984
2,120,error,adaptive-aimbot,flick,-0.8398197060949552,0.0086,0.984
2,120,error,adaptive-aimbot,flick,-0.8529075433090219,0.0088,0.986
2,120,error,adaptive-aimbot,flick,-0.8613426695128733,0.009,0.986
2,120,error,adaptive-aimbot,flick,-0.8760529354460836,0.0092,0.986
2,120,error,adaptive-aimbot,flick,-0.879893120907178,0.0094,0.986
2,120,error,adaptive-aimbot,flick,-0.8811551913650248,0.0096,0.986
2,120,error,adaptive-aimbot,flick,-0.8811940868818615,0.0098,0.986
2,120,error,adaptive-aimbot,flick,-0.9056863073299428,0.01,0.986
2,120,error,adaptive-aimbot,flick,-0.9079054782148751,0.0102,0.986
2,120,error,adaptive-aimbot,flick,-2.0551493940029055,0.0302,0.992
2,120,error,adaptive-aimbot,flick,-2.805377838040258,0.0502,0.994
2,120,error,adaptive-aimbot,flick,-3.319361015234597,0.0704,0.994
2,120,error,adaptive-aimbot,flick,-3.832703766209147,0.0906,0.994
2,120,error,adaptive-aimbot,flick,-4.211922546859785,0.1106,0.996
2,120,error,adaptive-aimbot,flick,-4.667545440920272,0.1308,0.996
2,120,error,adaptive-aimbot,flick,-5.067062399544759,0.151,0.998
2,120,error,adaptive-aimbot,flick,-5.417859552903591,0.171,0.998
2,120,error,adaptive-aimbot,flick,-5.805176592255465,0.1912,0.998
2,120,error,adaptive-aimbot,flick,-6.083552301362467,0.2114,1
2,120,error,adaptive-aimbot,flick,-6.386240666839925,0.2316,1
2,120,error,adaptive-aimbot,flick,-6.705494715864636,0.2518,1
2,120,error,adaptive-aimbot,flick,-7.014636426253889,0.272,1
2,120,error,adaptive-aimbot,flick,-7.287149696889689,0.2922,1
2,120,error,adaptive-aimbot,flick,-7.566141997799814,0.3124,1
2,120,error,adaptive-aimbot,flick,-7.852746832793564,0.3326,1
2,120,error,adaptive-aimbot,flick,-8.133370448664554,0.3526,1
2,120,error,adaptive-aimbot,flick,-8.417238468572393,0.3728,1
2,120,error,adaptive-aimbot,flick,-8.683179925042563,0.393,1
2,120,error,adaptive-aimbot,flick,-8.972808399305807,0.4132,1
2,120,error,adaptive-aimbot,flick,-9.251890687861023,0.4334,1
2,120,error,adaptive-aimbot,flick,-9.544538716916081,0.4534,1
2,120,error,adaptive-aimbot,flick,-9.8111830159696,0.4736,1
2,120,error,adaptive-aimbot,flick,-10.077569613507647,0.4938,1
2,120,error,adaptive-aimbot,flick,-10.370628617025988,0.5138,1
2,120,error,adaptive-aimbot,flick,-10.657858817571311,0.5338,1
2,120,error,adaptive-aimbot,flick,-10.963543907359792,0.554,1
2,120,error,adaptive-aimbot,flick,-11.304453657884668,0.5742,1
2,120,error,adaptive-aimbot,flick,-11.588276295099247,0.5944,1
2,120,error,adaptive-aimbot,flick,-11.964957008362093,0.6146,1
2,120,error,adaptive-aimbot,flick,-12.306614140728161,0.6346,1
2,120,error,adaptive-aimbot,flick,-12.670069601796547,0.6548,1
2,120,error,adaptive-aimbot,flick,-13.027196817255824,0.675,1
2,120,error,adaptive-aimbot,flick,-13.40273185746981,0.6952,1
2,120,error,adaptive-aimbot,flick,-13.800172082244599,0.7154,1
2,120,error,adaptive-aimbot,flick,-14.20018142081255,0.7354,1
2,120,error,adaptive-aimbot,flick,-14.693392707193803,0.7556,1
2,120,error,adaptive-aimbot,flick,-15.104835141203864,0.7758,1
2,120,error,adaptive-aimbot,flick,-15.598456040292398,0.796,1
2,120,error,adaptive-aimbot,flick,-16.10363132594018,0.8162,1
2,120,error,adaptive-aimbot,flick,-16.63781215192076,0.8362,1
2,120,error,adaptive-aimbot,flick,-17.22269287120899,0.8564,1
2,120,error,adaptive-aimbot,flick,-17.851119039097938,0.8766,1
2,120,error,adaptive-aimbot,flick,-18.655131014150623,0.8968,1
2,120,error,adaptive-aimbot,flick,-19.49640425499444,0.917,1
2,120,error,adaptive-aimbot,flick,-20.60245371352968,0.937,1
2,120,error,adaptive-aimbot,flick,-22.004662814925727,0.9572,1
2,120,error,adaptive-aimbot,flick,-24.39527978235954,0.9774,1
2,120,error,adaptive-aimbot,flick,-31.04860607652501,0.9976,1
2,120,error,adaptive-aimbot,flick,-inf,1,1
2,120,error,smoothing-aimbot,flick,inf,0,0
2,120,error,smoothing-aimbot,flick,0.9747881443407992,0,0
2,120,error,smoothing-aimbot,flick,0.03478541968853701,0.0002,0
2,120,error,smoothing-aimbot,flick,-0.07841805751600041,0.0004,0
2,120,error,smoothing-aimbot,flick,-0.11440836499350451,0.0006,0
2,120,error,smoothing-aimbot,flick,-0.12132518438411409,0.0008,0
2,120,error,smoothing-aimbot,flick,-0.1262803816109726,0.001,0
2,120,error,smoothing-aimbot,flick,-0.13549042799519329,0.0012,0
2,120,error,smoothing-aimbot,flick,-0.1401798933611652,0.0014,0
2,120,error,smoothing-aimbot,flick,-0.1784298639545312,0.0016,0
2,120,error,smoothing-aimbot,flick,-0.18052770628881326,0.0018,0
2,120,error,smoothing-aimbot,flick,-0.21021391079490864,0.002,0
2,120,error,smoothing-aimbot,flick,-0.2234874770612433,0.0022,0
2,120,error,smoothing-aimbot,flick,-0.2530841272767849,0.0024,0
2,120,error,smoothing-aimbot,flick,-0.2593445324888241,0.0026,0
2,120,error,smoothing-aimbot,flick,-0.30340198854937456,0.0028,0
2,120,error,smoothing-aimbot,flick,-0.3478894569507846,0.003,0
2,120,error,smoothing-aimbot,flick,-0.3864210554515738,0.0032,0
2,120,error,smoothing-aimbot,flick,-0.39301923388948967,0.0034,0
2,120,error,smoothing-aimbot,flick,-0.3953966949050378,0.0036,0
2,120,error,smoothing-aimbot,flick,-0.41124504923565486,0.0038,0
2,120,error,smoothing-aimbot,flick,-0.41259834623880975,0.004,0
2,120,error,smoothing-aimbot,flick,-0.4439426750925027,0.0042,0
2,120,error,smoothing-aimbot,flick,-0.4570460464727479,0.0044,0
2,120,error,smoothing-aimbot,flick,-0.47883751685388054,0.0046,0
2,120,error,smoothing-aimbot,flick,-0.48282255797204476,0.0048,0
2,120,error,smoothing-aimbot,flick,-0.5172011071594311,0.005,0
2,120,error,smoothing-aimbot,flick,-0.5509259949714514,0.0052,0
2,120,error,smoothing-aimbot,flick,-0.5666933388531145,0.0054,0
2,120,error,smoothing-aimbot,flick,-0.5885225616417471,0.0056,0
2,120,error,smoothing-aimbot,flick,-0.6266588155477182,0.0058,0
2,120,error,smoothing-aimbot,flick,-0.6367111682003529,0.006,0
2,120,error,smoothing-aimbot,flick,-0.6467391357720509,0.0062,0
2,120,error,smoothing-aimbot,flick,-0.651129207778752,0.0064,0
2,120,error,smoothing-aimbot,flick,-0.6745826176401906,0.0066,0
2,120,error,smoothing-aimbot,flick,-0.7145136598570073,0.0068,0
2,120,error,smoothing-aimbot,flick,-0.7330743067800223,0.007,0
2,120,error,smoothing-aimbot,flick,-0.7566138824650273,0.0072,0
2,120,error,smoothing-aimbot,flick,-0.7637117548343414,0.0074,0
2,120,error,smoothing-aimbot,flick,-0.7756349761148124,0.0076,0
2,120,error,smoothing-aimbot,flick,-0.777118444746632,0.0078,0
2,120,error,smoothing-aimbot,flick,-0.7785625591063059,0.008,0
2,120,error,smoothing-aimbot,flick,-0.7840594524961791,0.0082,0
2,120,error,smoothing-aimbot,flick,-0.826638496673922,0.0084,0
2,120,error,smoothing-aimbot,flick,-0.8398197060949552,0.0086,0
2,120,error,smoothing-aimbot,flick,-0.8529075433090219,0.0088,0
2,120,error,smoothing-aimbot,flick,-0.8613426695128733,0.009,0
2,120,error,smoothing-aimbot,flick,-0.8760529354460836,0.0092,0
2,120,error,smoothing-aimbot,flick,-0.879893120907178,0.0094,0
2,120,error,smoothing-aimbot,flick,-0.8811551913650248,0.0096,0
2,120,error,smoothing-aimbot,flick,-0.8811940868818615,0.0098,0
2,120,error,smoothing-aimbot,flick,-0.9056863073299428,0.01,0
2,120,error,smoothing-aimbot,flick,-0.9079054782148751,0.0102,0
2,120,error,smoothing-aimbot,flick,-2.0551493940029055,0.0302,0
2,120,error,smoothing-aimbot,flick,-2.805377838040258,0.0502,0
2,120,error,smoothing-aimbot,flick,-3.319361015234597,0.0704,0
2,120,error,smoothing-aimbot,flick,-3.832703766209147,0.0906,0
2,120,error,smoothing-aimbot,flick,-4.211922546859785,0.1106,0
2,120,error,smoothing-aimbot,flick,-4.667545440920272,0.1308,0
2,120,error,smoothing-aimbot,flick,-5.067062399544759,0.151,0
2,120,error,smoothing-aimbot,flick,-5.417859552903591,0.171,0
2,120,error,smoothing-aimbot,flick,-5.805176592255465,0.1912,0
2,120,error,smoothing-aimbot,flick,-6.083552301362467,0.2114,0
2,120,error,smoothing-aimbot,flick,-6.386240666839925,0.2316,0
2,120,error,smoothing-aimbot,flick,-6.705494715864636,0.2518,0
2,120,error,smoothing-aimbot,flick,-7.014636426253889,0.272,0
2,120,error,smoothing-aimbot,flick,-7.287149696889689,0.2922,0
2,120,error,smoothing-aimbot,flick,-7.566141997799814,0.3124,0.002
2,120,error,smoothing-aimbot,flick,-7.852746832793564,0.3326,0.002
2,120,error,smoothing-aimbot,flick,-8.133370448664554,0.3526,0.002
2,120,error,smoothing-aimbot,flick,-8.417238468572393,0.3728,0.002
2,120,error,smoothing-aimbot,flick,-8.683179925042563,0.393,0.002
2,120,error,smoothing-aimbot,flick,-8.972808399305807,0.4132,0.002
2,120,error,smoothing-aimbot,flick,-9.251890687861023,0.4334,0.002
2,120,error,smoothing-aimbot,flick,-9.544538716916081,0.4534,0.002
2,120,error,smoothing-aimbot,flick,-9.8111830159696,0.4736,0.002
2,120,error,smoothing-aimbot,flick,-10.077569613507647,0.4938,0.002
2,120,error,smoothing-aimbot,flick,-10.370628617025988,0.5138,0.002
2,120,error,smoothing-aimbot,flick,-10.657858817571311,0.5338,0.002
2,120,error,smoothing-aimbot,flick,-10.963543907359792,0.554,0.004
2,120,error,smoothing-aimbot,flick,-11.304453657884668,0.5742,0.004
2,120,error,smoothing-aimbot,flick,-11.588276295099247,0.5944,0.004
2,120,error,smoothing-aimbot,flick,-11.964957008362093,0.6146,0.004
2,120,error,smoothing-aimbot,flick,-12.306614140728161,0.6346,0.004
2,120,error,smoothing-aimbot,flick,-12.670069601796547,0.6548,0.004
2,120,error,smoothing-aimbot,flick,-13.027196817255824,0.675,0.004
2,120,error,smoothing-aimbot,flick,-13.40273185746981,0.6952,0.004
2,120,error,smoothing-aimbot,flick,-13.800172082244599,0.7154,0.004
2,120,error,smoothing-aimbot,flick,-14.20018142081255,0.7354,0.004
2,120,error,smoothing-aimbot,flick,-14.693392707193803,0.7556,0.004
2,120,error,smoothing-aimbot,flick,-15.104835141203864,0.7758,0.004
2,120,error,smoothing-aimbot,flick,-15.598456040292398,0.796,0.004
2,120,error,smoothing-aimbot,flick,-16.10363132594018,0.8162,0.004
2,120,error,smoothing-aimbot,flick,-16.63781215192076,0.8362,0.006
2,120,error,smoothing-aimbot,flick,-17.22269287120899,0.8564,0.006
2,120,error,smoothing-aimbot,flick,-17.851119039097938,0.8766,0.006
2,120,error,smoothing-aimbot,flick,-18.655131014150623,0.8968,0.006
2,120,error,smoothing-aimbot,flick,-19.49640425499444,0.917,0.006
2,120,error,smoothing-aimbot,flick,-20.60245371352968,0.937,0.006
2,120,error,smoothing-aimbot,flick,-22.004662814925727,0.9572,0.008
2,120,error,smoothing-aimbot,flick,-24.39527978235954,0.9774,0.016
2,120,error,smoothing-aimbot,flick,-31.04860607652501,0.9976,0.034
2,120,error,smoothing-aimbot,flick,-inf,1,1
2,120,steps,smoothing-aimbot,flick,inf,0,0
2,120,steps,smoothing-aimbot,flick,0.8504338498974096,0,1
2,120,steps,smoothing-aimbot,flick,0.8035951643512176,0.0002,1
2,120,steps,smoothing-aimbot,flick,0.7991019961539557,0.0004,1
2,120,steps,smoothing-aimbot,flick,0.5240719587273048,0.0006,1
2,120,steps,smoothing-aimbot,flick,0.4745590833975261,0.0008,1
2,120,steps,smoothing-aimbot,flick,0.4642447799397024,0.001,1
2,120,steps,smoothing-aimbot,flick,0.4550197209998164,0.0012,1
2,120,steps,smoothing-aimbot,flick,0.44104350639311735,0.0014,1
2,120,steps,smoothing-aimbot,flick,0.43901198152630033,0.0016,1
2,120,steps,smoothing-aimbot,flick,0.4159506308841929,0.0018,1
2,120,steps,smoothing-aimbot,flick,0.40620476211362616,0.002,1
2,120,steps,smoothing-aimbot,flick,0.38547483252343656,0.0022,1
2,120,steps,smoothing-aimbot,flick,0.37657929663178363,0.0024,1
2,120,steps,smoothing-aimbot,flick,0.37401105295339415,0.0026,1
2,120,steps,smoothing-aimbot,flick,0.36900470062208907,0.0028,1
2,120,steps,smoothing-aimbot,flick,0.3591225761002629,0.003,1
2,120,steps,smoothing-aimbot,flick,0.3517738498273858,0.0032,1
2,120,steps,smoothing-aimbot,flick,0.35077987726473153,0.0034,1
2,120,steps,smoothing-aimbot,flick,0.33948677990904297,0.0036,1
2,120,steps,smoothing-aimbot,flick,0.3296170166525861,0.0038,1
2,120,steps,smoothing-aimbot,flick,0.32419107225594884,0.004,1
2,120,steps,smoothing-aimbot,flick,0.32295558285828074,0.0042,1
2,120,steps,smoothing-aimbot,flick,0.3073627488936528,0.0044,1
2,120,steps,smoothing-aimbot,flick,0.2982389215958671,0.0046,1
2,120,steps,smoothing-aimbot,flick,0.2955837133875891,0.0048,1
2,120,steps,smoothing-aimbot,flick,0.27936754044284534,0.005,1
2,120,steps,smoothing-aimbot,flick,0.27444302709750346,0.0052,1
2,120,steps,smoothing-aimbot,flick,0.2739105968927402,0.0054,1
2,120,steps,smoothing-aimbot,flick,0.27381475862786636,0.0056,1
2,120,steps,smoothing-aimbot,flick,0.27341998993116984,0.0058,1
2,120,steps,smoothing-aimbot,flick,0.27092250525449746,0.006,1
2,120,steps,smoothing-aimbot,flick,0.2685822605762333,0.0062,1
2,120,steps,smoothing-aimbot,flick,0.2609137717746384,0.0064,1
2,120,steps,smoothing-aimbot,flick,0.25520284596285026,0.0066,1
2,120,steps,smoothing-aimbot,flick,0.2492486874388128,0.0068,1
2,120,steps,smoothing-aimbot,flick,0.2427525605328482,0.007,1
2,120,steps,smoothing-aimbot,flick,0.24060197122004628,0.0072,1
2,120,steps,smoothing-aimbot,flick,0.23866305946022998,0.0074,1
2,120,steps,smoothing-aimbot,flick,0.23638767149345413,0.0076,1
2,120,steps,smoothing-aimbot,flick,0.22818232367453636,0.0078,1
2,120,steps,smoothing-aimbot,flick,0.22637921082705403,0.008,1
2,120,steps,smoothing-aimbot,flick,0.22589126318039743,0.0082,1
2,120,steps,smoothing-aimbot,flick,0.2252650694134681,0.0084,1
2,120,steps,smoothing-aimbot,flick,0.22076239111432588,0.0086,1
2,120,steps,smoothing-aimbot,flick,0.21982154519075323,0.0088,1
2,120,steps,smoothing-aimbot,flick,0.21695798857605142,0.009,1
2,120,steps,smoothing-aimbot,flick,0.21569649028239438,0.0092,1
2,120,steps,smoothing-aimbot,flick,0.21402491580709998,0.0094,1
2,120,steps,smoothing-aimbot,flick,0.2124689416576694,0.0096,1
2,120,steps,smoothing-aimbot,flick,0.2030350245984449,0.0098,1
2,120,steps,smoothing-aimbot,flick,0.20302360604404063,0.01,1
2,120,steps,smoothing-aimbot,flick,0.20092871104022045,0.0102,1
2,120,steps,smoothing-aimbot,flick,0.10278476892282659,0.0302,1
2,120,steps,smoothing-aimbot,flick,0.07354265915636267,0.0502,1
2,120,steps,smoothing-aimbot,flick,0.0527529433191257,0.0704,1
2,120,steps,smoothing-aimbot,flick,0.038025688027388385,0.0906,1
2,120,steps,smoothing-aimbot,flick,0.028218133374400527,0.1106,1
2,120,steps,smoothing-aimbot,flick,0.020042054429451915,0.1308,1
2,120,steps,smoothing-aimbot,flick,0.013670024192681799,0.151,1
2,120,steps,smoothing-aimbot,flick,0.008859680449844325,0.171,1
2,120,steps,smoothing-aimbot,flick,0.005328258717513171,0.1912,1
2,120,steps,smoothing-aimbot,flick,0.0027282407478058097,0.2114,1
2,120,steps,smoothing-aimbot,flick,0.0011195265801754028,0.2316,1
2,120,steps,smoothing-aimbot,flick,0.00014552300396501085,0.2518,1
2,120,steps,smoothing-aimbot,flick,-0.00000003800766110210027,0.7268,1
2,120,steps,smoothing-aimbot,flick,-0.00029322047567377854,0.7468,1
2,120,steps,smoothing-aimbot,flick,-0.0016503932039389194,0.7668,1
2,120,steps,smoothing-aimbot,flick,-0.0036545579017071136,0.7868,1
2,120,steps,smoothing-aimbot,flick,-0.006511032949807329,0.807,1
2,120,steps,smoothing-aimbot,flick,-0.010903575326776854,0.8272,1
2,120,steps,smoothing-aimbot,flick,-0.015979457224015843,0.8474,1
2,120,steps,smoothing-aimbot,flick,-0.022785213282828436,0.8676,1
2,120,steps,smoothing-aimbot,flick,-0.031460926343597706,0.8878,1
2,120,steps,smoothing-aimbot,flick,-0.04438491632547264,0.9078,1
2,120,steps,smoothing-aimbot,flick,-0.05960797397335032,0.928,1
2,120,steps,smoothing-aimbot,flick,-0.0825110674212527,0.9482,1
2,120,steps,smoothing-aimbot,flick,-0.12072634664541414,0.9684,1
2,120,steps,smoothing-aimbot,flick,-0.19923053192607207,0.9886,1
2,120,steps,smoothing-aimbot,flick,-inf,1,1
2,120,error,fast-adaptive-aimbot,flick,inf,0,0
2,120,error,fast-adaptive-aimbot,flick,0.9747881443407992,0,0
2,120,error,fast-adaptive-aimbot,flick,0.03478541968853701,0.0002,0
2,120,error,fast-adaptive-aimbot,flick,-0.07841805751600041,0.0004,0
2,120,error,fast-adaptive-aimbot,flick,-0.11440836499350451,0.0006,0
2,120,error,fast-adaptive-aimbot,flick,-0.12132518438411409,0.0008,0
2,120,error,fast-adaptive-aimbot,flick,-0.1262803816109726,0.001,0
2,120,error,fast-adaptive-aimbot,flick,-0.13549042799519329,0.0012,0
2,120,error,fast-adaptive-aimbot,flick,-0.1401798933611652,0.0014,0
2,120,error,fast-adaptive-aimbot,flick,-0.1784298639545312,0.0016,0
2,120,error,fast-adaptive-aimbot,flick,-0.18052770628881326,0.0018,0
2,120,error,fast-adaptive-aimbot,flick,-0.21021391079490864,0.002,0
2,120,error,fast-adaptive-aimbot,flick,-0.2234874770612433,0.0022,0
2,120,error,fast-adaptive-aimbot,flick,-0.2530841272767849,0.0024,0
2,120,error,fast-adaptive-aimbot,flick,-0.2593445324888241,0.0026,0
2,120,error,fast-adaptive-aimbot,flick,-0.30340198854937456,0.0028,0
2,120,error,fast-adaptive-aimbot,flick,-0.3478894569507846,0.003,0
2,120,error,fast-adaptive-aimbot,flick,-0.3864210554515738,0.0032,0
2,120,error,fast-adaptive-aimbot,flick,-0.39301923388948967,0.0034,0
2,120,error,fast-adaptive-aimbot,flick,-0.3953966949050378,0.0036,0
2,120,error,fast-adaptive-aimbot,flick,-0.41124504923565486,0.0038,0
2,120,error,fast-adaptive-aimbot,flick,-0.41259834623880975,0.004,0
2,120,error,fast-adaptive-aimbot,flick,-0.4439426750925027,0.0042,0
2,120,error,fast-adaptive-aimbot,flick,-0.4570460464727479,0.0044,0
2,120,error,fast-adaptive-aimbot,flick,-0.47883751685388054,0.0046,0
2,120,error,fast-adaptive-aimbot,flick,-0.48282255797204476,0.0048,0
2,120,error,fast-adaptive-aimbot,flick,-0.5172011071594311,0.005,0
2,120,error,fast-adaptive-aimbot,flick,-0.5509259949714514,0.0052,0
2,120,error,fast-adaptive-aimbot,flick,-0.5666933388531145,0.0054,0
2,120,error,fast-adaptive-aimbot,flick,-0.5885225616417471,0.0056,0
2,120,error,fast-adaptive-aimbot,flick,-0.6266588155477182,0.0058,0
2,120,error,fast-adaptive-aimbot,flick,-0.6367111682003529,0.006,0
2,120,error,fast-adaptive-aimbot,flick,-0.6467391357720509,0.0062,0
2,120,error,fast-adaptive-aimbot,flick,-0.651129207778752,0.0064,0
2,120,error,fast-adaptive-aimbot,flick,-0.6745826176401906,0.0066,0
2,120,error,fast-adaptive-aimbot,flick,-0.7145136598570073,0.0068,0
2,120,error,fast-adaptive-aimbot,flick,-0.7330743067800223,0.007,0
2,120,error,fast-adaptive-aimbot,flick,-0.7566138824650273,0.0072,0
2,120,error,fast-adaptive-aimbot,flick,-0.7637117548343414,0.0074,0
2,120,error,fast-adaptive-aimbot,flick,-0.7756349761148124,0.0076,0
2,120,error,fast-adaptive-aimbot,flick,-0.777118444746632,0.0078,0
2,120,error,fast-adaptive-aimbot,flick,-0.7785625591063059,0.008,0
2,120,error,fast-adaptive-aimbot,flick,-0.7840594524961791,0.0082,0
2,120,error,fast-adaptive-aimbot,flick,-0.826638496673922,0.0084,0
2,120,error,fast-adaptive-aimbot,flick,-0.8398197060949552,0.0086,0
2,120,error,fast-adaptive-aimbot,flick,-0.8529075433090219,0.0088,0
2,120,error,fast-adaptive-aimbot,flick,-0.8613426695128733,0.009,0
2,120,error,fast-adaptive-aimbot,flick,-0.8760529354460836,0.0092,0
2,120,error,fast-adaptive-aimbot,flick,-0.879893120907178,0.0094,0
2,120,error,fast-adaptive-aimbot,flick,-0.8811551913650248,0.0096,0
2,120,error,fast-adaptive-aimbot,flick,-0.8811940868818615,0.0098,0
2,120,error,fast-adaptive-aimbot,flick,-0.9056863073299428,0.01,0
2,120,error,fast-adaptive-aimbot,flick,-0.9079054782148751,0.0102,0
2,120,error,fast-adaptive-aimbot,flick,-2.0551493940029055,0.0302,0
2,120,error,fast-adaptive-aimbot,flick,-2.805377838040258,0.0502,0
2,120,error,fast-adaptive-aimbot,flick,-3.319361015234597,0.0704,0
2,120,error,fast-adaptive-aimbot,flick,-3.832703766209147,0.0906,0
2,120,error,fast-adaptive-aimbot,flick,-4.211922546859785,0.1106,0
2,120,error,fast-adaptive-aimbot,flick,-4.667545440920272,0.1308,0
2,120,error,fast-adaptive-aimbot,flick,-5.067062399544759,0.151,0.004
2,120,error,fast-adaptive-aimbot,flick,-5.417859552903591,0.171,0.004
2,120,error,fast-adaptive-aimbot,flick,-5.805176592255465,0.1912,0.004
2,120,error,fast-adaptive-aimbot,flick,-6.083552301362467,0.2114,0.004
2,120,error,fast-adaptive-aimbot,flick,-6.386240666839925,0.2316,0.004
2,120,error,fast-adaptive-aimbot,flick,-6.705494715864636,0.2518,0.004
2,120,error,fast-adaptive-aimbot,flick,-7.014636426253889,0.272,0.006
2,120,error,fast-adaptive-aimbot,flick,-7.287149696889689,0.2922,0.008
2,120,error,fast-adaptive-aimbot,flick,-7.566141997799814,0.3124,0.008
2,120,error,fast-adaptive-aimbot,flick,-7.852746832793564,0.3326,0.01
2,120,error,fast-adaptive-aimbot,flick,-8.133370448664554,0.3526,0.01
2,120,error,fast-adaptive-aimbot,flick,-8.417238468572393,0.3728,0.01
2,120,error,fast-adaptive-aimbot,flick,-8.683179925042563,0.393,0.01
2,120,error,fast-adaptive-aimbot,flick,-8.972808399305807,0.4132,0.012
2,120,error,fast-adaptive-aimbot,flick,-9.251890687861023,0.4334,0.014
2,120,error,fast-adaptive-aimbot,flick,-9.544538716916081,0.4534,0.014
2,120,error,fast-adaptive-aimbot,flick,-9.8111830159696,0.4736,0.014
2,120,error,fast-adaptive-aimbot,flick,-10.077569613507647,0.4938,0.016
2,120,error,fast-adaptive-aimbot,flick,-10.370628617025988,0.5138,0.018
2,120,error,fast-adaptive-aimbot,flick,-10.657858817571311,0.5338,0.018
2,120,error,fast-adaptive-aimbot,flick,-10.963543907359792,0.554,0.018
2,120,error,fast-adaptive-aimbot,flick,-11.304453657884668,0.5742,0.02
2,120,error,fast-adaptive-aimbot,flick,-11.588276295099247,0.5944,0.024
2,120,error,fast-adaptive-aimbot,flick,-11.964957008362093,0.6146,0.026
2,120,error,fast-adaptive-aimbot,flick,-12.306614140728161,0.6346,0.026
2,120,error,fast-adaptive-aimbot,flick,-12.670069601796547,0.6548,0.03
2,120,error,fast-adaptive-aimbot,flick,-13.027196817255824,0.675,0.03
2,120,error,fast-adaptive-aimbot,flick,-13.40273185746981,0.6952,0.032
2,120,error,fast-adaptive-aimbot,flick,-13.800172082244599,0.7154,0.036
2,120,error,fast-adaptive-aimbot,flick,-14.20018142081255,0.7354,0.036
2,120,error,fast-adaptive-aimbot,flick,-14.693392707193803,0.7556,0.038
2,120,error,fast-adaptive-aimbot,flick,-15.104835141203864,0.7758,0.048
2,120,error,fast-adaptive-aimbot,flick,-15.598456040292398,0.796,0.06
2,120,error,fast-adaptive-aimbot,flick,-16.10363132594018,0.8162,0.064
2,120,error,fast-adaptive-aimbot,flick,-16.63781215192076,0.8362,0.066
2,120,error,fast-adaptive-aimbot,flick,-17.22269287120899,0.8564,0.072
2,120,error,fast-adaptive-aimbot,flick,-17.851119039097938,0.8766,0.082
2,120,error,fast-adaptive-aimbot,flick,-18.655131014150623,0.8968,0.09
2,120,error,fast-adaptive-aimbot,flick,-19.49640425499444,0.917,0.104
2,120,error,fast-adaptive-aimbot,flick,-20.60245371352968,0.937,0.128
2,120,error,fast-adaptive-aimbot,flick,-22.004662814925727,0.9572,0.146
2,120,error,fast-adaptive-aimbot,flick,-24.39527978235954,0.9774,0.206
2,120,error,fast-adaptive-aimbot,flick,-31.04860607652501,0.9976,0.416
2,120,error,fast-adaptive-aimbot,flick,-inf,1,1
2,300,error,recoil-macro,spray,inf,0,0
2,300,error,recoil-macro,spray,0.8345115676560998,0,1
2,300,error,recoil-macro,spray,0.823287112515028,0.0002,1
2,300,error,recoil-macro,spray,0.7559194020871525,0.0004,1
2,300,error,recoil-macro,spray,0.6203183074747829,0.0006,1
2,300,error,recoil-macro,spray,0.5557853076204519,0.0008,1
2,300,error,recoil-macro,spray,0.5477638319721935,0.001,1
2,300,error,recoil-macro,spray,0.4716336485058613,0.0012,1
2,300,error,recoil-macro,spray,0.463804469412236,0.0014,1
2,300,error,recoil-macro,spray,0.4545988812667065,0.0016,1
2,300,error,recoil-macro,spray,0.40306160754910764,0.0018,1
2,300,error,recoil-macro,spray,0.378705691861064,0.002,1
2,300,error,recoil-macro,spray,0.34093267755748935,0.0022,1
2,300,error,recoil-macro,spray,0.33072362372343933,0.0024,1
2,300,error,recoil-macro,spray,0.32612617516811515,0.0026,1
2,300,error,recoil-macro,spray,0.32096254318182166,0.0028,1
2,300,error,recoil-macro,spray,0.31101526153996295,0.003,1
2,300,error,recoil-macro,spray,0.30914058457737503,0.0032,1
2,300,error,recoil-macro,spray,0.28811896332701015,0.0034,1
2,300,error,recoil-macro,spray,0.27046481794864885,0.0036,1
2,300,error,recoil-macro,spray,0.269595276473438,0.0038,1
2,300,error,recoil-macro,spray,0.25913796852282633,0.004,1
2,300,error,recoil-macro,spray,0.24215068329692224,0.0042,1
2,300,error,recoil-macro,spray,0.23257006054941398,0.0044,1
2,300,error,recoil-macro,spray,0.2226799401975138,0.0046,1
2,300,error,recoil-macro,spray,0.22265453155252724,0.0048,1
2,300,error,recoil-macro,spray,0.22049977230383147,0.005,1
2,300,error,recoil-macro,spray,0.21194122583790304,0.0052,1
2,300,error,recoil-macro,spray,0.19164479447626512,0.0054,1
2,300,error,recoil-macro,spray,0.19126889627718874,0.0056,1
2,300,error,recoil-macro,spray,0.18539648875101375,0.0058,1
2,300,error,recoil-macro,spray,0.17321256033792354,0.006,1
2,300,error,recoil-macro,spray,0.1725771698464021,0.0062,1
2,300,error,recoil-macro,spray,0.16574506147824636,0.0064,1
2,300,error,recoil-macro,spray,0.1654573995130715,0.0066,1
2,300,error,recoil-macro,spray,0.1568715291210258,0.0068,1
2,300,error,recoil-macro,spray,0.1502869650453378,0.007,1
2,300,error,recoil-macro,spray,0.15007004318099917,0.0072,1
2,300,error,recoil-macro,spray,0.14852948262762355,0.0074,1
2,300,error,recoil-macro,spray,0.14695139783296599,0.0076,1
2,300,error,recoil-macro,spray,0.14404280751034473,0.0078,1
2,300,error,recoil-macro,spray,0.14352708417630763,0.008,1
2,300,error,recoil-macro,spray,0.13734606751764902,0.0082,1
2,300,error,recoil-macro,spray,0.1360334190720536,0.0084,1
2,300,error,recoil-macro,spray,0.13527993102971225,0.0086,1
2,300,error,recoil-macro,spray,0.1333270637404353,0.0088,1
2,300,error,recoil-macro,spray,0.12570318707200848,0.009,1
2,300,error,recoil-macro,spray,0.12357786884325252,0.0092,1
2,300,error,recoil-macro,spray,0.12316688798219186,0.0094,1
2,300,error,recoil-macro,spray,0.12153331891169208,0.0096,1
2,300,error,recoil-macro,spray,0.11955205534456803,0.0098,1
2,300,error,recoil-macro,spray,0.11891286806053493,0.01,1
2,300,error,recoil-macro,spray,0.1186453100967951,0.0102,1
2,300,error,recoil-macro,spray,0.007637078435933253,0.0302,1
2,300,error,recoil-macro,spray,-0.005958679217277802,0.0502,1
2,300,error,recoil-macro,spray,-0.04542655385493108,0.0704,1
2,300,error,recoil-macro,spray,-0.09525829155898223,0.0906,1
2,300,error,recoil-macro,spray,-0.1566867332707633,0.1106,1
2,300,error,recoil-macro,spray,-0.22209128572545117,0.1308,1
2,300,error,recoil-macro,spray,-0.286243986926375,0.151,1
2,300,error,recoil-macro,spray,-0.3448205912367249,0.171,1
2,300,error,recoil-macro,spray,-0.4215180498027707,0.1912,1
2,300,error,recoil-macro,spray,-0.4894629631352592,0.2114,1
2,300,error,recoil-macro,spray,-0.5690766140654228,0.2316,1
2,300,error,recoil-macro,spray,-0.6307753645570449,0.2518,1
2,300,error,recoil-macro,spray,-0.6966703603857043,0.272,1
2,300,error,recoil-macro,spray,-0.763286333910378,0.2922,1
2,300,error,recoil-macro,spray,-0.8399137561890543,0.3124,1
2,300,error,recoil-macro,spray,-0.9050044562869026,0.3326,1
2,300,error,recoil-macro,spray,-0.9679995683039059,0.3526,1
2,300,error,recoil-macro,spray,-1.0439497115346865,0.3728,1
2,300,error,recoil-macro,spray,-1.1131658017180495,0.393,1
2,300,error,recoil-macro,spray,-1.1973422567489054,0.4132,1
2,300,error,recoil-macro,spray,-1.2633490219981625,0.4334,1
2,300,error,recoil-macro,spray,-1.3298536198018414,0.4534,1
2,300,error,recoil-macro,spray,-1.413959853188666,0.4736,1
2,300,error,recoil-macro,spray,-1.4888757746168835,0.4938,1
2,300,error,recoil-macro,spray,-1.5654054303778488,0.5138,1
2,300,error,recoil-macro,spray,-1.6683266832754966,0.5338,1
2,300,error,recoil-macro,spray,-1.7668605027699427,0.554,1
2,300,error,recoil-macro,spray,-1.841533305761692,0.5742,1
2,300,error,recoil-macro,spray,-1.9485820439354231,0.5944,1
2,300,error,recoil-macro,spray,-2.0662996130579723,0.6146,1
2,300,error,recoil-macro,spray,-2.1709981049442577,0.6346,1
2,300,error,recoil-macro,spray,-2.293732216154334,0.6548,1
2,300,error,recoil-macro,spray,-2.4148484818660028,0.675,1
2,300,error,recoil-macro,spray,-2.5380273112439085,0.6952,1
2,300,error,recoil-macro,spray,-2.6965970684613016,0.7154,1
2,300,error,recoil-macro,spray,-2.8278600750656113,0.7354,1
2,300,error,recoil-macro,spray,-2.984586795881007,0.7556,1
2,300,error,recoil-macro,spray,-3.1381569124510973,0.7758,1
2,300,error,recoil-macro,spray,-3.3586268406634257,0.796,1
2,300,error,recoil-macro,spray,-3.560595718919485,0.8162,1
2,300,error,recoil-macro,spray,-3.7915092221355606,0.8362,1
2,300,error,recoil-macro,spray,-4.000729016709122,0.8564,1
2,300,error,recoil-macro,spray,-4.257597750957375,0.8766,1
2,300,error,recoil-macro,spray,-4.556224229765386,0.8968,1
2,300,error,recoil-macro,spray,-4.931802073767508,0.917,1
2,300,error,recoil-macro,spray,-5.332730700868017,0.937,1
2,300,error,recoil-macro,spray,-5.918661928945174,0.9572,1
2,300,error,recoil-macro,spray,-6.767215522297397,0.9774,1
2,300,error,recoil-macro,spray,-10.194658093653162,0.9976,1
2,300,error,recoil-macro,spray,-inf,1,1
2,300,error,flick-aimbot,flick,inf,0,0
2,300,error,flick-aimbot,flick,-2.848421068600258,0,1
2,300,error,flick-aimbot,flick,-3.0696860052116817,0.0002,1
2,300,error,flick-aimbot,flick,-3.3928433800264415,0.0004,1
2,300,error,flick-aimbot,flick,-4.065759945363587,0.0006,1
2,300,error,flick-aimbot,flick,-4.234846362000677,0.0008,1
2,300,error,flick-aimbot,flick,-4.562282751756979,0.001,1
2,300,error,flick-aimbot,flick,-4.673414849737999,0.0012,1
2,300,error,flick-aimbot,flick,-4.828465225381927,0.0014,1
2,300,error,flick-aimbot,flick,-5.069231031219436,0.0016,1
2,300,error,flick-aimbot,flick,-5.097682624880064,0.0018,1
2,300,error,flick-aimbot,flick,-5.120966928446827,0.002,1
2,300,error,flick-aimbot,flick,-5.232131682892296,0.0022,1
2,300,error,flick-aimbot,flick,-5.299673514215996,0.0024,1
2,300,error,flick-aimbot,flick,-5.350979796636609,0.0026,1
2,300,error,flick-aimbot,flick,-5.570411936730032,0.0028,1
2,300,error,flick-aimbot,flick,-5.58738891836004,0.003,1
2,300,error,flick-aimbot,flick,-5.833708986028325,0.0032,1
2,300,error,flick-aimbot,flick,-5.860286491510189,0.0034,1
2,300,error,flick-aimbot,flick,-5.886068553188822,0.0036,1
2,300,error,flick-aimbot,flick,-5.933075079176105,0.0038,1
2,300,error,flick-aimbot,flick,-6.035591144287773,0.004,1
2,300,error,flick-aimbot,flick,-6.062990502551428,0.0042,1
2,300,error,flick-aimbot,flick,-6.0643491639658285,0.0044,1
2,300,error,flick-aimbot,flick,-6.239314136414008,0.0046,1
2,300,error,flick-aimbot,flick,-6.355511793304318,0.0048,1
2,300,error,flick-aimbot,flick,-6.376773708200783,0.005,1
2,300,error,flick-aimbot,flick,-6.389758315563625,0.0052,1
2,300,error,flick-aimbot,flick,-6.4267001365334435,0.0054,1
2,300,error,flick-aimbot,flick,-6.445161470939811,0.0056,1
2,300,error,flick-aimbot,flick,-6.485726428260264,0.0058,1
2,300,error,flick-aimbot,flick,-6.581192847666955,0.006,1
2,300,error,flick-aimbot,flick,-6.649577056480828,0.0062,1
2,300,error,flick-aimbot,flick,-6.661181013691111,0.0064,1
2,300,error,flick-aimbot,flick,-6.746725614069817,0.0066,1
2,300,error,flick-aimbot,flick,-6.752876432481383,0.0068,1
2,300,error,flick-aimbot,flick,-6.779034084842628,0.007,1
2,300,error,flick-aimbot,flick,-6.779378377325136,0.0072,1
2,300,error,flick-aimbot,flick,-6.792465461356882,0.0074,1
2,300,error,flick-aimbot,flick,-6.871369874258374,0.0076,1
2,300,error,flick-aimbot,flick,-6.88400809455269,0.0078,1
2,300,error,flick-aimbot,flick,-6.907236428767348,0.008,1
2,300,error,flick-aimbot,flick,-6.935617591712211,0.0082,1
2,300,error,flick-aimbot,flick,-7.060014922410597,0.0084,1
2,300,error,flick-aimbot,flick,-7.128051849820335,0.0086,1
2,300,error,flick-aimbot,flick,-7.132539953936879,0.0088,1
2,300,error,flick-aimbot,flick,-7.138350210161113,0.009,1
2,300,error,flick-aimbot,flick,-7.1908203043388506,0.0092,1
2,300,error,flick-aimbot,flick,-7.222915109901749,0.0094,1
2,300,error,flick-aimbot,flick,-7.242955643238488,0.0096,1
2,300,error,flick-aimbot,flick,-7.275594586532797,0.0098,1
2,300,error,flick-aimbot,flick,-7.32629303523393,0.01,1
2,300,error,flick-aimbot,flick,-7.381077228626973,0.0102,1
2,300,error,flick-aimbot,flick,-10.122834891682135,0.0302,1
2,300,error,flick-aimbot,flick,-11.471485270691057,0.0502,1
2,300,error,flick-aimbot,flick,-12.812346211952601,0.0704,1
2,300,error,flick-aimbot,flick,-13.876780096442136,0.0906,1
2,300,error,flick-aimbot,flick,-14.769064974818479,0.1106,1
2,300,error,flick-aimbot,flick,-15.633579997575325,0.1308,1
2,300,error,flick-aimbot,flick,-16.337001738851825,0.151,1
2,300,error,flick-aimbot,flick,-17.076050323301068,0.171,1
2,300,error,flick-aimbot,flick,-17.67780312670577,0.1912,1
2,300,error,flick-aimbot,flick,-18.312448398854546,0.2114,1
2,300,error,flick-aimbot,flick,-18.90548643318052,0.2316,1
2,300,error,flick-aimbot,flick,-19.429965550953302,0.2518,1
2,300,error,flick-aimbot,flick,-19.936432775090005,0.272,1
2,300,error,flick-aimbot,flick,-20.45168059496332,0.2922,1
2,300,error,flick-aimbot,flick,-20.991419756480337,0.3124,1
2,300,error,flick-aimbot,flick,-21.540990256282395,0.3326,1
2,300,error,flick-aimbot,flick,-22.104880300142554,0.3526,1
2,300,error,flick-aimbot,flick,-22.649050350054814,0.3728,1
2,300,error,flick-aimbot,flick,-23.152331193655467,0.393,1
2,300,error,flick-aimbot,flick,-23.708718952552108,0.4132,1
2,300,error,flick-aimbot,flick,-24.318727591741673,0.4334,1
2,300,error,flick-aimbot,flick,-24.778656511087934,0.4534,1
2,300,error,flick-aimbot,flick,-25.31863208109655,0.4736,1
2,300,error,flick-aimbot,flick,-25.823298884935355,0.4938,1
2,300,error,flick-aimbot,flick,-26.342040714606647,0.5138,1
2,300,error,flick-aimbot,flick,-26.859567732245857,0.5338,1
2,300,error,flick-aimbot,flick,-27.329772751163087,0.554,1
2,300,error,flick-aimbot,flick,-27.858297008544277,0.5742,1
2,300,error,flick-aimbot,flick,-28.403158436285846,0.5944,1
2,300,error,flick-aimbot,flick,-28.96240632073942,0.6146,1
2,300,error,flick-aimbot,flick,-29.536190877157726,0.6346,1
2,300,error,flick-aimbot,flick,-30.150336050175714,0.6548,1
2,300,error,flick-aimbot,flick,-30.794490005660442,0.675,1
2,300,error,flick-aimbot,flick,-31.444942170018926,0.6952,1
2,300,error,flick-aimbot,flick,-32.10450617356053,0.7154,1
2,300,error,flick-aimbot,flick,-32.734126800090294,0.7354,1
2,300,error,flick-aimbot,flick,-33.470868980362255,0.7556,1
2,300,error,flick-aimbot,flick,-34.134703779448905,0.7758,1
2,300,error,flick-aimbot,flick,-34.89636255045051,0.796,1
2,300,error,flick-aimbot,flick,-35.937871117197105,0.8162,1
2,300,error,flick-aimbot,flick,-36.82310967424207,0.8362,1
2,300,error,flick-aimbot,flick,-37.82436374215796,0.8564,1
2,300,error,flick-aimbot,flick,-38.92973708747339,0.8766,1
2,300,error,flick-aimbot,flick,-40.254310181806986,0.8968,1
2,300,error,flick-aimbot,flick,-41.55706158154456,0.917,1
2,300,error,flick-aimbot,flick,-43.59461742979587,0.937,1
2,300,error,flick-aimbot,flick,-45.56591501516272,0.9572,1
2,300,error,flick-aimbot,flick,-48.84932452481575,0.9774,1
2,300,error,flick-aimbot,flick,-60.39617870961807,0.9976,1
2,300,error,flick-aimbot,flick,-inf,1,1
2,300,error,humanised-aimbot,flick,inf,0,0
2,300,error,humanised-aimbot,flick,-2.848421068600258,0,1
2,300,error,humanised-aimbot,flick,-3.0696860052116817,0.0002,1
2,300,error,humanised-aimbot,flick,-3.3928433800264415,0.0004,1
2,300,error,humanised-aimbot,flick,-4.065759945363587,0.0006,1
2,300,error,humanised-aimbot,flick,-4.234846362000677,0.0008,1
2,300,error,humanised-aimbot,flick,-4.562282751756979,0.001,1
2,300,error,humanised-aimbot,flick,-4.673414849737999,0.0012,1
2,300,error,humanised-aimbot,flick,-4.828465225381927,0.0014,1
2,300,error,humanised-aimbot,flick,-5.069231031219436,0.0016,1
2,300,error,humanised-aimbot,flick,-5.097682624880064,0.0018,1
2,300,error,humanised-aimbot,flick,-5.120966928446827,0.002,1
2,300,error,humanised-aimbot,flick,-5.232131682892296,0.0022,1
2,300,error,humanised-aimbot,flick,-5.299673514215996,0.0024,1
2,300,error,humanised-aimbot,flick,-5.350979796636609,0.0026,1
2,300,error,humanised-aimbot,flick,-5.570411936730032,0.0028,1
2,300,error,humanised-aimbot,flick,-5.58738891836004,0.003,1
2,300,error,humanised-aimbot,flick,-5.833708986028325,0.0032,1
2,300,error,humanised-aimbot,flick,-5.860286491510189,0.0034,1
2,300,error,humanised-aimbot,flick,-5.886068553188822,0.0036,1
2,300,error,humanised-aimbot,flick,-5.933075079176105,0.0038,1
2,300,error,humanised-aimbot,flick,-6.035591144287773,0.004,1
2,300,error,humanised-aimbot,flick,-6.062990502551428,0.0042,1
2,300,error,humanised-aimbot,flick,-6.0643491639658285,0.0044,1
2,300,error,humanised-aimbot,flick,-6.239314136414008,0.0046,1
2,300,error,humanised-aimbot,flick,-6.355511793304318,0.0048,1
2,300,error,humanised-aimbot,flick,-6.376773708200783,0.005,1
2,300,error,humanised-aimbot,flick,-6.389758315563625,0.0052,1
2,300,error,humanised-aimbot,flick,-6.4267001365334435,0.0054,1
2,300,error,humanised-aimbot,flick,-6.445161470939811,0.0056,1
2,300,error,humanised-aimbot,flick,-6.485726428260264,0.0058,1
2,300,error,humanised-aimbot,flick,-6.581192847666955,0.006,1
2,300,error,humanised-aimbot,flick,-6.649577056480828,0.0062,1
2,300,error,humanised-aimbot,flick,-6.661181013691111,0.0064,1
2,300,error,humanised-aimbot,flick,-6.746725614069817,0.0066,1
2,300,error,humanised-aimbot,flick,-6.752876432481383,0.0068,1
2,300,error,humanised-aimbot,flick,-6.779034084842628,0.007,1
2,300,error,humanised-aimbot,flick,-6.779378377325136,0.0072,1
2,300,error,humanised-aimbot,flick,-6.792465461356882,0.0074,1
2,300,error,humanised-aimbot,flick,-6.871369874258374,0.0076,1
2,300,error,humanised-aimbot,flick,-6.88400809455269,0.0078,1
2,300,error,humanised-aimbot,flick,-6.907236428767348,0.008,1
2,300,error,humanised-aimbot,flick,-6.935617591712211,0.0082,1
2,300,error,humanised-aimbot,flick,-7.060014922410597,0.0084,1
2,300,error,humanised-aimbot,flick,-7.128051849820335,0.0086,1
2,300,error,humanised-aimbot,flick,-7.132539953936879,0.0088,1
2,300,error,humanised-aimbot,flick,-7.138350210161113,0.009,1
2,300,error,humanised-aimbot,flick,-7.1908203043388506,0.0092,1
2,300,error,humanised-aimbot,flick,-7.222915109901749,0.0094,1
2,300,error,humanised-aimbot,flick,-7.242955643238488,0.0096,1
2,300,error,humanised-aimbot,flick,-7.275594586532797,0.0098,1
2,300,error,humanised-aimbot,flick,-7.32629303523393,0.01,1
2,300,error,humanised-aimbot,flick,-7.381077228626973,0.0102,1
2,300,error,humanised-aimbot,flick,-10.122834891682135,0.0302,1
2,300,error,humanised-aimbot,flick,-11.471485270691057,0.0502,1
2,300,error,humanised-aimbot,flick,-12.812346211952601,0.0704,1
2,300,error,humanised-aimbot,flick,-13.876780096442136,0.0906,1
2,300,error,humanised-aimbot,flick,-14.769064974818479,0.1106,1
2,300,error,humanised-aimbot,flick,-15.633579997575325,0.1308,1
2,300,error,humanised-aimbot,flick,-16.337001738851825,0.151,1
2,300,error,humanised-aimbot,flick,-17.076050323301068,0.171,1
2,300,error,humanised-aimbot,flick,-17.67780312670577,0.1912,1
2,300,error,humanised-aimbot,flick,-18.312448398854546,0.2114,1
2,300,error,humanised-aimbot,flick,-18.90548643318052,0.2316,1
2,300,error,humanised-aimbot,flick,-19.429965550953302,0.2518,1
2,300,error,humanised-aimbot,flick,-19.936432775090005,0.272,1
2,300,error,humanised-aimbot,flick,-20.45168059496332,0.2922,1
2,300,error,humanised-aimbot,flick,-20.991419756480337,0.3124,1
2,300,error,humanised-aimbot,flick,-21.540990256282395,0.3326,1
2,300,error,humanised-aimbot,flick,-22.104880300142554,0.3526,1
2,300,error,humanised-aimbot,flick,-22.649050350054814,0.3728,1
2,300,error,humanised-aimbot,flick,-23.152331193655467,0.393,1
2,300,error,humanised-aimbot,flick,-23.708718952552108,0.4132,1
2,300,error,humanised-aimbot,flick,-24.318727591741673,0.4334,1
2,300,error,humanised-aimbot,flick,-24.778656511087934,0.4534,1
2,300,error,humanised-aimbot,flick,-25.31863208109655,0.4736,1
2,300,error,humanised-aimbot,flick,-25.823298884935355,0.4938,1
2,300,error,humanised-aimbot,flick,-26.342040714606647,0.5138,1
2,300,error,humanised-aimbot,flick,-26.859567732245857,0.5338,1
2,300,error,humanised-aimbot,flick,-27.329772751163087,0.554,1
2,300,error,humanised-aimbot,flick,-27.858297008544277,0.5742,1
2,300,error,humanised-aimbot,flick,-28.403158436285846,0.5944,1
2,300,error,humanised-aimbot,flick,-28.96240632073942,0.6146,1
2,300,error,humanised-aimbot,flick,-29.536190877157726,0.6346,1
2,300,error,humanised-aimbot,flick,-30.150336050175714,0.6548,1
2,300,error,humanised-aimbot,flick,-30.794490005660442,0.675,1
2,300,error,humanised-aimbot,flick,-31.444942170018926,0.6952,1
2,300,error,humanised-aimbot,flick,-32.10450617356053,0.7154,1
2,300,error,humanised-aimbot,flick,-32.734126800090294,0.7354,1
2,300,error,humanised-aimbot,flick,-33.470868980362255,0.7556,1
2,300,error,humanised-aimbot,flick,-34.134703779448905,0.7758,1
2,300,error,humanised-aimbot,flick,-34.89636255045051,0.796,1
2,300,error,humanised-aimbot,flick,-35.937871117197105,0.8162,1
2,300,error,humanised-aimbot,flick,-36.82310967424207,0.8362,1
2,300,error,humanised-aimbot,flick,-37.82436374215796,0.8564,1
2,300,error,humanised-aimbot,flick,-38.92973708747339,0.8766,1
2,300,error,humanised-aimbot,flick,-40.254310181806986,0.8968,1
2,300,error,humanised-aimbot,flick,-41.55706158154456,0.917,1
2,300,error,humanised-aimbot,flick,-43.59461742979587,0.937,1
2,300,error,humanised-aimbot,flick,-45.56591501516272,0.9572,1
2,300,error,humanised-aimbot,flick,-48.84932452481575,0.9774,1
2,300,error,humanised-aimbot,flick,-60.39617870961807,0.9976,1
2,300,error,humanised-aimbot,flick,-inf,1,1
2,300,error,adaptive-aimbot,flick,inf,0,0
2,300,error,adaptive-aimbot,flick,-2.848421068600258,0,1
2,300,error,adaptive-aimbot,flick,-3.0696860052116817,0.0002,1
2,300,error,adaptive-aimbot,flick,-3.3928433800264415,0.0004,1
2,300,error,adaptive-aimbot,flick,-4.065759945363587,0.0006,1
2,300,error,adaptive-aimbot,flick,-4.234846362000677,0.0008,1
2,300,error,adaptive-aimbot,flick,-4.562282751756979,0.001,1
2,300,error,adaptive-aimbot,flick,-4.673414849737999,0.0012,1
2,300,error,adaptive-aimbot,flick,-4.828465225381927,0.0014,1
2,300,error,adaptive-aimbot,flick,-5.069231031219436,0.0016,1
2,300,error,adaptive-aimbot,flick,-5.097682624880064,0.0018,1
2,300,error,adaptive-aimbot,flick,-5.120966928446827,0.002,1
2,300,error,adaptive-aimbot,flick,-5.232131682892296,0.0022,1
2,300,error,adaptive-aimbot,flick,-5.299673514215996,0.0024,1
2,300,error,adaptive-aimbot,flick,-5.350979796636609,0.0026,1
2,300,error,adaptive-aimbot,flick,-5.570411936730032,0.0028,1
2,300,error,adaptive-aimbot,flick,-5.58738891836004,0.003,1
2,300,error,adaptive-aimbot,flick,-5.833708986028325,0.0032,1
2,300,error,adaptive-aimbot,flick,-5.860286491510189,0.0034,1
2,300,error,adaptive-aimbot,flick,-5.886068553188822,0.0036,1
2,300,error,adaptive-aimbot,flick,-5.933075079176105,0.0038,1
2,300,error,adaptive-aimbot,flick,-6.035591144287773,0.004,1
2,300,error,adaptive-aimbot,flick,-6.062990502551428,0.0042,1
2,300,error,adaptive-aimbot,flick,-6.0643491639658285,0.0044,1
2,300,error,adaptive-aimbot,flick,-6.239314136414008,0.0046,1
2,300,error,adaptive-aimbot,flick,-6.355511793304318,0.0048,1
2,300,error,adaptive-aimbot,flick,-6.376773708200783,0.005,1
2,300,error,adaptive-aimbot,flick,-6.389758315563625,0.0052,1
2,300,error,adaptive-aimbot,flick,-6.4267001365334435,0.0054,1
2,300,error,adaptive-aimbot,flick,-6.445161470939811,0.0056,1
2,300,error,adaptive-aimbot,flick,-6.485726428260264,0.0058,1
2,300,error,adaptive-aimbot,flick,-6.581192847666955,0.006,1
2,300,error,adaptive-aimbot,flick,-6.649577056480828,0.0062,1
2,300,error,adaptive-aimbot,flick,-6.661181013691111,0.0064,1
2,300,error,adaptive-aimbot,flick,-6.746725614069817,0.0066,1
2,300,error,adaptive-aimbot,flick,-6.752876432481383,0.0068,1
2,300,error,adaptive-aimbot,flick,-6.779034084842628,0.007,1
2,300,error,adaptive-aimbot,flick,-6.779378377325136,0.0072,1
2,300,error,adaptive-aimbot,flick,-6.792465461356882,0.0074,1
2,300,error,adaptive-aimbot,flick,-6.871369874258374,0.0076,1
2,300,error,adaptive-aimbot,flick,-6.88400809455269,0.0078,1
2,300,error,adaptive-aimbot,flick,-6.907236428767348,0.008,1
2,300,error,adaptive-aimbot,flick,-6.935617591712211,0.0082,1
2,300,error,adaptive-aimbot,flick,-7.060014922410597,0.0084,1
2,300,error,adaptive-aimbot,flick,-7.128051849820335,0.0086,1
2,300,error,adaptive-aimbot,flick,-7.132539953936879,0.0088,1
2,300,error,adaptive-aimbot,flick,-7.138350210161113,0.009,1
2,300,error,adaptive-aimbot,flick,-7.1908203043388506,0.0092,1
2,300,error,adaptive-aimbot,flick,-7.222915109901749,0.0094,1
2,300,error,adaptive-aimbot,flick,-7.242955643238488,0.0096,1
2,300,error,adaptive-aimbot,flick,-7.275594586532797,0.0098,1
2,300,error,adaptive-aimbot,flick,-7.32629303523393,0.01,1
2,300,error,adaptive-aimbot,flick,-7.381077228626973,0.0102,1
2,300,error,adaptive-aimbot,flick,-10.122834891682135,0.0302,1
2,300,error,adaptive-aimbot,flick,-11.471485270691057,0.0502,1
2,300,error,adaptive-aimbot,flick,-12.812346211952601,0.0704,1
2,300,error,adaptive-aimbot,flick,-13.876780096442136,0.0906,1
2,300,error,adaptive-aimbot,flick,-14.769064974818479,0.1106,1
2,300,error,adaptive-aimbot,flick,-15.633579997575325,0.1308,1
2,300,error,adaptive-aimbot,flick,-16.337001738851825,0.151,1
2,300,error,adaptive-aimbot,flick,-17.076050323301068,0.171,1
2,300,error,adaptive-aimbot,flick,-17.67780312670577,0.1912,1
2,300,error,adaptive-aimbot,flick,-18.312448398854546,0.2114,1
2,300,error,adaptive-aimbot,flick,-18.90548643318052,0.2316,1
2,300,error,adaptive-aimbot,flick,-19.429965550953302,0.2518,1
2,300,error,adaptive-aimbot,flick,-19.936432775090005,0.272,1
2,300,error,adaptive-aimbot,flick,-20.45168059496332,0.2922,1
2,300,error,adaptive-aimbot,flick,-20.991419756480337,0.3124,1
2,300,error,adaptive-aimbot,flick,-21.540990256282395,0.3326,1
2,300,error,adaptive-aimbot,flick,-22.104880300142554,0.3526,1
2,300,error,adaptive-aimbot,flick,-22.649050350054814,0.3728,1
2,300,error,adaptive-aimbot,flick,-23.152331193655467,0.393,1
2,300,error,adaptive-aimbot,flick,-23.708718952552108,0.4132,1
2,300,error,adaptive-aimbot,flick,-24.318727591741673,0.4334,1
2,300,error,adaptive-aimbot,flick,-24.778656511087934,0.4534,1
2,300,error,adaptive-aimbot,flick,-25.31863208109655,0.4736,1
2,300,error,adaptive-aimbot,flick,-25.823298884935355,0.4938,1
2,300,error,adaptive-aimbot,flick,-26.342040714606647,0.5138,1
2,300,error,adaptive-aimbot,flick,-26.859567732245857,0.5338,1
2,300,error,adaptive-aimbot,flick,-27.329772751163087,0.554,1
2,300,error,adaptive-aimbot,flick,-27.858297008544277,0.5742,1
2,300,error,adaptive-aimbot,flick,-28.403158436285846,0.5944,1
2,300,error,adaptive-aimbot,flick,-28.96240632073942,0.6146,1
2,300,error,adaptive-aimbot,flick,-29.536190877157726,0.6346,1
2,300,error,adaptive-aimbot,flick,-30.150336050175714,0.6548,1
2,300,error,adaptive-aimbot,flick,-30.794490005660442,0.675,1
2,300,error,adaptive-aimbot,flick,-31.444942170018926,0.6952,1
2,300,error,adaptive-aimbot,flick,-32.10450617356053,0.7154,1
2,300,error,adaptive-aimbot,flick,-32.734126800090294,0.7354,1
2,300,error,adaptive-aimbot,flick,-33.470868980362255,0.7556,1
2,300,error,adaptive-aimbot,flick,-34.134703779448905,0.7758,1
2,300,error,adaptive-aimbot,flick,-34.89636255045051,0.796,1
2,300,error,adaptive-aimbot,flick,-35.937871117197105,0.8162,1
2,300,error,adaptive-aimbot,flick,-36.82310967424207,0.8362,1
2,300,error,adaptive-aimbot,flick,-37.82436374215796,0.8564,1
2,300,error,adaptive-aimbot,flick,-38.92973708747339,0.8766,1
2,300,error,adaptive-aimbot,flick,-40.254310181806986,0.8968,1
2,300,error,adaptive-aimbot,flick,-41.55706158154456,0.917,1
2,300,error,adaptive-aimbot,flick,-43.59461742979587,0.937,1
2,300,error,adaptive-aimbot,flick,-45.56591501516272,0.9572,1
2,300,error,adaptive-aimbot,flick,-48.84932452481575,0.9774,1
2,300,error,adaptive-aimbot,flick,-60.39617870961807,0.9976,1
2,300,error,adaptive-aimbot,flick,-inf,1,1
2,300,error,smoothing-aimbot,flick,inf,0,0
2,300,error,smoothing-aimbot,flick,-2.848421068600258,0,0
2,300,error,smoothing-aimbot,flick,-3.0696860052116817,0.0002,0
2,300,error,smoothing-aimbot,flick,-3.3928433800264415,0.0004,0
2,300,error,smoothing-aimbot,flick,-4.065759945363587,0.0006,0
2,300,error,smoothing-aimbot,flick,-4.234846362000677,0.0008,0
2,300,error,smoothing-aimbot,flick,-4.562282751756979,0.001,0
2,300,error,smoothing-aimbot,flick,-4.673414849737999,0.0012,0
2,300,error,smoothing-aimbot,flick,-4.828465225381927,0.0014,0
2,300,error,smoothing-aimbot,flick,-5.069231031219436,0.0016,0
2,300,error,smoothing-aimbot,flick,-5.097682624880064,0.0018,0
2,300,error,smoothing-aimbot,flick,-5.120966928446827,0.002,0
2,300,error,smoothing-aimbot,flick,-5.232131682892296,0.0022,0
2,300,error,smoothing-aimbot,flick,-5.299673514215996,0.0024,0
2,300,error,smoothing-aimbot,flick,-5.350979796636609,0.0026,0
2,300,error,smoothing-aimbot,flick,-5.570411936730032,0.0028,0
2,300,error,smoothing-aimbot,flick,-5.58738891836004,0.003,0
2,300,error,smoothing-aimbot,flick,-5.833708986028325,0.0032,0
2,300,error,smoothing-aimbot,flick,-5.860286491510189,0.0034,0
2,300,error,smoothing-aimbot,flick,-5.886068553188822,0.0036,0
2,300,error,smoothing-aimbot,flick,-5.933075079176105,0.0038,0
2,300,error,smoothing-aimbot,flick,-6.035591144287773,0.004,0
2,300,error,smoothing-aimbot,flick,-6.062990502551428,0.0042,0
2,300,error,smoothing-aimbot,flick,-6.0643491639658285,0.0044,0
2,300,error,smoothing-aimbot,flick,-6.239314136414008,0.0046,0
2,300,error,smoothing-aimbot,flick,-6.355511793304318,0.0048,0
2,300,error,smoothing-aimbot,flick,-6.376773708200783,0.005,0
2,300,error,smoothing-aimbot,flick,-6.389758315563625,0.0052,0
2,300,error,smoothing-aimbot,flick,-6.4267001365334435,0.0054,0
2,300,error,smoothing-aimbot,flick,-6.445161470939811,0.0056,0
2,300,error,smoothing-aimbot,flick,-6.485726428260264,0.0058,0
2,300,error,smoothing-aimbot,flick,-6.581192847666955,0.006,0
2,300,error,smoothing-aimbot,flick,-6.649577056480828,0.0062,0
2,300,error,smoothing-aimbot,flick,-6.661181013691111,0.0064,0
2,300,error,smoothing-aimbot,flick,-6.746725614069817,0.0066,0
2,300,error,smoothing-aimbot,flick,-6.752876432481383,0.0068,0
2,300,error,smoothing-aimbot,flick,-6.779034084842628,0.007,0
2,300,error,smoothing-aimbot,flick,-6.779378377325136,0.0072,0
2,300,error,smoothing-aimbot,flick,-6.792465461356882,0.0074,0
2,300,error,smoothing-aimbot,flick,-6.871369874258374,0.0076,0
2,300,error,smoothing-aimbot,flick,-6.88400809455269,0.0078,0
2,300,error,smoothing-aimbot,flick,-6.907236428767348,0.008,0
2,300,error,smoothing-aimbot,flick,-6.935617591712211,0.0082,0
2,300,error,smoothing-aimbot,flick,-7.060014922410597,0.0084,0
2,300,error,smoothing-aimbot,flick,-7.128051849820335,0.0086,0
2,300,error,smoothing-aimbot,flick,-7.132539953936879,0.0088,0
2,300,error,smoothing-aimbot,flick,-7.138350210161113,0.009,0
2,300,error,smoothing-aimbot,flick,-7.1908203043388506,0.0092,0
2,300,error,smoothing-aimbot,flick,-7.222915109901749,0.0094,0
2,300,error,smoothing-aimbot,flick,-7.242955643238488,0.0096,0
2,300,error,smoothing-aimbot,flick,-7.275594586532797,0.0098,0
2,300,error,smoothing-aimbot,flick,-7.32629303523393,0.01,0
2,300,error,smoothing-aimbot,flick,-7.381077228626973,0.0102,0
2,300,error,smoothing-aimbot,flick,-10.122834891682135,0.0302,0
2,300,error,smoothing-aimbot,flick,-11.471485270691057,0.0502,0
2,300,error,smoothing-aimbot,flick,-12.812346211952601,0.0704,0
2,300,error,smoothing-aimbot,flick,-13.876780096442136,0.0906,0
2,300,error,smoothing-aimbot,flick,-14.769064974818479,0.1106,0
2,300,error,smoothing-aimbot,flick,-15.633579997575325,0.1308,0
2,300,error,smoothing-aimbot,flick,-16.337001738851825,0.151,0
2,300,error,smoothing-aimbot,flick,-17.076050323301068,0.171,0
2,300,error,smoothing-aimbot,flick,-17.67780312670577,0.1912,0
2,300,error,smoothing-aimbot,flick,-18.312448398854546,0.2114,0
2,300,error,smoothing-aimbot,flick,-18.90548643318052,0.2316,0
2,300,error,smoothing-aimbot,flick,-19.429965550953302,0.2518,0
2,300,error,smoothing-aimbot,flick,-19.936432775090005,0.272,0
2,300,error,smoothing-aimbot,flick,-20.45168059496332,0.2922,0
2,300,error,smoothing-aimbot,flick,-20.991419756480337,0.3124,0
2,300,error,smoothing-aimbot,flick,-21.540990256282395,0.3326,0
2,300,error,smoothing-aimbot,flick,-22.104880300142554,0.3526,0
2,300,error,smoothing-aimbot,flick,-22.649050350054814,0.3728,0
2,300,error,smoothing-aimbot,flick,-23.152331193655467,0.393,0
2,300,error,smoothing-aimbot,flick,-23.708718952552108,0.4132,0
2,300,error,smoothing-aimbot,flick,-24.318727591741673,0.4334,0
2,300,error,smoothing-aimbot,flick,-24.778656511087934,0.4534,0
2,300,error,smoothing-aimbot,flick,-25.31863208109655,0.4736,0
2,300,error,smoothing-aimbot,flick,-25.823298884935355,0.4938,0
2,300,error,smoothing-aimbot,flick,-26.342040714606647,0.5138,0
2,300,error,smoothing-aimbot,flick,-26.859567732245857,0.5338,0
2,300,error,smoothing-aimbot,flick,-27.329772751163087,0.554,0
2,300,error,smoothing-aimbot,flick,-27.858297008544277,0.5742,0
2,300,error,smoothing-aimbot,flick,-28.403158436285846,0.5944,0
2,300,error,smoothing-aimbot,flick,-28.96240632073942,0.6146,0
2,300,error,smoothing-aimbot,flick,-29.536190877157726,0.6346,0
2,300,error,smoothing-aimbot,flick,-30.150336050175714,0.6548,0
2,300,error,smoothing-aimbot,flick,-30.794490005660442,0.675,0
2,300,error,smoothing-aimbot,flick,-31.444942170018926,0.6952,0
2,300,error,smoothing-aimbot,flick,-32.10450617356053,0.7154,0
2,300,error,smoothing-aimbot,flick,-32.734126800090294,0.7354,0
2,300,error,smoothing-aimbot,flick,-33.470868980362255,0.7556,0
2,300,error,smoothing-aimbot,flick,-34.134703779448905,0.7758,0
2,300,error,smoothing-aimbot,flick,-34.89636255045051,0.796,0
2,300,error,smoothing-aimbot,flick,-35.937871117197105,0.8162,0
2,300,error,smoothing-aimbot,flick,-36.82310967424207,0.8362,0
2,300,error,smoothing-aimbot,flick,-37.82436374215796,0.8564,0
2,300,error,smoothing-aimbot,flick,-38.92973708747339,0.8766,0
2,300,error,smoothing-aimbot,flick,-40.254310181806986,0.8968,0
2,300,error,smoothing-aimbot,flick,-41.55706158154456,0.917,0
2,300,error,smoothing-aimbot,flick,-43.59461742979587,0.937,0
2,300,error,smoothing-aimbot,flick,-45.56591501516272,0.9572,0
2,300,error,smoothing-aimbot,flick,-48.84932452481575,0.9774,0
2,300,error,smoothing-aimbot,flick,-60.39617870961807,0.9976,0
2,300,error,smoothing-aimbot,flick,-inf,1,1
2,300,steps,smoothing-aimbot,flick,inf,0,0
2,300,steps,smoothing-aimbot,flick,1.1503891520555003,0,1
2,300,steps,smoothing-aimbot,flick,1.0906157284725897,0.0002,1
2,300,steps,smoothing-aimbot,flick,0.8508696383866262,0.0004,1
2,300,steps,smoothing-aimbot,flick,0.7575400961762283,0.0006,1
2,300,steps,smoothing-aimbot,flick,0.7276612750753698,0.0008,1
2,300,steps,smoothing-aimbot,flick,0.5031783633757194,0.001,1
2,300,steps,smoothing-aimbot,flick,0.48278332433799037,0.0012,1
2,300,steps,smoothing-aimbot,flick,0.4486046984106026,0.0014,1
2,300,steps,smoothing-aimbot,flick,0.4471558205953176,0.0016,1
2,300,steps,smoothing-aimbot,flick,0.4429908507918112,0.0018,1
2,300,steps,smoothing-aimbot,flick,0.44090054817434315,0.002,1
2,300,steps,smoothing-aimbot,flick,0.43788001518008823,0.0022,1
2,300,steps,smoothing-aimbot,flick,0.397356502803509,0.0024,1
2,300,steps,smoothing-aimbot,flick,0.39660692769674966,0.0026,1
2,300,steps,smoothing-aimbot,flick,0.3948100456550275,0.0028,1
2,300,steps,smoothing-aimbot,flick,0.38966310946940336,0.003,1
2,300,steps,smoothing-aimbot,flick,0.37438793218312344,0.0032,1
2,300,steps,smoothing-aimbot,flick,0.3595087356376894,0.0034,1
2,300,steps,smoothing-aimbot,flick,0.33330347059584664,0.0036,1
2,300,steps,smoothing-aimbot,flick,0.32418163424028096,0.0038,1
2,300,steps,smoothing-aimbot,flick,0.31509056842721633,0.004,1
2,300,steps,smoothing-aimbot,flick,0.31151390542574203,0.0042,1
2,300,steps,smoothing-aimbot,flick,0.3106085225201938,0.0044,1
2,300,steps,smoothing-aimbot,flick,0.29723365945901714,0.0046,1
2,300,steps,smoothing-aimbot,flick,0.28902769329628,0.0048,1
2,300,steps,smoothing-aimbot,flick,0.28892451936389985,0.005,1
2,300,steps,smoothing-aimbot,flick,0.28629711605184294,0.0052,1
2,300,steps,smoothing-aimbot,flick,0.2815127303204584,0.0054,1
2,300,steps,smoothing-aimbot,flick,0.2804938921301457,0.0056,1
2,300,steps,smoothing-aimbot,flick,0.2688197436733706,0.0058,1
2,300,steps,smoothing-aimbot,flick,0.2601544189671329,0.006,1
2,300,steps,smoothing-aimbot,flick,0.25886464127180453,0.0062,1
2,300,steps,smoothing-aimbot,flick,0.2558592966269874,0.0064,1
2,300,steps,smoothing-aimbot,flick,0.2558148700563905,0.0066,1
2,300,steps,smoothing-aimbot,flick,0.25364023318237267,0.0068,1
2,300,steps,smoothing-aimbot,flick,0.25107270147058885,0.007,1
2,300,steps,smoothing-aimbot,flick,0.24328204665656286,0.0072,1
2,300,steps,smoothing-aimbot,flick,0.23834884123458486,0.0074,1
2,300,steps,smoothing-aimbot,flick,0.23722876580606542,0.0076,1
2,300,steps,smoothing-aimbot,flick,0.2352846619247794,0.0078,1
2,300,steps,smoothing-aimbot,flick,0.23421764480990065,0.008,1
2,300,steps,smoothing-aimbot,flick,0.2282824595304898,0.0082,1
2,300,steps,smoothing-aimbot,flick,0.22462122879900087,0.0084,1
2,300,steps,smoothing-aimbot,flick,0.22369563535730086,0.0086,1
2,300,steps,smoothing-aimbot,flick,0.22260751330479817,0.0088,1
2,300,steps,smoothing-aimbot,flick,0.2216752142442962,0.009,1
2,300,steps,smoothing-aimbot,flick,0.22145029732517027,0.0092,1
2,300,steps,smoothing-aimbot,flick,0.21844400437927466,0.0094,1
2,300,steps,smoothing-aimbot,flick,0.21830366218727404,0.0096,1
2,300,steps,smoothing-aimbot,flick,0.2173507773639418,0.0098,1
2,300,steps,smoothing-aimbot,flick,0.21661632693822505,0.01,1
2,300,steps,smoothing-aimbot,flick,0.2142823274509837,0.0102,1
2,300,steps,smoothing-aimbot,flick,0.11983008885577467,0.0302,1
2,300,steps,smoothing-aimbot,flick,0.08846780556284817,0.0502,1
2,300,steps,smoothing-aimbot,flick,0.06271470663586645,0.0704,1
2,300,steps,smoothing-aimbot,flick,0.04603038705602127,0.0906,1
2,300,steps,smoothing-aimbot,flick,0.035313164254932694,0.1106,1
2,300,steps,smoothing-aimbot,flick,0.02373454995408397,0.1308,1
2,300,steps,smoothing-aimbot,flick,0.01654731561771503,0.151,1
2,300,steps,smoothing-aimbot,flick,0.011274160452379705,0.171,1
2,300,steps,smoothing-aimbot,flick,0.007249164632267518,0.1912,1
2,300,steps,smoothing-aimbot,flick,0.00468167986047195,0.2114,1
2,300,steps,smoothing-aimbot,flick,0.0022050063408488732,0.2316,1
2,300,steps,smoothing-aimbot,flick,0.0009533013860848154,0.2518,1
2,300,steps,smoothing-aimbot,flick,0.0002170423349348151,0.272,1
2,300,steps,smoothing-aimbot,flick,-0.0000000002869551787612925,0.7044,1
2,300,steps,smoothing-aimbot,flick,-0.0003478419103513903,0.7244,1
2,300,steps,smoothing-aimbot,flick,-0.0012481635636883124,0.7446,1
2,300,steps,smoothing-aimbot,flick,-0.003024470971679188,0.7648,1
2,300,steps,smoothing-aimbot,flick,-0.0055456782558852315,0.7848,1
2,300,steps,smoothing-aimbot,flick,-0.0085882851644868,0.805,1
2,300,steps,smoothing-aimbot,flick,-0.013183501679109892,0.8252,1
2,300,steps,smoothing-aimbot,flick,-0.018357393754891472,0.8454,1
2,300,steps,smoothing-aimbot,flick,-0.024945557702918886,0.8656,1
2,300,steps,smoothing-aimbot,flick,-0.033275296221076694,0.8856,1
2,300,steps,smoothing-aimbot,flick,-0.043464716157820084,0.9058,1
2,300,steps,smoothing-aimbot,flick,-0.05768342065044537,0.926,1
2,300,steps,smoothing-aimbot,flick,-0.08037383217553687,0.9462,1
2,300,steps,smoothing-aimbot,flick,-0.11012741647404223,0.9664,1
2,300,steps,smoothing-aimbot,flick,-0.20299904279509967,0.9864,1
2,300,steps,smoothing-aimbot,flick,-inf,1,1
2,300,error,fast-adaptive-aimbot,flick,inf,0,0
2,300,error,fast-adaptive-aimbot,flick,-2.848421068600258,0,0
2,300,error,fast-adaptive-aimbot,flick,-3.0696860052116817,0.0002,0
2,300,error,fast-adaptive-aimbot,flick,-3.3928433800264415,0.0004,0
2,300,error,fast-adaptive-aimbot,flick,-4.065759945363587,0.0006,0
2,300,error,fast-adaptive-aimbot,flick,-4.234846362000677,0.0008,0
2,300,error,fast-adaptive-aimbot,flick,-4.562282751756979,0.001,0
2,300,error,fast-adaptive-aimbot,flick,-4.673414849737999,0.0012,0
2,300,error,fast-adaptive-aimbot,flick,-4.828465225381927,0.0014,0
2,300,error,fast-adaptive-aimbot,flick,-5.069231031219436,0.0016,0
2,300,error,fast-adaptive-aimbot,flick,-5.097682624880064,0.0018,0
2,300,error,fast-adaptive-aimbot,flick,-5.120966928446827,0.002,0
2,300,error,fast-adaptive-aimbot,flick,-5.232131682892296,0.0022,0
2,300,error,fast-adaptive-aimbot,flick,-5.299673514215996,0.0024,0
2,300,error,fast-adaptive-aimbot,flick,-5.350979796636609,0.0026,0
2,300,error,fast-adaptive-aimbot,flick,-5.570411936730032,0.0028,0
2,300,error,fast-adaptive-aimbot,flick,-5.58738891836004,0.003,0
2,300,error,fast-adaptive-aimbot,flick,-5.833708986028325,0.0032,0
2,300,error,fast-adaptive-aimbot,flick,-5.860286491510189,0.0034,0
2,300,error,fast-adaptive-aimbot,flick,-5.886068553188822,0.0036,0
2,300,error,fast-adaptive-aimbot,flick,-5.933075079176105,0.0038,0
2,300,error,fast-adaptive-aimbot,flick,-6.035591144287773,0.004,0
2,300,error,fast-adaptive-aimbot,flick,-6.062990502551428,0.0042,0
2,300,error,fast-adaptive-aimbot,flick,-6.0643491639658285,0.0044,0
2,300,error,fast-adaptive-aimbot,flick,-6.239314136414008,0.0046,0
2,300,error,fast-adaptive-aimbot,flick,-6.355511793304318,0.0048,0
2,300,error,fast-adaptive-aimbot,flick,-6.376773708200783,0.005,0
2,300,error,fast-adaptive-aimbot,flick,-6.389758315563625,0.0052,0
2,300,error,fast-adaptive-aimbot,flick,-6.4267001365334435,0.0054,0
2,300,error,fast-adaptive-aimbot,flick,-6.445161470939811,0.0056,0
2,300,error,fast-adaptive-aimbot,flick,-6.485726428260264,0.0058,0
2,300,error,fast-adaptive-aimbot,flick,-6.581192847666955,0.006,0
2,300,error,fast-adaptive-aimbot,flick,-6.649577056480828,0.0062,0
2,300,error,fast-adaptive-aimbot,flick,-6.661181013691111,0.0064,0
2,300,error,fast-adaptive-aimbot,flick,-6.746725614069817,0.0066,0
2,300,error,fast-adaptive-aimbot,flick,-6.752876432481383,0.0068,0
2,300,error,fast-adaptive-aimbot,flick,-6.779034084842628,0.007,0
2,300,error,fast-adaptive-aimbot,flick,-6.779378377325136,0.0072,0
2,300,error,fast-adaptive-aimbot,flick,-6.792465461356882,0.0074,0
2,300,error,fast-adaptive-aimbot,flick,-6.871369874258374,0.0076,0
2,300,error,fast-adaptive-aimbot,flick,-6.88400809455269,0.0078,0
2,300,error,fast-adaptive-aimbot,flick,-6.907236428767348,0.008,0
2,300,error,fast-adaptive-aimbot,flick,-6.935617591712211,0.0082,0
2,300,error,fast-adaptive-aimbot,flick,-7.060014922410597,0.0084,0
2,300,error,fast-adaptive-aimbot,flick,-7.128051849820335,0.0086,0
2,300,error,fast-adaptive-aimbot,flick,-7.132539953936879,0.0088,0
2,300,error,fast-adaptive-aimbot,flick,-7.138350210161113,0.009,0
2,300,error,fast-adaptive-aimbot,flick,-7.1908203043388506,0.0092,0
2,300,error,fast-adaptive-aimbot,flick,-7.222915109901749,0.0094,0
2,300,error,fast-adaptive-aimbot,flick,-7.242955643238488,0.0096,0
2,300,error,fast-adaptive-aimbot,flick,-7.275594586532797,0.0098,0
2,300,error,fast-adaptive-aimbot,flick,-7.32629303523393,0.01,0
2,300,error,fast-adaptive-aimbot,flick,-7.381077228626973,0.0102,0
2,300,error,fast-adaptive-aimbot,flick,-10.122834891682135,0.0302,0
2,300,error,fast-adaptive-aimbot,flick,-11.471485270691057,0.0502,0
2,300,error,fast-adaptive-aimbot,flick,-12.812346211952601,0.0704,0
2,300,error,fast-adaptive-aimbot,flick,-13.876780096442136,0.0906,0
2,300,error,fast-adaptive-aimbot,flick,-14.769064974818479,0.1106,0
2,300,error,fast-adaptive-aimbot,flick,-15.633579997575325,0.1308,0
2,300,error,fast-adaptive-aimbot,flick,-16.337001738851825,0.151,0
2,300,error,fast-adaptive-aimbot,flick,-17.076050323301068,0.171,0
2,300,error,fast-adaptive-aimbot,flick,-17.67780312670577,0.1912,0
2,300,error,fast-adaptive-aimbot,flick,-18.312448398854546,0.2114,0
2,300,error,fast-adaptive-aimbot,flick,-18.90548643318052,0.2316,0
2,300,error,fast-adaptive-aimbot,flick,-19.429965550953302,0.2518,0
2,300,error,fast-adaptive-aimbot,flick,-19.936432775090005,0.272,0
2,300,error,fast-adaptive-aimbot,flick,-20.45168059496332,0.2922,0
2,300,error,fast-adaptive-aimbot,flick,-20.991419756480337,0.3124,0
2,300,error,fast-adaptive-aimbot,flick,-21.540990256282395,0.3326,0
2,300,error,fast-adaptive-aimbot,flick,-22.104880300142554,0.3526,0
2,300,error,fast-adaptive-aimbot,flick,-22.649050350054814,0.3728,0
2,300,error,fast-adaptive-aimbot,flick,-23.152331193655467,0.393,0
2,300,error,fast-adaptive-aimbot,flick,-23.708718952552108,0.4132,0
2,300,error,fast-adaptive-aimbot,flick,-24.318727591741673,0.4334,0
2,300,error,fast-adaptive-aimbot,flick,-24.778656511087934,0.4534,0
2,300,error,fast-adaptive-aimbot,flick,-25.31863208109655,0.4736,0
2,300,error,fast-adaptive-aimbot,flick,-25.823298884935355,0.4938,0
2,300,error,fast-adaptive-aimbot,flick,-26.342040714606647,0.5138,0
2,300,error,fast-adaptive-aimbot,flick,-26.859567732245857,0.5338,0
2,300,error,fast-adaptive-aimbot,flick,-27.329772751163087,0.554,0
2,300,error,fast-adaptive-aimbot,flick,-27.858297008544277,0.5742,0
2,300,error,fast-adaptive-aimbot,flick,-28.403158436285846,0.5944,0
2,300,error,fast-adaptive-aimbot,flick,-28.96240632073942,0.6146,0
2,300,error,fast-adaptive-aimbot,flick,-29.536190877157726,0.6346,0
2,300,error,fast-adaptive-aimbot,flick,-30.150336050175714,0.6548,0.002
2,300,error,fast-adaptive-aimbot,flick,-30.794490005660442,0.675,0.002
2,300,error,fast-adaptive-aimbot,flick,-31.444942170018926,0.6952,0.002
2,300,error,fast-adaptive-aimbot,flick,-32.10450617356053,0.7154,0.002
2,300,error,fast-adaptive-aimbot,flick,-32.734126800090294,0.7354,0.002
2,300,error,fast-adaptive-aimbot,flick,-33.470868980362255,0.7556,0.004
2,300,error,fast-adaptive-aimbot,flick,-34.134703779448905,0.7758,0.004
2,300,error,fast-adaptive-aimbot,flick,-34.89636255045051,0.796,0.004
2,300,error,fast-adaptive-aimbot,flick,-35.937871117197105,0.8162,0.004
2,300,error,fast-adaptive-aimbot,flick,-36.82310967424207,0.8362,0.004
2,300,error,fast-adaptive-aimbot,flick,-37.82436374215796,0.8564,0.01
2,300,error,fast-adaptive-aimbot,flick,-38.92973708747339,0.8766,0.01
2,300,error,fast-adaptive-aimbot,flick,-40.254310181806986,0.8968,0.01
2,300,error,fast-adaptive-aimbot,flick,-41.55706158154456,0.917,0.01
2,300,error,fast-adaptive-aimbot,flick,-43.59461742979587,0.937,0.01
2,300,error,fast-adaptive-aimbot,flick,-45.56591501516272,0.9572,0.016
2,300,error,fast-adaptive-aimbot,flick,-48.84932452481575,0.9774,0.028
2,300,error,fast-adaptive-aimbot,flick,-60.39617870961807,0.9976,0.128
2,300,error,fast-adaptive-aimbot,flick,-inf,1,1
2,900,error,recoil-macro,spray,inf,0,0
2,900,error,recoil-macro,spray,0.08844635727959478,0,1
2,900,error,recoil-macro,spray,0.05880899062590761,0.0002,1
2,900,error,recoil-macro,spray,0.0006849355825104044,0.0004,1
2,900,error,recoil-macro,spray,0.000392600298881021,0.0006,1
2,900,error,recoil-macro,spray,-0.0034253460982685336,0.0008,1
2,900,error,recoil-macro,spray,-0.006027192036949763,0.001,1
2,900,error,recoil-macro,spray,-0.016113028718985435,0.0012,1
2,900,error,recoil-macro,spray,-0.027696035030932906,0.0014,1
2,900,error,recoil-macro,spray,-0.028575090882419572,0.0016,1
2,900,error,recoil-macro,spray,-0.03285659529887782,0.0018,1
2,900,error,recoil-macro,spray,-0.03348010396902168,0.002,1
2,900,error,recoil-macro,spray,-0.03845456060634204,0.0022,1
2,900,error,recoil-macro,spray,-0.06199869317472567,0.0024,1
2,900,error,recoil-macro,spray,-0.06290568205262967,0.0026,1
2,900,error,recoil-macro,spray,-0.06522438044894824,0.0028,1
2,900,error,recoil-macro,spray,-0.06590920127212661,0.003,1
2,900,error,recoil-macro,spray,-0.08772593822596819,0.0032,1
2,900,error,recoil-macro,spray,-0.10264194037162573,0.0034,1
2,900,error,recoil-macro,spray,-0.10473248741618224,0.0036,1
2,900,error,recoil-macro,spray,-0.1067415771870492,0.0038,1
2,900,error,recoil-macro,spray,-0.1102382905425636,0.004,1
2,900,error,recoil-macro,spray,-0.11466259133153418,0.0042,1
2,900,error,recoil-macro,spray,-0.11966816329350481,0.0044,1
2,900,error,recoil-macro,spray,-0.1247831919780651,0.0046,1
2,900,error,recoil-macro,spray,-0.12697567034020882,0.0048,1
2,900,error,recoil-macro,spray,-0.13120233515487795,0.005,1
2,900,error,recoil-macro,spray,-0.13507763298279157,0.0052,1
2,900,error,recoil-macro,spray,-0.14350036613663075,0.0054,1
2,900,error,recoil-macro,spray,-0.14620834786550133,0.0056,1
2,900,error,recoil-macro,spray,-0.1581918735914299,0.0058,1
2,900,error,recoil-macro,spray,-0.1586450864315552,0.006,1
2,900,error,recoil-macro,spray,-0.17865850200552028,0.0062,1
2,900,error,recoil-macro,spray,-0.18450584354344748,0.0064,1
2,900,error,recoil-macro,spray,-0.18835638984409653,0.0066,1
2,900,error,recoil-macro,spray,-0.18980065671921942,0.0068,1
2,900,error,recoil-macro,spray,-0.19120061011005737,0.007,1
2,900,error,recoil-macro,spray,-0.20106927429849983,0.0072,1
2,900,error,recoil-macro,spray,-0.20368558373228454,0.0074,1
2,900,error,recoil-macro,spray,-0.20788800477603347,0.0076,1
2,900,error,recoil-macro,spray,-0.21444480116180378,0.0078,1
2,900,error,recoil-macro,spray,-0.21453664769843364,0.008,1
2,900,error,recoil-macro,spray,-0.22302689319669677,0.0082,1
2,900,error,recoil-macro,spray,-0.2233437869125011,0.0084,1
2,900,error,recoil-macro,spray,-0.22551814204577006,0.0086,1
2,900,error,recoil-macro,spray,-0.23247149537656023,0.0088,1
2,900,error,recoil-macro,spray,-0.23856758126654345,0.009,1
2,900,error,recoil-macro,spray,-0.2390552156597455,0.0092,1
2,900,error,recoil-macro,spray,-0.2520064557139608,0.0094,1
2,900,error,recoil-macro,spray,-0.2534900831322708,0.0096,1
2,900,error,recoil-macro,spray,-0.2686357535077534,0.0098,1
2,900,error,recoil-macro,spray,-0.2761174581047747,0.01,1
2,900,error,recoil-macro,spray,-0.2869460554880301,0.0102,1
2,900,error,recoil-macro,spray,-0.7186157631469302,0.0302,1
2,900,error,recoil-macro,spray,-1.0722136182500082,0.0502,1
2,900,error,recoil-macro,spray,-1.3094244323776087,0.0704,1
2,900,error,recoil-macro,spray,-1.5375336781809599,0.0906,1
2,900,error,recoil-macro,spray,-1.746128134104673,0.1106,1
2,900,error,recoil-macro,spray,-1.960478125747964,0.1308,1
2,900,error,recoil-macro,spray,-2.1702733867418056,0.151,1
2,900,error,recoil-macro,spray,-2.3444539262195363,0.171,1
2,900,error,recoil-macro,spray,-2.4979502293096147,0.1912,1
2,900,error,recoil-macro,spray,-2.6655463467575897,0.2114,1
2,900,error,recoil-macro,spray,-2.803811061640812,0.2316,1
2,900,error,recoil-macro,spray,-2.9759870169693308,0.2518,1
2,900,error,recoil-macro,spray,-3.1221800179904644,0.272,1
2,900,error,recoil-macro,spray,-3.2686295466175492,0.2922,1
2,900,error,recoil-macro,spray,-3.4051238433313564,0.3124,1
2,900,error,recoil-macro,spray,-3.5478120784610723,0.3326,1
2,900,error,recoil-macro,spray,-3.6956516470017085,0.3526,1
2,900,error,recoil-macro,spray,-3.8382116845701217,0.3728,1
2,900,error,recoil-macro,spray,-4.020875829027348,0.393,1
2,900,error,recoil-macro,spray,-4.186539392404744,0.4132,1
2,900,error,recoil-macro,spray,-4.32400965885127,0.4334,1
2,900,error,recoil-macro,spray,-4.472357887963242,0.4534,1
2,900,error,recoil-macro,spray,-4.6215190456659325,0.4736,1
2,900,error,recoil-macro,spray,-4.780140663962086,0.4938,1
2,900,error,recoil-macro,spray,-4.9282934763456945,0.5138,1
2,900,error,recoil-macro,spray,-5.070922429435687,0.5338,1
2,900,error,recoil-macro,spray,-5.210362819879657,0.554,1
2,900,error,recoil-macro,spray,-5.38539151259711,0.5742,1
2,900,error,recoil-macro,spray,-5.550369638040612,0.5944,1
2,900,error,recoil-macro,spray,-5.748470364068228,0.6146,1
2,900,error,recoil-macro,spray,-5.904706608324173,0.6346,1
2,900,error,recoil-macro,spray,-6.063477278572044,0.6548,1
2,900,error,recoil-macro,spray,-6.288567865258379,0.675,1
2,900,error,recoil-macro,spray,-6.483394227018236,0.6952,1
2,900,error,recoil-macro,spray,-6.688533660362656,0.7154,1
2,900,error,recoil-macro,spray,-6.929672414653622,0.7354,1
2,900,error,recoil-macro,spray,-7.170809504301479,0.7556,1
2,900,error,recoil-macro,spray,-7.364721283791257,0.7758,1
2,900,error,recoil-macro,spray,-7.618493308856141,0.796,1
2,900,error,recoil-macro,spray,-7.884239582400626,0.8162,1
2,900,error,recoil-macro,spray,-8.203020664431252,0.8362,1
2,900,error,recoil-macro,spray,-8.555650124289023,0.8564,1
2,900,error,recoil-macro,spray,-8.888789324676067,0.8766,1
2,900,error,recoil-macro,spray,-9.238258773540652,0.8968,1
2,900,error,recoil-macro,spray,-9.75585987872778,0.917,1
2,900,error,recoil-macro,spray,-10.402115035495932,0.937,1
2,900,error,recoil-macro,spray,-11.278027316709094,0.9572,1
2,900,error,recoil-macro,spray,-12.688411107460276,0.9774,1
2,900,error,recoil-macro,spray,-16.49159828996812,0.9976,1
2,900,error,recoil-macro,spray,-inf,1,1
2,900,error,flick-aimbot,flick,inf,0,0
2,900,error,flick-aimbot,flick,-14.90659023159912,0,1
2,900,error,flick-aimbot,flick,-16.501606152573192,0.0002,1
2,900,error,flick-aimbot,flick,-17.029909890649133,0.0004,1
2,900,error,flick-aimbot,flick,-20.689157759593655,0.0006,1
2,900,error,flick-aimbot,flick,-21.915281453866726,0.0008,1
2,900,error,flick-aimbot,flick,-24.75889585008436,0.001,1
2,900,error,flick-aimbot,flick,-25.349733619121796,0.0012,1
2,900,error,flick-aimbot,flick,-25.701921546225226,0.0014,1
2,900,error,flick-aimbot,flick,-25.756054139741924,0.0016,1
2,900,error,flick-aimbot,flick,-26.292160596964354,0.0018,1
2,900,error,flick-aimbot,flick,-27.053666298920536,0.002,1
2,900,error,flick-aimbot,flick,-27.59006754274769,0.0022,1
2,900,error,flick-aimbot,flick,-27.867556878359164,0.0024,1
2,900,error,flick-aimbot,flick,-27.943323414332717,0.0026,1
2,900,error,flick-aimbot,flick,-28.632269445400276,0.0028,1
2,900,error,flick-aimbot,flick,-28.811897387201878,0.003,1
2,900,error,flick-aimbot,flick,-28.82313797912255,0.0032,1
2,900,error,flick-aimbot,flick,-28.85178606746168,0.0034,1
2,900,error,flick-aimbot,flick,-29.752759378909705,0.0036,1
2,900,error,flick-aimbot,flick,-29.78868252952074,0.0038,1
2,900,error,flick-aimbot,flick,-29.87439104678571,0.004,1
2,900,error,flick-aimbot,flick,-30.05093330256637,0.0042,1
2,900,error,flick-aimbot,flick,-30.583049736392585,0.0044,1
2,900,error,flick-aimbot,flick,-30.75047254348589,0.0046,1
2,900,error,flick-aimbot,flick,-30.75945808260179,0.0048,1
2,900,error,flick-aimbot,flick,-30.762855137535457,0.005,1
2,900,error,flick-aimbot,flick,-30.92795070025435,0.0052,1
2,900,error,flick-aimbot,flick,-30.997939701523542,0.0054,1
2,900,error,flick-aimbot,flick,-31.007262664667696,0.0056,1
2,900,error,flick-aimbot,flick,-31.083333213132548,0.0058,1
2,900,error,flick-aimbot,flick,-31.274069124766793,0.006,1
2,900,error,flick-aimbot,flick,-31.35003615749034,0.0062,1
2,900,error,flick-aimbot,flick,-31.408384595099985,0.0064,1
2,900,error,flick-aimbot,flick,-31.57778219051061,0.0066,1
2,900,error,flick-aimbot,flick,-31.773410714028557,0.0068,1
2,900,error,flick-aimbot,flick,-32.02602957140458,0.007,1
2,900,error,flick-aimbot,flick,-32.071227817959034,0.0072,1
2,900,error,flick-aimbot,flick,-32.08338966949485,0.0074,1
2,900,error,flick-aimbot,flick,-32.17038567190477,0.0076,1
2,900,error,flick-aimbot,flick,-32.32167338154536,0.0078,1
2,900,error,flick-aimbot,flick,-32.36445891901284,0.008,1
2,900,error,flick-aimbot,flick,-32.374963658422985,0.0082,1
2,900,error,flick-aimbot,flick,-32.4371952682229,0.0084,1
2,900,error,flick-aimbot,flick,-32.70694106205813,0.0086,1
2,900,error,flick-aimbot,flick,-32.84330991478212,0.0088,1
2,900,error,flick-aimbot,flick,-32.844975183837,0.009,1
2,900,error,flick-aimbot,flick,-33.11494972804193,0.0092,1
2,900,error,flick-aimbot,flick,-33.16850995121809,0.0094,1
2,900,error,flick-aimbot,flick,-33.17385726467969,0.0096,1
2,900,error,flick-aimbot,flick,-33.37280975985257,0.0098,1
2,900,error,flick-aimbot,flick,-33.45616395642564,0.01,1
2,900,error,flick-aimbot,flick,-33.6272936029504,0.0102,1
2,900,error,flick-aimbot,flick,-41.039234597453614,0.0302,1
2,900,error,flick-aimbot,flick,-44.40368364148367,0.0502,1
2,900,error,flick-aimbot,flick,-47.46855927748873,0.0704,1
2,900,error,flick-aimbot,flick,-49.94365818838795,0.0906,1
2,900,error,flick-aimbot,flick,-51.83311572368845,0.1106,1
2,900,error,flick-aimbot,flick,-53.605553131297356,0.1308,1
2,900,error,flick-aimbot,flick,-55.45257651715136,0.151,1
2,900,error,flick-aimbot,flick,-57.28284738184776,0.171,1
2,900,error,flick-aimbot,flick,-59.33188652582024,0.1912,1
2,900,error,flick-aimbot,flick,-60.9960083855929,0.2114,1
2,900,error,flick-aimbot,flick,-62.335400778288594,0.2316,1
2,900,error,flick-aimbot,flick,-63.6589622520565,0.2518,1
2,900,error,flick-aimbot,flick,-64.82715375012742,0.272,1
2,900,error,flick-aimbot,flick,-66.23578689669321,0.2922,1
2,900,error,flick-aimbot,flick,-67.35061936461994,0.3124,1
2,900,error,flick-aimbot,flick,-68.89190229672842,0.3326,1
2,900,error,flick-aimbot,flick,-70.14530340929818,0.3526,1
2,900,error,flick-aimbot,flick,-71.6738986659801,0.3728,1
2,900,error,flick-aimbot,flick,-73.03334721643198,0.393,1
2,900,error,flick-aimbot,flick,-74.47198021583934,0.4132,1
2,900,error,flick-aimbot,flick,-75.6920093246069,0.4334,1
2,900,error,flick-aimbot,flick,-76.99367826719322,0.4534,1
2,900,error,flick-aimbot,flick,-78.31805130075965,0.4736,1
2,900,error,flick-aimbot,flick,-79.3695633377188,0.4938,1
2,900,error,flick-aimbot,flick,-80.49039923022553,0.5138,1
2,900,error,flick-aimbot,flick,-81.53060985090772,0.5338,1
2,900,error,flick-aimbot,flick,-82.81535676862289,0.554,1
2,900,error,flick-aimbot,flick,-83.95011869121777,0.5742,1
2,900,error,flick-aimbot,flick,-85.09447242843297,0.5944,1
2,900,error,flick-aimbot,flick,-86.21402405313802,0.6146,1
2,900,error,flick-aimbot,flick,-87.47872067625345,0.6346,1
2,900,error,flick-aimbot,flick,-88.7338352165625,0.6548,1
2,900,error,flick-aimbot,flick,-90.09670025608281,0.675,1
2,900,error,flick-aimbot,flick,-91.53237589820425,0.6952,1
2,900,error,flick-aimbot,flick,-93.02607645808398,0.7154,1
2,900,error,flick-aimbot,flick,-94.42380435436121,0.7354,1
2,900,error,flick-aimbot,flick,-95.87613600618008,0.7556,1
2,900,error,flick-aimbot,flick,-97.44344603444853,0.7758,1
2,900,error,flick-aimbot,flick,-98.87093974821207,0.796,1
2,900,error,flick-aimbot,flick,-100.68693433724128,0.8162,1
2,900,error,flick-aimbot,flick,-102.49524333088299,0.8362,1
2,900,error,flick-aimbot,flick,-104.09629709666949,0.8564,1
2,900,error,flick-aimbot,flick,-106.40056618925361,0.8766,1
2,900,error,flick-aimbot,flick,-109.00233282874528,0.8968,1
2,900,error,flick-aimbot,flick,-112.39840328128098,0.917,1
2,900,error,flick-aimbot,flick,-115.89411754078516,0.937,1
2,900,error,flick-aimbot,flick,-120.25070037609588,0.9572,1
2,900,error,flick-aimbot,flick,-125.56302968734452,0.9774,1
2,900,error,flick-aimbot,flick,-143.92771095920068,0.9976,1
2,900,error,flick-aimbot,flick,-inf,1,1
2,900,error,humanised-aimbot,flick,inf,0,0
2,900,error,humanised-aimbot,flick,-14.90659023159912,0,1
2,900,error,humanised-aimbot,flick,-16.501606152573192,0.0002,1
2,900,error,humanised-aimbot,flick,-17.029909890649133,0.0004,1
2,900,error,humanised-aimbot,flick,-20.689157759593655,0.0006,1
2,900,error,humanised-aimbot,flick,-21.915281453866726,0.0008,1
2,900,error,humanised-aimbot,flick,-24.75889585008436,0.001,1
2,900,error,humanised-aimbot,flick,-25.349733619121796,0.0012,1
2,900,error,humanised-aimbot,flick,-25.701921546225226,0.0014,1
2,900,error,humanised-aimbot,flick,-25.756054139741924,0.0016,1
2,900,error,humanised-aimbot,flick,-26.292160596964354,0.0018,1
2,900,error,humanised-aimbot,flick,-27.053666298920536,0.002,1
2,900,error,humanised-aimbot,flick,-27.59006754274769,0.0022,1
2,900,error,humanised-aimbot,flick,-27.867556878359164,0.0024,1
2,900,error,humanised-aimbot,flick,-27.943323414332717,0.0026,1
2,900,error,humanised-aimbot,flick,-28.632269445400276,0.0028,1
2,900,error,humanised-aimbot,flick,-28.811897387201878,0.003,1
2,900,error,humanised-aimbot,flick,-28.82313797912255,0.0032,1
2,900,error,humanised-aimbot,flick,-28.85178606746168,0.0034,1
2,900,error,humanised-aimbot,flick,-29.752759378909705,0.0036,1
2,900,error,humanised-aimbot,flick,-29.78868252952074,0.0038,1
2,900,error,humanised-aimbot,flick,-29.87439104678571,0.004,1
2,900,error,humanised-aimbot,flick,-30.05093330256637,0.0042,1
2,900,error,humanised-aimbot,flick,-30.583049736392585,0.0044,1
2,900,error,humanised-aimbot,flick,-30.75047254348589,0.0046,1
2,900,error,humanised-aimbot,flick,-30.75945808260179,0.0048,1
2,900,error,humanised-aimbot,flick,-30.762855137535457,0.005,1
2,900,error,humanised-aimbot,flick,-30.92795070025435,0.0052,1
2,900,error,humanised-aimbot,flick,-30.997939701523542,0.0054,1
2,900,error,humanised-aimbot,flick,-31.007262664667696,0.0056,1
2,900,error,humanised-aimbot,flick,-31.083333213132548,0.0058,1
2,900,error,humanised-aimbot,flick,-31.274069124766793,0.006,1
2,900,error,humanised-aimbot,flick,-31.35003615749034,0.0062,1
2,900,error,humanised-aimbot,flick,-31.408384595099985,0.0064,1
2,900,error,humanised-aimbot,flick,-31.57778219051061,0.0066,1
2,900,error,humanised-aimbot,flick,-31.773410714028557,0.0068,1
2,900,error,humanised-aimbot,flick,-32.02602957140458,0.007,1
2,900,error,humanised-aimbot,flick,-32.071227817959034,0.0072,1
2,900,error,humanised-aimbot,flick,-32.08338966949485,0.0074,1
2,900,error,humanised-aimbot,flick,-32.17038567190477,0.0076,1
2,900,error,humanised-aimbot,flick,-32.32167338154536,0.0078,1
2,900,error,humanised-aimbot,flick,-32.36445891901284,0.008,1
2,900,error,humanised-aimbot,flick,-32.374963658422985,0.0082,1
2,900,error,humanised-aimbot,flick,-32.4371952682229,0.0084,1
2,900,error,humanised-aimbot,flick,-32.70694106205813,0.0086,1
2,900,error,humanised-aimbot,flick,-32.84330991478212,0.0088,1
2,900,error,humanised-aimbot,flick,-32.844975183837,0.009,1
2,900,error,humanised-aimbot,flick,-33.11494972804193,0.0092,1
2,900,error,humanised-aimbot,flick,-33.16850995121809,0.0094,1
2,900,error,humanised-aimbot,flick,-33.17385726467969,0.0096,1
2,900,error,humanised-aimbot,flick,-33.37280975985257,0.0098,1
2,900,error,humanised-aimbot,flick,-33.45616395642564,0.01,1
2,900,error,humanised-aimbot,flick,-33.6272936029504,0.0102,1
2,900,error,humanised-aimbot,flick,-41.039234597453614,0.0302,1
2,900,error,humanised-aimbot,flick,-44.40368364148367,0.0502,1
2,900,error,humanised-aimbot,flick,-47.46855927748873,0.0704,1
2,900,error,humanised-aimbot,flick,-49.94365818838795,0.0906,1
2,900,error,humanised-aimbot,flick,-51.83311572368845,0.1106,1
2,900,error,humanised-aimbot,flick,-53.605553131297356,0.1308,1
2,900,error,humanised-aimbot,flick,-55.45257651715136,0.151,1
2,900,error,humanised-aimbot,flick,-57.28284738184776,0.171,1
2,900,error,humanised-aimbot,flick,-59.33188652582024,0.1912,1
2,900,error,humanised-aimbot,flick,-60.9960083855929,0.2114,1
2,900,error,humanised-aimbot,flick,-62.335400778288594,0.2316,1
2,900,error,humanised-aimbot,flick,-63.6589622520565,0.2518,1
2,900,error,humanised-aimbot,flick,-64.82715375012742,0.272,1
2,900,error,humanised-aimbot,flick,-66.23578689669321,0.2922,1
2,900,error,humanised-aimbot,flick,-67.35061936461994,0.3124,1
2,900,error,humanised-aimbot,flick,-68.89190229672842,0.3326,1
2,900,error,humanised-aimbot,flick,-70.14530340929818,0.3526,1
2,900,error,humanised-aimbot,flick,-71.6738986659801,0.3728,1
2,900,error,humanised-aimbot,flick,-73.03334721643198,0.393,1
2,900,error,humanised-aimbot,flick,-74.47198021583934,0.4132,1
2,900,error,humanised-aimbot,flick,-75.6920093246069,0.4334,1
2,900,error,humanised-aimbot,flick,-76.99367826719322,0.4534,1
2,900,error,humanised-aimbot,flick,-78.31805130075965,0.4736,1
2,900,error,humanised-aimbot,flick,-79.3695633377188,0.4938,1
2,900,error,humanised-aimbot,flick,-80.49039923022553,0.5138,1
2,900,error,humanised-aimbot,flick,-81.53060985090772,0.5338,1
2,900,error,humanised-aimbot,flick,-82.81535676862289,0.554,1
2,900,error,humanised-aimbot,flick,-83.95011869121777,0.5742,1
2,900,error,humanised-aimbot,flick,-85.09447242843297,0.5944,1
2,900,error,humanised-aimbot,flick,-86.21402405313802,0.6146,1
2,900,error,humanised-aimbot,flick,-87.47872067625345,0.6346,1
2,900,error,humanised-aimbot,flick,-88.7338352165625,0.6548,1
2,900,error,humanised-aimbot,flick,-90.09670025608281,0.675,1
2,900,error,humanised-aimbot,flick,-91.53237589820425,0.6952,1
2,900,error,humanised-aimbot,flick,-93.02607645808398,0.7154,1
2,900,error,humanised-aimbot,flick,-94.42380435436121,0.7354,1
2,900,error,humanised-aimbot,flick,-95.87613600618008,0.7556,1
2,900,error,humanised-aimbot,flick,-97.44344603444853,0.7758,1
2,900,error,humanised-aimbot,flick,-98.87093974821207,0.796,1
2,900,error,humanised-aimbot,flick,-100.68693433724128,0.8162,1
2,900,error,humanised-aimbot,flick,-102.49524333088299,0.8362,1
2,900,error,humanised-aimbot,flick,-104.09629709666949,0.8564,1
2,900,error,humanised-aimbot,flick,-106.40056618925361,0.8766,1
2,900,error,humanised-aimbot,flick,-109.00233282874528,0.8968,1
2,900,error,humanised-aimbot,flick,-112.39840328128098,0.917,1
2,900,error,humanised-aimbot,flick,-115.89411754078516,0.937,1
2,900,error,humanised-aimbot,flick,-120.25070037609588,0.9572,1
2,900,error,humanised-aimbot,flick,-125.56302968734452,0.9774,1
2,900,error,humanised-aimbot,flick,-143.92771095920068,0.9976,1
2,900,error,humanised-aimbot,flick,-inf,1,1
2,900,error,adaptive-aimbot,flick,inf,0,0
2,900,error,adaptive-aimbot,flick,-14.90659023159912,0,1
2,900,error,adaptive-aimbot,flick,-16.501606152573192,0.0002,1
2,900,error,adaptive-aimbot,flick,-17.029909890649133,0.0004,1
2,900,error,adaptive-aimbot,flick,-20.689157759593655,0.0006,1
2,900,error,adaptive-aimbot,flick,-21.915281453866726,0.0008,1
2,900,error,adaptive-aimbot,flick,-24.75889585008436,0.001,1
2,900,error,adaptive-aimbot,flick,-25.349733619121796,0.0012,1
2,900,error,adaptive-aimbot,flick,-25.701921546225226,0.0014,1
2,900,error,adaptive-aimbot,flick,-25.756054139741924,0.0016,1
2,900,error,adaptive-aimbot,flick,-26.292160596964354,0.0018,1
2,900,error,adaptive-aimbot,flick,-27.053666298920536,0.002,1
2,900,error,adaptive-aimbot,flick,-27.59006754274769,0.0022,1
2,900,error,adaptive-aimbot,flick,-27.867556878359164,0.0024,1
2,900,error,adaptive-aimbot,flick,-27.943323414332717,0.0026,1
2,900,error,adaptive-aimbot,flick,-28.632269445400276,0.0028,1
2,900,error,adaptive-aimbot,flick,-28.811897387201878,0.003,1
2,900,error,adaptive-aimbot,flick,-28.82313797912255,0.0032,1
2,900,error,adaptive-aimbot,flick,-28.85178606746168,0.0034,1
2,900,error,adaptive-aimbot,flick,-29.752759378909705,0.0036,1
2,900,error,adaptive-aimbot,flick,-29.78868252952074,0.0038,1
2,900,error,adaptive-aimbot,flick,-29.87439104678571,0.004,1
2,900,error,adaptive-aimbot,flick,-30.05093330256637,0.0042,1
2,900,error,adaptive-aimbot,flick,-30.583049736392585,0.0044,1
2,900,error,adaptive-aimbot,flick,-30.75047254348589,0.0046,1
2,900,error,adaptive-aimbot,flick,-30.75945808260179,0.0048,1
2,900,error,adaptive-aimbot,flick,-30.762855137535457,0.005,1
2,900,error,adaptive-aimbot,flick,-30.92795070025435,0.0052,1
2,900,error,adaptive-aimbot,flick,-30.997939701523542,0.0054,1
2,900,error,adaptive-aimbot,flick,-31.007262664667696,0.0056,1
2,900,error,adaptive-aimbot,flick,-31.083333213132548,0.0058,1
2,900,error,adaptive-aimbot,flick,-31.274069124766793,0.006,1
2,900,error,adaptive-aimbot,flick,-31.35003615749034,0.0062,1
2,900,error,adaptive-aimbot,flick,-31.408384595099985,0.0064,1
2,900,error,adaptive-aimbot,flick,-31.57778219051061,0.0066,1
2,900,error,adaptive-aimbot,flick,-31.773410714028557,0.0068,1
2,900,error,adaptive-aimbot,flick,-32.02602957140458,0.007,1
2,900,error,adaptive-aimbot,flick,-32.071227817959034,0.0072,1
2,900,error,adaptive-aimbot,flick,-32.08338966949485,0.0074,1
2,900,error,adaptive-aimbot,flick,-32.17038567190477,0.0076,1
2,900,error,adaptive-aimbot,flick,-32.32167338154536,0.0078,1
2,900,error,adaptive-aimbot,flick,-32.36445891901284,0.008,1
2,900,error,adaptive-aimbot,flick,-32.374963658422985,0.0082,1
2,900,error,adaptive-aimbot,flick,-32.4371952682229,0.0084,1
2,900,error,adaptive-aimbot,flick,-32.70694106205813,0.0086,1
2,900,error,adaptive-aimbot,flick,-32.84330991478212,0.0088,1
2,900,error,adaptive-aimbot,flick,-32.844975183837,0.009,1
2,900,error,adaptive-aimbot,flick,-33.11494972804193,0.0092,1
2,900,error,adaptive-aimbot,flick,-33.16850995121809,0.0094,1
2,900,error,adaptive-aimbot,flick,-33.17385726467969,0.0096,1
2,900,error,adaptive-aimbot,flick,-33.37280975985257,0.0098,1
2,900,error,adaptive-aimbot,flick,-33.45616395642564,0.01,1
2,900,error,adaptive-aimbot,flick,-33.6272936029504,0.0102,1
2,900,error,adaptive-aimbot,flick,-41.039234597453614,0.0302,1
2,900,error,adaptive-aimbot,flick,-44.40368364148367,0.0502,1
2,900,error,adaptive-aimbot,flick,-47.46855927748873,0.0704,1
2,900,error,adaptive-aimbot,flick,-49.94365818838795,0.0906,1
2,900,error,adaptive-aimbot,flick,-51.83311572368845,0.1106,1
2,900,error,adaptive-aimbot,flick,-53.605553131297356,0.1308,1
2,900,error,adaptive-aimbot,flick,-55.45257651715136,0.151,1
2,900,error,adaptive-aimbot,flick,-57.28284738184776,0.171,1
2,900,error,adaptive-aimbot,flick,-59.33188652582024,0.1912,1
2,900,error,adaptive-aimbot,flick,-60.9960083855929,0.2114,1
2,900,error,adaptive-aimbot,flick,-62.335400778288594,0.2316,1
2,900,error,adaptive-aimbot,flick,-63.6589622520565,0.2518,1
2,900,error,adaptive-aimbot,flick,-64.82715375012742,0.272,1
2,900,error,adaptive-aimbot,flick,-66.23578689669321,0.2922,1
2,900,error,adaptive-aimbot,flick,-67.35061936461994,0.3124,1
2,900,error,adaptive-aimbot,flick,-68.89190229672842,0.3326,1
2,900,error,adaptive-aimbot,flick,-70.14530340929818,0.3526,1
2,900,error,adaptive-aimbot,flick,-71.6738986659801,0.3728,1
2,900,error,adaptive-aimbot,flick,-73.03334721643198,0.393,1
2,900,error,adaptive-aimbot,flick,-74.47198021583934,0.4132,1
2,900,error,adaptive-aimbot,flick,-75.6920093246069,0.4334,1
2,900,error,adaptive-aimbot,flick,-76.99367826719322,0.4534,1
2,900,error,adaptive-aimbot,flick,-78.31805130075965,0.4736,1
2,900,error,adaptive-aimbot,flick,-79.3695633377188,0.4938,1
2,900,error,adaptive-aimbot,flick,-80.49039923022553,0.5138,1
2,900,error,adaptive-aimbot,flick,-81.53060985090772,0.5338,1
2,900,error,adaptive-aimbot,flick,-82.81535676862289,0.554,1
2,900,error,adaptive-aimbot,flick,-83.95011869121777,0.5742,1
2,900,error,adaptive-aimbot,flick,-85.09447242843297,0.5944,1
2,900,error,adaptive-aimbot,flick,-86.21402405313802,0.6146,1
2,900,error,adaptive-aimbot,flick,-87.47872067625345,0.6346,1
2,900,error,adaptive-aimbot,flick,-88.7338352165625,0.6548,1
2,900,error,adaptive-aimbot,flick,-90.09670025608281,0.675,1
2,900,error,adaptive-aimbot,flick,-91.53237589820425,0.6952,1
2,900,error,adaptive-aimbot,flick,-93.02607645808398,0.7154,1
2,900,error,adaptive-aimbot,flick,-94.42380435436121,0.7354,1
2,900,error,adaptive-aimbot,flick,-95.87613600618008,0.7556,1
2,900,error,adaptive-aimbot,flick,-97.44344603444853,0.7758,1
2,900,error,adaptive-aimbot,flick,-98.87093974821207,0.796,1
2,900,error,adaptive-aimbot,flick,-100.68693433724128,0.8162,1
2,900,error,adaptive-aimbot,flick,-102.49524333088299,0.8362,1
2,900,error,adaptive-aimbot,flick,-104.09629709666949,0.8564,1
2,900,error,adaptive-aimbot,flick,-106.40056618925361,0.8766,1
2,900,error,adaptive-aimbot,flick,-109.00233282874528,0.8968,1
2,900,error,adaptive-aimbot,flick,-112.39840328128098,0.917,1
2,900,error,adaptive-aimbot,flick,-115.89411754078516,0.937,1
2,900,error,adaptive-aimbot,flick,-120.25070037609588,0.9572,1
2,900,error,adaptive-aimbot,flick,-125.56302968734452,0.9774,1
2,900,error,adaptive-aimbot,flick,-143.92771095920068,0.9976,1
2,900,error,adaptive-aimbot,flick,-inf,1,1
2,900,error,smoothing-aimbot,flick,inf,0,0
2,900,error,smoothing-aimbot,flick,-14.90659023159912,0,0
2,900,error,smoothing-aimbot,flick,-16.501606152573192,0.0002,0
2,900,error,smoothing-aimbot,flick,-17.029909890649133,0.0004,0
2,900,error,smoothing-aimbot,flick,-20.689157759593655,0.0006,0
2,900,error,smoothing-aimbot,flick,-21.915281453866726,0.0008,0
2,900,error,smoothing-aimbot,flick,-24.75889585008436,0.001,0
2,900,error,smoothing-aimbot,flick,-25.349733619121796,0.0012,0
2,900,error,smoothing-aimbot,flick,-25.701921546225226,0.0014,0
2,900,error,smoothing-aimbot,flick,-25.756054139741924,0.0016,0
2,900,error,smoothing-aimbot,flick,-26.292160596964354,0.0018,0
2,900,error,smoothing-aimbot,flick,-27.053666298920536,0.002,0
2,900,error,smoothing-aimbot,flick,-27.59006754274769,0.0022,0
2,900,error,smoothing-aimbot,flick,-27.867556878359164,0.0024,0
2,900,error,smoothing-aimbot,flick,-27.943323414332717,0.0026,0
2,900,error,smoothing-aimbot,flick,-28.632269445400276,0.0028,0
2,900,error,smoothing-aimbot,flick,-28.811897387201878,0.003,0
2,900,error,smoothing-aimbot,flick,-28.82313797912255,0.0032,0
2,900,error,smoothing-aimbot,flick,-28.85178606746168,0.0034,0
2,900,error,smoothing-aimbot,flick,-29.752759378909705,0.0036,0
2,900,error,smoothing-aimbot,flick,-29.78868252952074,0.0038,0
2,900,error,smoothing-aimbot,flick,-29.87439104678571,0.004,0
2,900,error,smoothing-aimbot,flick,-30.05093330256637,0.0042,0
2,900,error,smoothing-aimbot,flick,-30.583049736392585,0.0044,0
2,900,error,smoothing-aimbot,flick,-30.75047254348589,0.0046,0
2,900,error,smoothing-aimbot,flick,-30.75945808260179,0.0048,0
2,900,error,smoothing-aimbot,flick,-30.762855137535457,0.005,0
2,900,error,smoothing-aimbot,flick,-30.92795070025435,0.0052,0
2,900,error,smoothing-aimbot,flick,-30.997939701523542,0.0054,0
2,900,error,smoothing-aimbot,flick,-31.007262664667696,0.0056,0
2,900,error,smoothing-aimbot,flick,-31.083333213132548,0.0058,0
2,900,error,smoothing-aimbot,flick,-31.274069124766793,0.006,0
2,900,error,smoothing-aimbot,flick,-31.35003615749034,0.0062,0
2,900,error,smoothing-aimbot,flick,-31.408384595099985,0.0064,0
2,900,error,smoothing-aimbot,flick,-31.57778219051061,0.0066,0
2,900,error,smoothing-aimbot,flick,-31.773410714028557,0.0068,0
2,900,error,smoothing-aimbot,flick,-32.02602957140458,0.007,0
2,900,error,smoothing-aimbot,flick,-32.071227817959034,0.0072,0
2,900,error,smoothing-aimbot,flick,-32.08338966949485,0.0074,0
2,900,error,smoothing-aimbot,flick,-32.17038567190477,0.0076,0
2,900,error,smoothing-aimbot,flick,-32.32167338154536,0.0078,0
2,900,error,smoothing-aimbot,flick,-32.36445891901284,0.008,0
2,900,error,smoothing-aimbot,flick,-32.374963658422985,0.0082,0
2,900,error,smoothing-aimbot,flick,-32.4371952682229,0.0084,0
2,900,error,smoothing-aimbot,flick,-32.70694106205813,0.0086,0
2,900,error,smoothing-aimbot,flick,-32.84330991478212,0.0088,0
2,900,error,smoothing-aimbot,flick,-32.844975183837,0.009,0
2,900,error,smoothing-aimbot,flick,-33.11494972804193,0.0092,0
2,900,error,smoothing-aimbot,flick,-33.16850995121809,0.0094,0
2,900,error,smoothing-aimbot,flick,-33.17385726467969,0.0096,0
2,900,error,smoothing-aimbot,flick,-33.37280975985257,0.0098,0
2,900,error,smoothing-aimbot,flick,-33.45616395642564,0.01,0
2,900,error,smoothing-aimbot,flick,-33.6272936029504,0.0102,0
2,900,error,smoothing-aimbot,flick,-41.039234597453614,0.0302,0
2,900,error,smoothing-aimbot,flick,-44.40368364148367,0.0502,0
2,900,error,smoothing-aimbot,flick,-47.46855927748873,0.0704,0
2,900,error,smoothing-aimbot,flick,-49.94365818838795,0.0906,0
2,900,error,smoothing-aimbot,flick,-51.83311572368845,0.1106,0
2,900,error,smoothing-aimbot,flick,-53.605553131297356,0.1308,0
2,900,error,smoothing-aimbot,flick,-55.45257651715136,0.151,0
2,900,error,smoothing-aimbot,flick,-57.28284738184776,0.171,0
2,900,error,smoothing-aimbot,flick,-59.33188652582024,0.1912,0
2,900,error,smoothing-aimbot,flick,-60.9960083855929,0.2114,0
2,900,error,smoothing-aimbot,flick,-62.335400778288594,0.2316,0
2,900,error,smoothing-aimbot,flick,-63.6589622520565,0.2518,0
2,900,error,smoothing-aimbot,flick,-64.82715375012742,0.272,0
2,900,error,smoothing-aimbot,flick,-66.23578689669321,0.2922,0
2,900,error,smoothing-aimbot,flick,-67.35061936461994,0.3124,0
2,900,error,smoothing-aimbot,flick,-68.89190229672842,0.3326,0
2,900,error,smoothing-aimbot,flick,-70.14530340929818,0.3526,0
2,900,error,smoothing-aimbot,flick,-71.6738986659801,0.3728,0
2,900,error,smoothing-aimbot,flick,-73.03334721643198,0.393,0
2,900,error,smoothing-aimbot,flick,-74.47198021583934,0.4132,0
2,900,error,smoothing-aimbot,flick,-75.6920093246069,0.4334,0
2,900,error,smoothing-aimbot,flick,-76.99367826719322,0.4534,0
2,900,error,smoothing-aimbot,flick,-78.31805130075965,0.4736,0
2,900,error,smoothing-aimbot,flick,-79.3695633377188,0.4938,0
2,900,error,smoothing-aimbot,flick,-80.49039923022553,0.5138,0
2,900,error,smoothing-aimbot,flick,-81.53060985090772,0.5338,0
2,900,error,smoothing-aimbot,flick,-82.81535676862289,0.554,0
2,900,error,smoothing-aimbot,flick,-83.95011869121777,0.5742,0
2,900,error,smoothing-aimbot,flick,-85.09447242843297,0.5944,0
2,900,error,smoothing-aimbot,flick,-86.21402405313802,0.6146,0
2,900,error,smoothing-aimbot,flick,-87.47872067625345,0.6346,0
2,900,error,smoothing-aimbot,flick,-88.7338352165625,0.6548,0
2,900,error,smoothing-aimbot,flick,-90.09670025608281,0.675,0
2,900,error,smoothing-aimbot,flick,-91.53237589820425,0.6952,0
2,900,error,smoothing-aimbot,flick,-93.02607645808398,0.7154,0
2,900,error,smoothing-aimbot,flick,-94.42380435436121,0.7354,0
2,900,error,smoothing-aimbot,flick,-95.87613600618008,0.7556,0
2,900,error,smoothing-aimbot,flick,-97.44344603444853,0.7758,0
2,900,error,smoothing-aimbot,flick,-98.87093974821207,0.796,0
2,900,error,smoothing-aimbot,flick,-100.68693433724128,0.8162,0
2,900,error,smoothing-aimbot,flick,-102.49524333088299,0.8362,0
2,900,error,smoothing-aimbot,flick,-104.09629709666949,0.8564,0
2,900,error,smoothing-aimbot,flick,-106.40056618925361,0.8766,0
2,900,error,smoothing-aimbot,flick,-109.00233282874528,0.8968,0
2,900,error,smoothing-aimbot,flick,-112.39840328128098,0.917,0
2,900,error,smoothing-aimbot,flick,-115.89411754078516,0.937,0
2,900,error,smoothing-aimbot,flick,-120.25070037609588,0.9572,0
2,900,error,smoothing-aimbot,flick,-125.56302968734452,0.9774,0
2,900,error,smoothing-aimbot,flick,-143.92771095920068,0.9976,0
2,900,error,smoothing-aimbot,flick,-inf,1,1
2,900,steps,smoothing-aimbot,flick,inf,0,0
2,900,steps,smoothing-aimbot,flick,1.0456828521100956,0,1
2,900,steps,smoothing-aimbot,flick,0.7840702977259777,0.0002,1
2,900,steps,smoothing-aimbot,flick,0.7434358420886155,0.0004,1
2,900,steps,smoothing-aimbot,flick,0.5998067737600918,0.0006,1
2,900,steps,smoothing-aimbot,flick,0.5264904408864037,0.0008,1
2,900,steps,smoothing-aimbot,flick,0.5258216222783614,0.001,1
2,900,steps,smoothing-aimbot,flick,0.46918921361175503,0.0012,1
2,900,steps,smoothing-aimbot,flick,0.4678908304025253,0.0014,1
2,900,steps,smoothing-aimbot,flick,0.41766573988211325,0.0016,1
2,900,steps,smoothing-aimbot,flick,0.40621854878899466,0.0018,1
2,900,steps,smoothing-aimbot,flick,0.397402951337602,0.002,1
2,900,steps,smoothing-aimbot,flick,0.3959442817467916,0.0022,1
2,900,steps,smoothing-aimbot,flick,0.38903091876755724,0.0024,1
2,900,steps,smoothing-aimbot,flick,0.386867230362902,0.0026,1
2,900,steps,smoothing-aimbot,flick,0.386726874192384,0.0028,1
2,900,steps,smoothing-aimbot,flick,0.3848166443034184,0.003,1
2,900,steps,smoothing-aimbot,flick,0.35672851372071784,0.0032,1
2,900,steps,smoothing-aimbot,flick,0.35641117480267265,0.0034,1
2,900,steps,smoothing-aimbot,flick,0.3560182739580711,0.0036,1
2,900,steps,smoothing-aimbot,flick,0.3331337226648318,0.0038,1
2,900,steps,smoothing-aimbot,flick,0.3259381583120916,0.004,1
2,900,steps,smoothing-aimbot,flick,0.3254938360266083,0.0042,1
2,900,steps,smoothing-aimbot,flick,0.3147481134243283,0.0044,1
2,900,steps,smoothing-aimbot,flick,0.3048505371496935,0.0046,1
2,900,steps,smoothing-aimbot,flick,0.2985137790712595,0.0048,1
2,900,steps,smoothing-aimbot,flick,0.29242322901509626,0.005,1
2,900,steps,smoothing-aimbot,flick,0.27935238541168733,0.0052,1
2,900,steps,smoothing-aimbot,flick,0.274452668937436,0.0054,1
2,900,steps,smoothing-aimbot,flick,0.27358902178362354,0.0056,1
2,900,steps,smoothing-aimbot,flick,0.27009399145919344,0.0058,1
2,900,steps,smoothing-aimbot,flick,0.2664529404044793,0.006,1
2,900,steps,smoothing-aimbot,flick,0.264107841677616,0.0062,1
2,900,steps,smoothing-aimbot,flick,0.2602292829637204,0.0064,1
2,900,steps,smoothing-aimbot,flick,0.25974531404268614,0.0066,1
2,900,steps,smoothing-aimbot,flick,0.2570557053619589,0.0068,1
2,900,steps,smoothing-aimbot,flick,0.2566826968416808,0.007,1
2,900,steps,smoothing-aimbot,flick,0.2538834969337167,0.0072,1
2,900,steps,smoothing-aimbot,flick,0.2526027875943144,0.0074,1
2,900,steps,smoothing-aimbot,flick,0.24452523675365123,0.0076,1
2,900,steps,smoothing-aimbot,flick,0.24317134633143075,0.0078,1
2,900,steps,smoothing-aimbot,flick,0.24280740916697321,0.008,1
2,900,steps,smoothing-aimbot,flick,0.24129059602520192,0.0082,1
2,900,steps,smoothing-aimbot,flick,0.23818116695326827,0.0084,1
2,900,steps,smoothing-aimbot,flick,0.23792943274540307,0.0086,1
2,900,steps,smoothing-aimbot,flick,0.23682474584952565,0.0088,1
2,900,steps,smoothing-aimbot,flick,0.23319630347599404,0.009,1
2,900,steps,smoothing-aimbot,flick,0.23012942931092836,0.0092,1
2,900,steps,smoothing-aimbot,flick,0.23003372752018342,0.0094,1
2,900,steps,smoothing-aimbot,flick,0.2291769054320112,0.0096,1
2,900,steps,smoothing-aimbot,flick,0.22866575002525802,0.0098,1
2,900,steps,smoothing-aimbot,flick,0.22822333624854016,0.01,1
2,900,steps,smoothing-aimbot,flick,0.22720764149068154,0.0102,1
2,900,steps,smoothing-aimbot,flick,0.13054548421593964,0.0302,1
2,900,steps,smoothing-aimbot,flick,0.08903995908684467,0.0502,1
2,900,steps,smoothing-aimbot,flick,0.06648936191773798,0.0704,1
2,900,steps,smoothing-aimbot,flick,0.05148976819720587,0.0906,1
2,900,steps,smoothing-aimbot,flick,0.03968646314625923,0.1106,1
2,900,steps,smoothing-aimbot,flick,0.02941214804229141,0.1308,1
2,900,steps,smoothing-aimbot,flick,0.022872521567869467,0.151,1
2,900,steps,smoothing-aimbot,flick,0.016662947966845438,0.171,1
2,900,steps,smoothing-aimbot,flick,0.010738767447405506,0.1912,1
2,900,steps,smoothing-aimbot,flick,0.007341028571219367,0.2114,1
2,900,steps,smoothing-aimbot,flick,0.004462810500435506,0.2316,1
2,900,steps,smoothing-aimbot,flick,0.002593298987702831,0.2518,1
2,900,steps,smoothing-aimbot,flick,0.001206488919084258,0.272,1
2,900,steps,smoothing-aimbot,flick,0.00028992060149691005,0.2922,1
2,900,steps,smoothing-aimbot,flick,-0.000000008270156743819252,0.6748,1
2,900,steps,smoothing-aimbot,flick,-0.0003308543679265434,0.6948,1
2,900,steps,smoothing-aimbot,flick,-0.0012710734038472533,0.7148,1
2,900,steps,smoothing-aimbot,flick,-0.002777623525987063,0.7348,1
2,900,steps,smoothing-aimbot,flick,-0.004835081462662888,0.7548,1
2,900,steps,smoothing-aimbot,flick,-0.007618625532491407,0.7748,1
2,900,steps,smoothing-aimbot,flick,-0.010647640968950945,0.795,1
2,900,steps,smoothing-aimbot,flick,-0.014762760858280669,0.8152,1
2,900,steps,smoothing-aimbot,flick,-0.019209214660856046,0.8352,1
2,900,steps,smoothing-aimbot,flick,-0.02685751025550191,0.8554,1
2,900,steps,smoothing-aimbot,flick,-0.035509799572267735,0.8756,1
2,900,steps,smoothing-aimbot,flick,-0.047294019530254895,0.8958,1
2,900,steps,smoothing-aimbot,flick,-0.059279097728887786,0.916,1
2,900,steps,smoothing-aimbot,flick,-0.07922820908849389,0.936,1
2,900,steps,smoothing-aimbot,flick,-0.1095488386265831,0.9562,1
2,900,steps,smoothing-aimbot,flick,-0.16441455906410735,0.9764,1
2,900,steps,smoothing-aimbot,flick,-0.3655140013907408,0.9966,1
2,900,steps,smoothing-aimbot,flick,-inf,1,1
2,900,error,fast-adaptive-aimbot,flick,inf,0,0
2,900,error,fast-adaptive-aimbot,flick,-14.90659023159912,0,0
2,900,error,fast-adaptive-aimbot,flick,-16.501606152573192,0.0002,0
2,900,error,fast-adaptive-aimbot,flick,-17.029909890649133,0.0004,0
2,900,error,fast-adaptive-aimbot,flick,-20.689157759593655,0.0006,0
2,900,error,fast-adaptive-aimbot,flick,-21.915281453866726,0.0008,0
2,900,error,fast-adaptive-aimbot,flick,-24.75889585008436,0.001,0
2,900,error,fast-adaptive-aimbot,flick,-25.349733619121796,0.0012,0
2,900,error,fast-adaptive-aimbot,flick,-25.701921546225226,0.0014,0
2,900,error,fast-adaptive-aimbot,flick,-25.756054139741924,0.0016,0
2,900,error,fast-adaptive-aimbot,flick,-26.292160596964354,0.0018,0
2,900,error,fast-adaptive-aimbot,flick,-27.053666298920536,0.002,0
2,900,error,fast-adaptive-aimbot,flick,-27.59006754274769,0.0022,0
2,900,error,fast-adaptive-aimbot,flick,-27.867556878359164,0.0024,0
2,900,error,fast-adaptive-aimbot,flick,-27.943323414332717,0.0026,0
2,900,error,fast-adaptive-aimbot,flick,-28.632269445400276,0.0028,0
2,900,error,fast-adaptive-aimbot,flick,-28.811897387201878,0.003,0
2,900,error,fast-adaptive-aimbot,flick,-28.82313797912255,0.0032,0
2,900,error,fast-adaptive-aimbot,flick,-28.85178606746168,0.0034,0
2,900,error,fast-adaptive-aimbot,flick,-29.752759378909705,0.0036,0
2,900,error,fast-adaptive-aimbot,flick,-29.78868252952074,0.0038,0
2,900,error,fast-adaptive-aimbot,flick,-29.87439104678571,0.004,0
2,900,error,fast-adaptive-aimbot,flick,-30.05093330256637,0.0042,0
2,900,error,fast-adaptive-aimbot,flick,-30.583049736392585,0.0044,0
2,900,error,fast-adaptive-aimbot,flick,-30.75047254348589,0.0046,0
2,900,error,fast-adaptive-aimbot,flick,-30.75945808260179,0.0048,0
2,900,error,fast-adaptive-aimbot,flick,-30.762855137535457,0.005,0
2,900,error,fast-adaptive-aimbot,flick,-30.92795070025435,0.0052,0
2,900,error,fast-adaptive-aimbot,flick,-30.997939701523542,0.0054,0
2,900,error,fast-adaptive-aimbot,flick,-31.007262664667696,0.0056,0
2,900,error,fast-adaptive-aimbot,flick,-31.083333213132548,0.0058,0
2,900,error,fast-adaptive-aimbot,flick,-31.274069124766793,0.006,0
2,900,error,fast-adaptive-aimbot,flick,-31.35003615749034,0.0062,0
2,900,error,fast-adaptive-aimbot,flick,-31.408384595099985,0.0064,0
2,900,error,fast-adaptive-aimbot,flick,-31.57778219051061,0.0066,0
2,900,error,fast-adaptive-aimbot,flick,-31.773410714028557,0.0068,0
2,900,error,fast-adaptive-aimbot,flick,-32.02602957140458,0.007,0
2,900,error,fast-adaptive-aimbot,flick,-32.071227817959034,0.0072,0
2,900,error,fast-adaptive-aimbot,flick,-32.08338966949485,0.0074,0
2,900,error,fast-adaptive-aimbot,flick,-32.17038567190477,0.0076,0
2,900,error,fast-adaptive-aimbot,flick,-32.32167338154536,0.0078,0
2,900,error,fast-adaptive-aimbot,flick,-32.36445891901284,0.008,0
2,900,error,fast-adaptive-aimbot,flick,-32.374963658422985,0.0082,0
2,900,error,fast-adaptive-aimbot,flick,-32.4371952682229,0.0084,0
2,900,error,fast-adaptive-aimbot,flick,-32.70694106205813,0.0086,0
2,900,error,fast-adaptive-aimbot,flick,-32.84330991478212,0.0088,0
2,900,error,fast-adaptive-aimbot,flick,-32.844975183837,0.009,0
2,900,error,fast-adaptive-aimbot,flick,-33.11494972804193,0.0092,0
2,900,error,fast-adaptive-aimbot,flick,-33.16850995121809,0.0094,0
2,900,error,fast-adaptive-aimbot,flick,-33.17385726467969,0.0096,0
2,900,error,fast-adaptive-aimbot,flick,-33.37280975985257,0.0098,0
2,900,error,fast-adaptive-aimbot,flick,-33.45616395642564,0.01,0
2,900,error,fast-adaptive-aimbot,flick,-33.6272936029504,0.0102,0
2,900,error,fast-adaptive-aimbot,flick,-41.039234597453614,0.0302,0
2,900,error,fast-adaptive-aimbot,flick,-44.40368364148367,0.0502,0
2,900,error,fast-adaptive-aimbot,flick,-47.46855927748873,0.0704,0
2,900,error,fast-adaptive-aimbot,flick,-49.94365818838795,0.0906,0
2,900,error,fast-adaptive-aimbot,flick,-51.83311572368845,0.1106,0
2,900,error,fast-adaptive-aimbot,flick,-53.605553131297356,0.1308,0
2,900,error,fast-adaptive-aimbot,flick,-55.45257651715136,0.151,0
2,900,error,fast-adaptive-aimbot,flick,-57.28284738184776,0.171,0
2,900,error,fast-adaptive-aimbot,flick,-59.33188652582024,0.1912,0
2,900,error,fast-adaptive-aimbot,flick,-60.9960083855929,0.2114,0
2,900,error,fast-adaptive-aimbot,flick,-62.335400778288594,0.2316,0
2,900,error,fast-adaptive-aimbot,flick,-63.6589622520565,0.2518,0
2,900,error,fast-adaptive-aimbot,flick,-64.82715375012742,0.272,0
2,900,error,fast-adaptive-aimbot,flick,-66.23578689669321,0.2922,0
2,900,error,fast-adaptive-aimbot,flick,-67.35061936461994,0.3124,0
2,900,error,fast-adaptive-aimbot,flick,-68.89190229672842,0.3326,0
2,900,error,fast-adaptive-aimbot,flick,-70.14530340929818,0.3526,0
2,900,error,fast-adaptive-aimbot,flick,-71.6738986659801,0.3728,0
2,900,error,fast-adaptive-aimbot,flick,-73.03334721643198,0.393,0
2,900,error,fast-adaptive-aimbot,flick,-74.47198021583934,0.4132,0
2,900,error,fast-adaptive-aimbot,flick,-75.6920093246069,0.4334,0
2,900,error,fast-adaptive-aimbot,flick,-76.99367826719322,0.4534,0
2,900,error,fast-adaptive-aimbot,flick,-78.31805130075965,0.4736,0
2,900,error,fast-adaptive-aimbot,flick,-79.3695633377188,0.4938,0
2,900,error,fast-adaptive-aimbot,flick,-80.49039923022553,0.5138,0
2,900,error,fast-adaptive-aimbot,flick,-81.53060985090772,0.5338,0
2,900,error,fast-adaptive-aimbot,flick,-82.81535676862289,0.554,0
2,900,error,fast-adaptive-aimbot,flick,-83.95011869121777,0.5742,0
2,900,error,fast-adaptive-aimbot,flick,-85.09447242843297,0.5944,0
2,900,error,fast-adaptive-aimbot,flick,-86.21402405313802,0.6146,0
2,900,error,fast-adaptive-aimbot,flick,-87.47872067625345,0.6346,0
2,900,error,fast-adaptive-aimbot,flick,-88.7338352165625,0.6548,0
2,900,error,fast-adaptive-aimbot,flick,-90.09670025608281,0.675,0
2,900,error,fast-adaptive-aimbot,flick,-91.53237589820425,0.6952,0
2,900,error,fast-adaptive-aimbot,flick,-93.02607645808398,0.7154,0
2,900,error,fast-adaptive-aimbot,flick,-94.42380435436121,0.7354,0
2,900,error,fast-adaptive-aimbot,flick,-95.87613600618008,0.7556,0
2,900,error,fast-adaptive-aimbot,flick,-97.44344603444853,0.7758,0
2,900,error,fast-adaptive-aimbot,flick,-98.87093974821207,0.796,0
2,900,error,fast-adaptive-aimbot,flick,-100.68693433724128,0.8162,0
2,900,error,fast-adaptive-aimbot,flick,-102.49524333088299,0.8362,0
2,900,error,fast-adaptive-aimbot,flick,-104.09629709666949,0.8564,0
2,900,error,fast-adaptive-aimbot,flick,-106.40056618925361,0.8766,0
2,900,error,fast-adaptive-aimbot,flick,-109.00233282874528,0.8968,0
2,900,error,fast-adaptive-aimbot,flick,-112.39840328128098,0.917,0
2,900,error,fast-adaptive-aimbot,flick,-115.89411754078516,0.937,0
2,900,error,fast-adaptive-aimbot,flick,-120.25070037609588,0.9572,0
2,900,error,fast-adaptive-aimbot,flick,-125.56302968734452,0.9774,0
2,900,error,fast-adaptive-aimbot,flick,-143.92771095920068,0.9976,0
2,900,error,fast-adaptive-aimbot,flick,-inf,1,1
